-- phpMyAdmin SQL Dump
-- version 5.1.1
-- https://www.phpmyadmin.net/
--
-- Servidor: localhost
-- Tiempo de generación: 05-06-2022 a las 19:20:56
-- Versión del servidor: 10.3.34-MariaDB-0ubuntu0.20.04.1
-- Versión de PHP: 7.4.3

SET SQL_MODE = "NO_AUTO_VALUE_ON_ZERO";
START TRANSACTION;
SET time_zone = "+00:00";


/*!40101 SET @OLD_CHARACTER_SET_CLIENT=@@CHARACTER_SET_CLIENT */;
/*!40101 SET @OLD_CHARACTER_SET_RESULTS=@@CHARACTER_SET_RESULTS */;
/*!40101 SET @OLD_COLLATION_CONNECTION=@@COLLATION_CONNECTION */;
/*!40101 SET NAMES utf8mb4 */;

--
-- Base de datos: `medicina_archivo_docente`
--

-- --------------------------------------------------------

--
-- Estructura de tabla para la tabla `actividad_academica`
--

CREATE TABLE `actividad_academica` (
  `id_actividad_academica` int(11) NOT NULL,
  `id_docente` int(11) NOT NULL,
  `id_actividad_academica_tipo` int(11) NOT NULL,
  `nombre_actividad_academica` varchar(250) DEFAULT NULL,
  `gestion` smallint(6) DEFAULT NULL,
  `archivo_digital` varchar(250) DEFAULT NULL,
  `estado` enum('PENDIENTE','APROBADO') DEFAULT 'PENDIENTE'
) ENGINE=InnoDB DEFAULT CHARSET=utf8;

--
-- Volcado de datos para la tabla `actividad_academica`
--

INSERT INTO `actividad_academica` (`id_actividad_academica`, `id_docente`, `id_actividad_academica_tipo`, `nombre_actividad_academica`, `gestion`, `archivo_digital`, `estado`) VALUES
(1, 1, 2, 'dfghjkdfhsg', 1, 'MAPA_CONCEPTUAL_GUIA_DEL_DOCENTE_PARAEL_DESARROLLO_DE_COMPETENCIAS.pdf', 'PENDIENTE'),
(2, 10, 2, 'dfghjkdfhsg', 2018, 'MAPA_CONCEPTUAL_GUIA_DEL_DOCENTE_PARAEL_DESARROLLO_DE_COMPETENCIAS-06e8d.pdf', 'PENDIENTE'),
(3, 10, 3, 'dfghjkdfhsg', 2018, 'Comprobante-7.pdf', 'PENDIENTE');

-- --------------------------------------------------------

--
-- Estructura de tabla para la tabla `actividad_academica_tipo`
--

CREATE TABLE `actividad_academica_tipo` (
  `id_actividad_academica_tipo` int(11) NOT NULL,
  `nombre_actividad_academica_tipo` varchar(45) DEFAULT NULL,
  `descripcion_actividad_academica_tipo` varchar(550) DEFAULT NULL
) ENGINE=InnoDB DEFAULT CHARSET=utf8;

--
-- Volcado de datos para la tabla `actividad_academica_tipo`
--

INSERT INTO `actividad_academica_tipo` (`id_actividad_academica_tipo`, `nombre_actividad_academica_tipo`, `descripcion_actividad_academica_tipo`) VALUES
(1, 'TUTORIAS', NULL),
(2, 'INTERACCION SOCIAL', NULL),
(3, 'ACESORIA', NULL);

-- --------------------------------------------------------

--
-- Estructura de tabla para la tabla `asignacion`
--

CREATE TABLE `asignacion` (
  `id_asignacion` int(11) NOT NULL,
  `id_gestion` int(11) NOT NULL,
  `id_asignatura` int(11) NOT NULL,
  `id_docente` int(11) DEFAULT NULL,
  `siacop_id_persona` int(11) NOT NULL,
  `paralelo` char(10) DEFAULT NULL,
  `turno` char(1) DEFAULT NULL,
  `horas_asignadas` int(11) DEFAULT NULL,
  `categoria` varchar(50) DEFAULT NULL,
  `nombramiento` varchar(100) DEFAULT NULL,
  `nombramiento_archivo_digital` varchar(250) DEFAULT NULL,
  `evaluacion_nota` tinyint(3) DEFAULT NULL,
  `evaluacion_archivo_digital` varchar(250) DEFAULT NULL,
  `estado` enum('PENDIENTE','APROBADO') DEFAULT 'PENDIENTE',
  `nombre_sede` varchar(100) DEFAULT NULL,
  `siacop_id_asignacion_docente` int(11) DEFAULT NULL,
  `siacop_id_asignacion` int(11) DEFAULT NULL,
  `siacop_id_gestion` int(11) DEFAULT NULL,
  `siacop_gestion` char(50) DEFAULT NULL
) ENGINE=InnoDB DEFAULT CHARSET=utf8;

--
-- Volcado de datos para la tabla `asignacion`
--

INSERT INTO `asignacion` (`id_asignacion`, `id_gestion`, `id_asignatura`, `id_docente`, `siacop_id_persona`, `paralelo`, `turno`, `horas_asignadas`, `categoria`, `nombramiento`, `nombramiento_archivo_digital`, `evaluacion_nota`, `evaluacion_archivo_digital`, `estado`, `nombre_sede`, `siacop_id_asignacion_docente`, `siacop_id_asignacion`, `siacop_id_gestion`, `siacop_gestion`) VALUES
(1, 1, 2549, 63, 1276, 'PH', 'M', 40, 'INTERINO', 'MED.VILESP.14.97.MED-600.6.M.PH / 1.', NULL, NULL, '', 'PENDIENTE', 'VILLA ESPERANZA', 44886, 39203, 54, '2015'),
(2, 1, 814, 57, 808, 'G', 'T', 40, 'CONTRATADO', 'MED.VILESP.14.97.MED - 100.1.T.G / 1.', NULL, NULL, '', 'PENDIENTE', 'VILLA ESPERANZA', 46061, 38389, 54, '2015'),
(3, 1, 816, 29, 372, 'C', 'M', 20, 'CONTRATADO', 'MED.VILESP.14.97.MED - 102.1.M.C / 4.', NULL, NULL, '', 'PENDIENTE', 'VILLA ESPERANZA', 46070, 40291, 54, '2015'),
(4, 1, 816, 4, 74, 'B', 'M', 20, 'CONTRATADO', 'MED.VILESP.14.97.MED - 102.1.M.B / 9.', NULL, NULL, '', 'PENDIENTE', 'VILLA ESPERANZA', 46071, 40293, 54, '2015'),
(5, 1, 814, 55, 797, 'M', 'M', 40, 'CONTRATADO', 'MED.VILESP.14.97.MED - 100.1.M.M / 11.', NULL, NULL, '', 'PENDIENTE', 'VILLA ESPERANZA', 46073, 40296, 54, '2015'),
(6, 1, 815, 38, 488, 'B', 'M', 20, 'CONTRATADO', 'MED.VILESP.14.97.MED - 101.1.M.B / 14.', NULL, NULL, '', 'PENDIENTE', 'VILLA ESPERANZA', 46074, 40301, 54, '2015'),
(7, 1, 1365, 3, 48, 'PH', 'M', 40, 'CONTRATADO', 'MED.VILESP.14.97.MED-502.5.M.PH / 44.', NULL, NULL, '', 'PENDIENTE', 'VILLA ESPERANZA', 46075, 40390, 54, '2015'),
(8, 1, 1362, 53, 755, 'PH', 'M', 40, 'CONTRATADO', 'MED.VILESP.14.97.MED-501.5.M.PH / 34.', NULL, NULL, '', 'PENDIENTE', 'VILLA ESPERANZA', 46077, 40388, 54, '2015'),
(9, 1, 1360, 32, 406, 'PH', 'M', 40, 'CONTRATADO', 'MED.VILESP.14.97.MED-501.5.M.PH / 23.', NULL, NULL, '', 'PENDIENTE', 'VILLA ESPERANZA', 46080, 40385, 54, '2015'),
(10, 1, 821, 37, 485, 'C', 'M', 20, 'CONTRATADO', 'MED.VILESP.14.97.MED - 201.2.M.C / 5.', NULL, NULL, '', 'PENDIENTE', 'VILLA ESPERANZA', 46081, 40309, 54, '2015'),
(11, 1, 839, 28, 368, 'A', 'T', 24, 'CONTRATADO', 'MED.VILESP.14.97.MED - 504.5.T.A / 16.', NULL, NULL, '', 'PENDIENTE', 'VILLA ESPERANZA', 46082, 40383, 54, '2015'),
(12, 1, 820, 70, 1290, 'A', 'M', 20, 'CONTRATADO', 'MED.VILESP.14.97.MED - 203.2.M.A / 12.', NULL, NULL, '', 'PENDIENTE', 'VILLA ESPERANZA', 46083, 40310, 54, '2015'),
(13, 1, 821, 15, 229, 'A', 'M', 20, 'CONTRATADO', 'MED.VILESP.14.97.MED - 201.2.M.A / 18.', NULL, NULL, '', 'PENDIENTE', 'VILLA ESPERANZA', 46084, 40311, 54, '2015'),
(14, 1, 821, 15, 229, 'G', 'M', 20, 'CONTRATADO', 'MED.VILESP.14.97.MED - 201.2.M.G / 19.', NULL, NULL, '', 'PENDIENTE', 'VILLA ESPERANZA', 46085, 40313, 54, '2015'),
(15, 1, 838, 52, 748, 'PH', 'M', 40, 'CONTRATADO', 'MED.VILESP.14.97.MED - 503.5.M.PH / 3.', NULL, NULL, '', 'PENDIENTE', 'VILLA ESPERANZA', 46086, 40381, 54, '2015'),
(16, 1, 820, 22, 309, 'F', 'M', 20, 'CONTRATADO', 'MED.VILESP.14.97.MED - 203.2.M.F / 22.', NULL, NULL, '', 'PENDIENTE', 'VILLA ESPERANZA', 46087, 40315, 54, '2015'),
(17, 1, 819, 63, 1276, 'C', 'M', 20, 'CONTRATADO', 'MED.VILESP.14.97.MED - 202.2.M.C / 26.', NULL, NULL, '', 'PENDIENTE', 'VILLA ESPERANZA', 46088, 40316, 54, '2015'),
(18, 1, 1362, 59, 1267, 'PH', 'M', 40, 'CONTRATADO', 'MED.VILESP.14.97.MED-501.5.M.PH / 2.', NULL, NULL, '', 'PENDIENTE', 'VILLA ESPERANZA', 46089, 40379, 54, '2015'),
(19, 1, 819, 6, 124, 'F', 'T', 20, 'CONTRATADO', 'MED.VILESP.14.97.MED - 202.2.T.F / 30.', NULL, NULL, '', 'PENDIENTE', 'VILLA ESPERANZA', 46090, 40318, 54, '2015'),
(20, 1, 818, 44, 629, 'G', 'T', 28, 'CONTRATADO', 'MED.VILESP.14.97.MED - 200.2.T.G / 32.', NULL, NULL, '', 'PENDIENTE', 'VILLA ESPERANZA', 46091, 40320, 54, '2015'),
(21, 1, 818, 48, 681, 'A', 'T', 28, 'CONTRATADO', 'MED.VILESP.14.97.MED - 200.2.T.A / 43.', NULL, NULL, '', 'PENDIENTE', 'VILLA ESPERANZA', 46094, 40324, 54, '2015'),
(22, 1, 824, 8, 169, 'A', 'T', 24, 'CONTRATADO', 'MED.VILESP.14.97.MED - 302.3.T.A / 6.', NULL, NULL, '', 'PENDIENTE', 'VILLA ESPERANZA', 46095, 40326, 54, '2015'),
(23, 1, 1347, 79, 1396, 'PH', 'M', 40, 'CONTRATADO', 'MED.VILESP.14.97.MED-400 .4.M.PH / 40.', NULL, NULL, '', 'PENDIENTE', 'VILLA ESPERANZA', 46096, 40373, 54, '2015'),
(24, 1, 1344, 24, 328, 'PH', 'M', 40, 'CONTRATADO', 'MED.VILESP.14.97.MED-301-03.3.M.PH / 10.', NULL, NULL, '', 'PENDIENTE', 'VILLA ESPERANZA', 46097, 40327, 54, '2015'),
(25, 1, 827, 40, 534, 'PH', 'M', 20, 'CONTRATADO', 'MED.VILESP.14.97.MED - 304.3.M.PH / 17.', NULL, NULL, '', 'PENDIENTE', 'VILLA ESPERANZA', 46098, 40328, 54, '2015'),
(26, 1, 1345, 23, 313, 'PH', 'M', 40, 'CONTRATADO', 'MED.VILESP.14.97.MED-400 .4.M.PH / 35.', NULL, NULL, '', 'PENDIENTE', 'VILLA ESPERANZA', 46099, 40372, 54, '2015'),
(27, 1, 1342, 46, 641, 'PH', 'M', 40, 'CONTRATADO', 'MED.VILESP.14.97.MED-301-01.3.M.PH / 20.', NULL, NULL, '', 'PENDIENTE', 'VILLA ESPERANZA', 46100, 40341, 54, '2015'),
(28, 1, 824, 56, 800, 'D', 'M', 24, 'CONTRATADO', 'MED.VILESP.14.97.MED - 302.3.M.D / 21.', NULL, NULL, '', 'PENDIENTE', 'VILLA ESPERANZA', 46101, 40332, 54, '2015'),
(29, 1, 824, 21, 277, 'B', 'T', 24, 'CONTRATADO', 'MED.VILESP.14.97.MED - 302.3.T.B / 27.', NULL, NULL, '', 'PENDIENTE', 'VILLA ESPERANZA', 46102, 40333, 54, '2015'),
(30, 1, 1352, 44, 629, 'PH', 'M', 40, 'CONTRATADO', 'MED.VILESP.14.97.MED-401 .4.M.PH / 33.', NULL, NULL, '', 'PENDIENTE', 'VILLA ESPERANZA', 46103, 40371, 54, '2015'),
(31, 1, 1342, 14, 228, 'PH', 'M', 40, 'CONTRATADO', 'MED.VILESP.14.97.MED-301-01.3.M.PH / 29.', NULL, NULL, '', 'PENDIENTE', 'VILLA ESPERANZA', 46104, 40331, 54, '2015'),
(32, 1, 1342, 27, 359, 'PH', 'M', 40, 'CONTRATADO', 'MED.VILESP.14.97.MED-301-01.3.M.PH / 31.', NULL, NULL, '', 'PENDIENTE', 'VILLA ESPERANZA', 46106, 40338, 54, '2015'),
(33, 1, 1349, 33, 442, 'PH', 'M', 40, 'CONTRATADO', 'MED.VILESP.14.97.MED-400 .4.M.PH / 28.', NULL, NULL, '', 'PENDIENTE', 'VILLA ESPERANZA', 46107, 40370, 54, '2015'),
(34, 1, 831, 91, 1708, 'PH', 'M', 40, 'CONTRATADO', 'MED.VILESP.14.97.MED - 402.4.M.PH / 15.', NULL, NULL, '', 'PENDIENTE', 'VILLA ESPERANZA', 46110, 40366, 54, '2015'),
(35, 1, 831, 51, 736, 'PH', 'M', 40, 'CONTRATADO', 'MED.VILESP.14.97.MED - 402.4.M.PH / 13.', NULL, NULL, '', 'PENDIENTE', 'VILLA ESPERANZA', 46112, 40368, 54, '2015'),
(36, 1, 1348, 1, 6, 'PH', 'M', 40, 'CONTRATADO', 'MED.VILESP.14.97.MED-400 .4.M.PH / 8.', NULL, NULL, '', 'PENDIENTE', 'VILLA ESPERANZA', 46113, 40365, 54, '2015'),
(37, 1, 833, 31, 390, 'PH', 'M', 40, 'CONTRATADO', 'MED.VILESP.14.97.MED - 404.4.M.PH / 7.', NULL, NULL, '', 'PENDIENTE', 'VILLA ESPERANZA', 46114, 40363, 54, '2015'),
(38, 1, 1346, 7, 139, 'PH', 'M', 40, 'CONTRATADO', 'MED.VILESP.14.97.MED-400 .4.M.PH / 41.', NULL, NULL, '', 'PENDIENTE', 'VILLA ESPERANZA', 46120, 40376, 54, '2015'),
(39, 1, 834, 2, 46, 'PH', 'T', 24, 'CONTRATADO', 'MED.VILESP.14.97.MED - 405.4.T.PH / 46.', NULL, NULL, '', 'PENDIENTE', 'VILLA ESPERANZA', 46134, 40377, 54, '2015'),
(40, 1, 816, 35, 475, 'D', 'T', 20, 'CONTRATADO', 'MED.VILESP.14.97.MED - 102.1.T.D / 25.', NULL, NULL, '', 'PENDIENTE', 'VILLA ESPERANZA', 46175, 40304, 54, '2015'),
(41, 1, 816, 35, 475, 'F', 'T', 20, 'CONTRATADO', 'MED.VILESP.14.97.MED - 102.1.T.F / 24.', NULL, NULL, '', 'PENDIENTE', 'VILLA ESPERANZA', 46177, 40306, 54, '2015'),
(42, 1, 815, 16, 232, 'F', 'T', 20, 'CONTRATADO', 'MED.VILESP.14.97.MED - 101.1.T.F / 42.', NULL, NULL, '', 'PENDIENTE', 'VILLA ESPERANZA', 46178, 40307, 54, '2015'),
(43, 1, 817, 12, 204, 'D', 'T', 16, 'CONTRATADO', 'MED.VILESP.14.97.MED - 103.1.T.D / 45.', NULL, NULL, '', 'PENDIENTE', 'VILLA ESPERANZA', 46179, 40308, 54, '2015'),
(44, 1, 819, 43, 590, 'B', 'M', 20, 'CONTRATADO', 'MED.VILESP.14.97.MED - 202.2.M.B / 39.', NULL, NULL, '', 'PENDIENTE', 'VILLA ESPERANZA', 46181, 40322, 54, '2015'),
(45, 1, 823, 13, 227, 'E', 'T', 24, 'CONTRATADO', 'MED.VILESP.14.97.MED - 300.3.T.E / 36.', NULL, NULL, '', 'PENDIENTE', 'VILLA ESPERANZA', 46182, 40346, 54, '2015'),
(46, 1, 823, 13, 227, 'F', 'T', 24, 'CONTRATADO', 'MED.VILESP.14.97.MED - 300.3.T.F / 37.', NULL, NULL, '', 'PENDIENTE', 'VILLA ESPERANZA', 46184, 40348, 54, '2015'),
(47, 1, 825, 90, 1706, 'F', 'T', 24, 'CONTRATADO', 'MED.VILESP.14.97.MED - 303.3.T.F / 47.', NULL, NULL, '', 'PENDIENTE', 'VILLA ESPERANZA', 46185, 40359, 54, '2015'),
(48, 1, 814, 58, 1251, 'K', 'N', 40, 'CONTRATADO', 'MED.VILESP.14.97.MED - 100.1.N.K / 38.', NULL, NULL, '', 'PENDIENTE', 'VILLA ESPERANZA', 46187, 40690, 54, '2015'),
(49, 1, 817, 129, 3868, 'G', 'M', 12, 'INVITADO', 'MED.VILESP.14.97.MED - 103.1.M.G / 8.', NULL, NULL, '', 'PENDIENTE', 'VILLA ESPERANZA', 46188, 40692, 54, '2015'),
(50, 1, 818, 125, 3497, 'C', 'T', 18, 'INVITADO', 'MED.VILESP.14.97.MED - 200.2.T.C / 6.', NULL, NULL, '', 'PENDIENTE', 'VILLA ESPERANZA', 46189, 40691, 54, '2015'),
(51, 1, 819, 78, 1383, 'E', 'M', 10, 'INVITADO', 'MED.VILESP.14.97.MED - 202.2.M.E / 12.', NULL, NULL, '', 'PENDIENTE', 'VILLA ESPERANZA', 46190, 40693, 54, '2015'),
(52, 1, 814, 26, 351, 'C', 'M', 35, 'CONTRATADO', 'MED.VILESP.14.97.MED - 100.1.M.C / 58.', NULL, NULL, '', 'PENDIENTE', 'VILLA ESPERANZA', 47195, 41449, 54, '2015'),
(53, 1, 814, 54, 776, 'B', 'T', 35, 'CONTRATADO', 'MED.VILESP.14.97.MED - 100.1.T.B / 53.', NULL, NULL, '', 'PENDIENTE', 'VILLA ESPERANZA', 47197, 41448, 54, '2015'),
(54, 1, 819, 43, 590, 'A', 'T', 20, 'CONTRATADO', 'MED.VILESP.14.97.MED - 202.2.T.A / 54.', NULL, NULL, '', 'PENDIENTE', 'VILLA ESPERANZA', 47199, 41454, 54, '2015'),
(55, 1, 822, 41, 574, 'A', 'M', 20, 'CONTRATADO', 'MED.VILESP.14.97.MED - 204.2.M.A / 49.', NULL, NULL, '', 'PENDIENTE', 'VILLA ESPERANZA', 47200, 41451, 54, '2015'),
(56, 1, 820, 114, 3299, 'B', 'T', 18, 'CONTRATADO', 'MED.VILESP.14.97.MED - 203.2.T.B / 48.', NULL, NULL, '', 'PENDIENTE', 'VILLA ESPERANZA', 47211, 41452, 54, '2015'),
(57, 1, 822, 68, 1282, 'C', 'T', 15, 'CONTRATADO', 'MED.VILESP.14.97.MED - 204.2.T.C / 55.', NULL, NULL, '', 'PENDIENTE', 'VILLA ESPERANZA', 47215, 41453, 54, '2015'),
(58, 1, 827, 149, 4488, 'PH', 'M', 20, 'CONTRATADO', 'MED.VILESP.14.97.MED - 304.3.M.PH / 60.', NULL, NULL, '', 'PENDIENTE', 'VILLA ESPERANZA', 47219, 41455, 54, '2015'),
(59, 1, 1358, 105, 2314, 'PH', 'M', 34, 'CONTRATADO', 'MED.VILESP.14.97.MED-500.5.M.PH / 59.', NULL, NULL, '', 'PENDIENTE', 'VILLA ESPERANZA', 47224, 41469, 54, '2015'),
(60, 1, 1365, 9, 177, 'PH', 'M', 34, 'CONTRATADO', 'MED.VILESP.14.97.MED-502.5.M.PH / 50.', NULL, NULL, '', 'PENDIENTE', 'VILLA ESPERANZA', 47225, 41473, 54, '2015'),
(61, 1, 815, 16, 232, 'A', 'M', 15, 'CONTRATADO', 'MED.VILESP.14.97.MED - 101.1.M.A / 56.', NULL, NULL, '', 'PENDIENTE', 'VILLA ESPERANZA', 47403, 41450, 54, '2015'),
(62, 1, 816, 83, 1472, 'A', 'T', 15, 'CONTRATADO', 'MED.VILESP.14.97.MED - 102.1.T.A / 51.', NULL, NULL, '', 'PENDIENTE', 'VILLA ESPERANZA', 47405, 41445, 54, '2015'),
(63, 1, 817, 45, 630, 'A', 'M', 12, 'CONTRATADO', 'MED.VILESP.14.97.MED - 103.1.M.A / 52.', NULL, NULL, '', 'PENDIENTE', 'VILLA ESPERANZA', 47408, 41446, 54, '2015'),
(64, 1, 825, 20, 268, 'G', 'T', 18, 'CONTRATADO', 'MED.VILESP.14.97.MED - 303.3.T.G / 57.', NULL, NULL, '', 'PENDIENTE', 'VILLA ESPERANZA', 47410, 41467, 54, '2015'),
(65, 1, 817, 84, 1475, 'F', 'T', 16, 'INVITADO', 'MED.VILESP.14.97.MED - 103.1.T.F / 4.', NULL, NULL, '', 'PENDIENTE', 'VILLA ESPERANZA', 47593, 41684, 54, '2015'),
(66, 1, 816, 103, 2246, 'J', 'T', 17, 'INVITADO', NULL, NULL, NULL, '', 'PENDIENTE', 'VILLA ESPERANZA', 47594, 41685, 54, '2015'),
(67, 1, 814, 36, 477, 'J', 'T', 35, 'INVITADO', 'MED.VILESP.14.97.MED - 100.1.T.J / 14.', NULL, NULL, '', 'PENDIENTE', 'VILLA ESPERANZA', 47596, 41686, 54, '2015'),
(68, 1, 814, 5, 115, 'F', 'T', 35, 'INVITADO', 'MED.VILESP.14.97.MED - 100.1.T.F / 18.', NULL, NULL, '', 'PENDIENTE', 'VILLA ESPERANZA', 47599, 41697, 54, '2015'),
(69, 1, 817, 99, 1852, 'C', 'T', 16, 'INVITADO', 'MED.VILESP.14.97.MED - 103.1.T.C / 86.', NULL, NULL, '', 'PENDIENTE', 'VILLA ESPERANZA', 47600, 41688, 54, '2015'),
(70, 1, 814, 152, 4633, 'A', 'M', 35, 'INVITADO', 'MED.VILESP.14.97.MED - 100.1.M.A / 35.', NULL, NULL, '', 'PENDIENTE', 'VILLA ESPERANZA', 47601, 41694, 54, '2015'),
(71, 1, 816, 134, 4368, 'I', 'T', 15, 'INVITADO', 'MED.VILESP.14.97.MED - 102.1.T.I / 22.', NULL, NULL, '', 'PENDIENTE', 'VILLA ESPERANZA', 47602, 41695, 54, '2015'),
(72, 1, 815, 124, 3496, 'K', 'T', 20, 'INVITADO', NULL, NULL, NULL, '', 'PENDIENTE', 'VILLA ESPERANZA', 47603, 41696, 54, '2015'),
(73, 1, 814, 135, 4380, 'E', 'M', 35, 'INVITADO', 'MED.VILESP.14.97.MED - 100.1.M.E / 24.', NULL, NULL, '', 'PENDIENTE', 'VILLA ESPERANZA', 47604, 41705, 54, '2015'),
(74, 1, 814, 117, 3303, 'O', 'T', 35, 'INVITADO', 'MED.VILESP.14.97.MED - 100.1.T.O / 25.', NULL, NULL, '', 'PENDIENTE', 'VILLA ESPERANZA', 47605, 41698, 54, '2015'),
(75, 1, 816, 144, 4414, 'K', 'T', 15, 'INVITADO', 'MED.VILESP.14.97.MED - 102.1.T.K / 36.', NULL, NULL, '', 'PENDIENTE', 'VILLA ESPERANZA', 47606, 41699, 54, '2015'),
(76, 1, 821, 60, 1268, 'E', 'T', 20, 'INVITADO', 'MED.VILESP.14.97.MED - 201.2.T.E / 72.', NULL, NULL, '', 'PENDIENTE', 'VILLA ESPERANZA', 47607, 41710, 54, '2015'),
(77, 1, 822, 25, 343, 'B', 'T', 15, 'INVITADO', 'MED.VILESP.14.97.MED - 204.2.T.B / 45.', NULL, NULL, '', 'PENDIENTE', 'VILLA ESPERANZA', 47608, 41713, 54, '2015'),
(78, 1, 818, 97, 1764, 'D', 'T', 24, 'INVITADO', 'MED.VILESP.14.97.MED - 200.2.T.D / 7.', NULL, NULL, '', 'PENDIENTE', 'VILLA ESPERANZA', 47609, 41714, 54, '2015'),
(79, 1, 819, 67, 1281, 'D', 'T', 15, 'INVITADO', 'MED.VILESP.14.97.MED - 202.2.T.D / 77.', NULL, NULL, '', 'PENDIENTE', 'VILLA ESPERANZA', 47610, 41715, 54, '2015'),
(80, 1, 818, 86, 1550, 'B', 'T', 21, 'INVITADO', 'MED.VILESP.14.97.MED - 200.2.T.B / 81.', NULL, NULL, '', 'PENDIENTE', 'VILLA ESPERANZA', 47611, 41716, 54, '2015'),
(81, 1, 825, 95, 1760, 'E', 'T', 18, 'INVITADO', 'MED.VILESP.14.97.MED - 303.3.T.E / 9.', NULL, NULL, '', 'PENDIENTE', 'VILLA ESPERANZA', 47614, 41747, 54, '2015'),
(82, 1, 1342, 11, 198, 'PH', 'M', 35, 'INVITADO', 'MED.VILESP.14.97.MED-301-01.3.M.PH / 11.', NULL, NULL, '', 'PENDIENTE', 'VILLA ESPERANZA', 47615, 41728, 54, '2015'),
(83, 1, 827, 147, 4485, 'PH', 'M', 18, 'INVITADO', 'MED.VILESP.14.97.MED - 304.3.M.PH / 73.', NULL, NULL, '', 'PENDIENTE', 'VILLA ESPERANZA', 47616, 41729, 54, '2015'),
(84, 1, 1343, 145, 4461, 'PH', 'M', 35, 'INVITADO', NULL, NULL, NULL, '', 'PENDIENTE', 'VILLA ESPERANZA', 47617, 41730, 54, '2015'),
(85, 1, 823, 132, 4364, 'A', 'M', 20, 'INVITADO', 'MED.VILESP.14.97.MED - 300.3.M.A / 16.', NULL, NULL, '', 'PENDIENTE', 'VILLA ESPERANZA', 47618, 41731, 54, '2015'),
(86, 1, 1342, 131, 4363, 'PH', 'M', 35, 'INVITADO', 'MED.VILESP.14.97.MED-301-01.3.M.PH / 74.', NULL, NULL, '', 'PENDIENTE', 'VILLA ESPERANZA', 47621, 41735, 54, '2015'),
(87, 1, 1344, 18, 256, 'PH', 'M', 35, 'INVITADO', 'MED.VILESP.14.97.MED-301-03.3.M.PH / 79.', NULL, NULL, '', 'PENDIENTE', 'VILLA ESPERANZA', 47623, 41733, 54, '2015'),
(88, 1, 825, 148, 4486, 'A', 'M', 18, 'INVITADO', 'MED.VILESP.14.97.MED - 303.3.M.A / 37.', NULL, NULL, '', 'PENDIENTE', 'VILLA ESPERANZA', 47624, 41734, 54, '2015'),
(89, 1, 1342, 150, 4507, 'PH', 'M', 30, 'INVITADO', 'MED.VILESP.14.97.MED-301-01.3.M.PH / 38.', NULL, NULL, '', 'PENDIENTE', 'VILLA ESPERANZA', 47626, 41738, 54, '2015'),
(90, 1, 823, 139, 4388, 'C', 'M', 21, 'INVITADO', 'MED.VILESP.14.97.MED - 300.3.M.C / 83.', NULL, NULL, '', 'PENDIENTE', 'VILLA ESPERANZA', 47627, 41736, 54, '2015'),
(91, 1, 823, 90, 1706, 'B', 'M', 24, 'INVITADO', 'MED.VILESP.14.97.MED - 300.3.M.B / 29.', NULL, NULL, '', 'PENDIENTE', 'VILLA ESPERANZA', 47629, 41737, 54, '2015'),
(92, 1, 1342, 119, 3308, 'PH', 'M', 30, 'INVITADO', 'MED.VILESP.14.97.MED-301-01.3.M.PH / 39.', NULL, NULL, '', 'PENDIENTE', 'VILLA ESPERANZA', 47630, 41725, 54, '2015'),
(93, 1, 1346, 138, 4387, 'PH', 'M', 40, 'INVITADO', 'MED.VILESP.14.97.MED-400 .4.M.PH / 64.', NULL, NULL, '', 'PENDIENTE', 'VILLA ESPERANZA', 47634, 41739, 54, '2015'),
(94, 1, 1348, 95, 1760, 'PH', 'M', 34, 'INVITADO', 'MED.VILESP.14.97.MED-400 .4.M.PH / 10.', NULL, NULL, '', 'PENDIENTE', 'VILLA ESPERANZA', 47639, 41740, 54, '2015'),
(95, 1, 1351, 72, 1313, 'PH', 'M', 34, 'INVITADO', 'MED.VILESP.14.97.MED-400 .4.M.PH / 13.', NULL, NULL, '', 'PENDIENTE', 'VILLA ESPERANZA', 47640, 41741, 54, '2015'),
(96, 1, 833, 47, 677, 'PH', 'M', 40, 'INVITADO', 'MED.VILESP.14.97.MED - 404.4.M.PH / 55.', NULL, NULL, '', 'PENDIENTE', 'VILLA ESPERANZA', 47641, 41742, 54, '2015'),
(97, 1, 832, 153, 4635, 'PH', 'M', 34, 'INVITADO', 'MED.VILESP.14.97.MED - 403.4.M.PH / 41.', NULL, NULL, '', 'PENDIENTE', 'VILLA ESPERANZA', 47642, 41743, 54, '2015'),
(98, 1, 1347, 92, 1755, 'PH', 'M', 34, 'INVITADO', 'MED.VILESP.14.97.MED-400 .4.M.PH / 75.', NULL, NULL, '', 'PENDIENTE', 'VILLA ESPERANZA', 47643, 41744, 54, '2015'),
(99, 1, 1351, 21, 277, 'PH', 'M', 34, 'INVITADO', NULL, NULL, NULL, '', 'PENDIENTE', 'VILLA ESPERANZA', 47644, 41745, 54, '2015'),
(100, 1, 1350, 102, 2229, 'PH', 'M', 34, 'INVITADO', 'MED.VILESP.14.97.MED-400 .4.M.PH / 21.', NULL, NULL, '', 'PENDIENTE', 'VILLA ESPERANZA', 47645, 41746, 54, '2015'),
(101, 1, 1353, 126, 3521, 'PH', 'M', 40, 'INVITADO', 'MED.VILESP.14.97.MED-401 .4.M.PH / 87.', NULL, NULL, '', 'PENDIENTE', 'VILLA ESPERANZA', 47648, 41761, 54, '2015'),
(102, 1, 1353, 76, 1349, 'PH', 'M', 34, 'INVITADO', 'MED.VILESP.14.97.MED-401 .4.M.PH / 82.', NULL, NULL, '', 'PENDIENTE', 'VILLA ESPERANZA', 47650, 41759, 54, '2015'),
(103, 1, 1349, 111, 2918, 'PH', 'M', 34, 'INVITADO', 'MED.VILESP.14.97.MED-400 .4.M.PH / 40.', NULL, NULL, '', 'PENDIENTE', 'VILLA ESPERANZA', 47651, 41762, 54, '2015'),
(104, 1, 1355, 80, 1456, 'PH', 'M', 34, 'INVITADO', 'MED.VILESP.14.97.MED-500.5.M.PH / 2.', NULL, NULL, '', 'PENDIENTE', 'VILLA ESPERANZA', 47653, 41764, 54, '2015'),
(105, 1, 1355, 80, 1456, 'PH', 'M', 34, 'INVITADO', 'MED.VILESP.14.97.MED-500.5.M.PH / 1.', NULL, NULL, '', 'PENDIENTE', 'VILLA ESPERANZA', 47654, 41765, 54, '2015'),
(106, 1, 1363, 154, 4637, 'PH', 'M', 34, 'INVITADO', 'MED.VILESP.14.97.MED-501.5.M.PH / 30.', NULL, NULL, '', 'PENDIENTE', 'VILLA ESPERANZA', 47655, 41766, 54, '2015'),
(107, 1, 1358, 105, 2314, 'PH', 'M', 34, 'INVITADO', 'MED.VILESP.14.97.MED-500.5.M.PH / 3.', NULL, NULL, '', 'PENDIENTE', 'VILLA ESPERANZA', 47656, 41775, 54, '2015'),
(108, 1, 1361, 81, 1457, 'PH', 'M', 34, 'INVITADO', 'MED.VILESP.14.97.MED-501.5.M.PH / 26.', NULL, NULL, '', 'PENDIENTE', 'VILLA ESPERANZA', 47657, 41768, 54, '2015'),
(109, 1, 1361, 123, 3430, 'PH', 'M', 34, 'INVITADO', 'MED.VILESP.14.97.MED-501.5.M.PH / 33.', NULL, NULL, '', 'PENDIENTE', 'VILLA ESPERANZA', 47658, 41769, 54, '2015'),
(110, 1, 1364, 104, 2313, 'PH', 'M', 35, 'INVITADO', 'MED.VILESP.14.97.MED-502.5.M.PH / 34.', NULL, NULL, '', 'PENDIENTE', 'VILLA ESPERANZA', 47659, 41770, 54, '2015'),
(111, 1, 1363, 116, 3302, 'PH', 'M', 34, 'INVITADO', 'MED.VILESP.14.97.MED-501.5.M.PH / 117.', NULL, NULL, '', 'PENDIENTE', 'VILLA ESPERANZA', 47660, 41771, 54, '2015'),
(112, 1, 1356, 122, 3313, 'PH', 'M', 34, 'INVITADO', 'MED.VILESP.14.97.MED-500.5.M.PH / 42.', NULL, NULL, '', 'PENDIENTE', 'VILLA ESPERANZA', 47661, 41772, 54, '2015'),
(113, 1, 1360, 112, 2919, 'PH', 'M', 34, 'INVITADO', 'MED.VILESP.14.97.MED-501.5.M.PH / 15.', NULL, NULL, '', 'PENDIENTE', 'VILLA ESPERANZA', 47662, 41773, 54, '2015'),
(114, 1, 1355, 143, 4397, 'PH', 'M', 34, 'INVITADO', 'MED.VILESP.14.97.MED-500.5.M.PH / 43.', NULL, NULL, '', 'PENDIENTE', 'VILLA ESPERANZA', 47663, 41774, 54, '2015'),
(115, 1, 838, 113, 3298, 'PH', 'M', 34, 'INVITADO', 'MED.VILESP.14.97.MED - 503.5.M.PH / 17.', NULL, NULL, '', 'PENDIENTE', 'VILLA ESPERANZA', 47666, 41776, 54, '2015'),
(116, 1, 840, 101, 2228, 'A', 'T', 21, 'INVITADO', 'MED.VILESP.14.97.MED - 505.5.T.A / 27.', NULL, NULL, '', 'PENDIENTE', 'VILLA ESPERANZA', 47667, 41777, 54, '2015'),
(117, 1, 840, 101, 2228, 'B', 'T', 21, 'INVITADO', 'MED.VILESP.14.97.MED - 505.5.T.B / 19.', NULL, NULL, '', 'PENDIENTE', 'VILLA ESPERANZA', 47668, 41778, 54, '2015'),
(118, 1, 1357, 75, 1337, 'PH', 'M', 32, 'INVITADO', 'MED.VILESP.14.97.MED-500.5.M.PH / 23.', NULL, NULL, '', 'PENDIENTE', 'VILLA ESPERANZA', 47669, 41779, 54, '2015'),
(119, 1, 1364, 140, 4391, 'PH', 'M', 34, 'INVITADO', 'MED.VILESP.14.97.MED-502.5.M.PH / 118.', NULL, NULL, '', 'PENDIENTE', 'VILLA ESPERANZA', 47670, 41780, 54, '2015'),
(120, 1, 1359, 118, 3306, 'PH', 'M', 34, 'INVITADO', NULL, NULL, NULL, '', 'PENDIENTE', 'VILLA ESPERANZA', 47671, 41783, 54, '2015'),
(121, 1, 1359, 136, 4381, 'PH', 'M', 34, 'INVITADO', 'MED.VILESP.14.97.MED-501.5.M.PH / 88.', NULL, NULL, '', 'PENDIENTE', 'VILLA ESPERANZA', 47672, 41781, 54, '2015'),
(122, 1, 1356, 137, 4383, 'PH', 'M', 32, 'INVITADO', 'MED.VILESP.14.97.MED-500.5.M.PH / 80.', NULL, NULL, '', 'PENDIENTE', 'VILLA ESPERANZA', 47673, 41767, 54, '2015'),
(123, 1, 1365, 142, 4396, 'PH', 'M', 34, 'INVITADO', 'MED.VILESP.14.97.MED-502.5.M.PH / 84.', NULL, NULL, '', 'PENDIENTE', 'VILLA ESPERANZA', 47674, 41784, 54, '2015'),
(124, 1, 1364, 155, 4830, 'PH', 'M', 34, 'INVITADO', 'MED.VILESP.14.97.MED-502.5.M.PH / 44.', NULL, NULL, '', 'PENDIENTE', 'VILLA ESPERANZA', 47675, 41782, 54, '2015'),
(125, 1, 814, 49, 707, 'D', 'T', 35, 'INVITADO', 'MED.VILESP.14.97.MED - 100.1.T.D / 96.', NULL, NULL, '', 'PENDIENTE', 'VILLA ESPERANZA', 47677, 41785, 54, '2015'),
(126, 1, 820, 42, 577, 'G', 'T', 15, 'INVITADO', 'MED.VILESP.14.97.MED - 203.2.T.G / 108.', NULL, NULL, '', 'PENDIENTE', 'VILLA ESPERANZA', 47678, 41789, 54, '2015'),
(127, 1, 822, 96, 1762, 'D', 'T', 20, 'INVITADO', 'MED.VILESP.14.97.MED - 204.2.T.D / 52.', NULL, NULL, '', 'PENDIENTE', 'VILLA ESPERANZA', 49693, 43247, 54, '2015'),
(128, 1, 820, 114, 3299, 'C', 'T', 20, 'INVITADO', 'MED.VILESP.14.97.MED - 203.2.T.C / 46.', NULL, NULL, '', 'PENDIENTE', 'VILLA ESPERANZA', 49694, 43248, 54, '2015'),
(129, 1, 820, 70, 1290, 'E', 'M', 20, 'INVITADO', 'MED.VILESP.14.97.MED - 203.2.M.E / 53.', NULL, NULL, '', 'PENDIENTE', 'VILLA ESPERANZA', 49695, 43249, 54, '2015'),
(130, 1, 817, 45, 630, 'B', 'T', 16, 'INVITADO', 'MED.VILESP.14.97.MED - 103.1.T.B / 57.', NULL, NULL, '', 'PENDIENTE', 'VILLA ESPERANZA', 49697, 43250, 54, '2015'),
(131, 1, 821, 60, 1268, 'F', 'T', 20, 'INVITADO', 'MED.VILESP.14.97.MED - 201.2.T.F / 47.', NULL, NULL, '', 'PENDIENTE', 'VILLA ESPERANZA', 49698, 43251, 54, '2015'),
(132, 1, 816, 29, 372, 'H', 'M', 20, 'INVITADO', 'MED.VILESP.14.97.MED - 102.1.M.H / 89.', NULL, NULL, '', 'PENDIENTE', 'VILLA ESPERANZA', 49700, 43252, 54, '2015'),
(133, 1, 818, 125, 3497, 'H', 'T', 28, 'INVITADO', 'MED.VILESP.14.97.MED - 200.2.T.H / 31.', NULL, NULL, '', 'PENDIENTE', 'VILLA ESPERANZA', 49706, 43253, 54, '2015'),
(134, 1, 818, 48, 681, 'F', 'T', 28, 'INVITADO', 'MED.VILESP.14.97.MED - 200.2.T.F / 66.', NULL, NULL, '', 'PENDIENTE', 'VILLA ESPERANZA', 49711, 43255, 54, '2015'),
(135, 1, 821, 37, 485, 'D', 'T', 20, 'INVITADO', 'MED.VILESP.14.97.MED - 201.2.T.D / 48.', NULL, NULL, '', 'PENDIENTE', 'VILLA ESPERANZA', 49712, 43256, 54, '2015'),
(136, 1, 817, 129, 3868, 'H', 'T', 16, 'INVITADO', 'MED.VILESP.14.97.MED - 103.1.T.H / 32.', NULL, NULL, '', 'PENDIENTE', 'VILLA ESPERANZA', 49715, 43258, 54, '2015'),
(137, 1, 819, 78, 1383, 'H', 'M', 20, 'INVITADO', 'MED.VILESP.14.97.MED - 202.2.M.H / 51.', NULL, NULL, '', 'PENDIENTE', 'VILLA ESPERANZA', 49719, 43260, 54, '2015'),
(138, 1, 815, 38, 488, 'C', 'M', 20, 'INVITADO', 'MED.VILESP.14.97.MED - 101.1.M.C / 92.', NULL, NULL, '', 'PENDIENTE', 'VILLA ESPERANZA', 49726, 43262, 54, '2015'),
(139, 1, 814, 36, 477, 'L', 'T', 40, 'INVITADO', 'MED.VILESP.14.97.MED - 100.1.T.L / 54.', NULL, NULL, '', 'PENDIENTE', 'VILLA ESPERANZA', 49729, 43267, 54, '2015'),
(140, 1, 827, 40, 534, 'PH', 'M', 20, 'INVITADO', 'MED.VILESP.14.97.MED - 304.3.M.PH / 56.', NULL, NULL, '', 'PENDIENTE', 'VILLA ESPERANZA', 49731, 43270, 54, '2015'),
(141, 1, 824, 56, 800, 'F', 'T', 24, 'INVITADO', 'MED.VILESP.14.97.MED - 302.3.T.F / 71.', NULL, NULL, '', 'PENDIENTE', 'VILLA ESPERANZA', 49734, 43271, 54, '2015'),
(142, 1, 820, 22, 309, 'D', 'T', 20, 'INVITADO', 'MED.VILESP.14.97.MED - 203.2.T.D / 58.', NULL, NULL, '', 'PENDIENTE', 'VILLA ESPERANZA', 49736, 43273, 54, '2015'),
(143, 1, 814, 117, 3303, 'P', 'T', 40, 'INVITADO', NULL, NULL, NULL, '', 'PENDIENTE', 'VILLA ESPERANZA', 49737, 43274, 54, '2015'),
(144, 1, 819, 6, 124, 'G', 'M', 20, 'INVITADO', 'MED.VILESP.14.97.MED - 202.2.M.G / 61.', NULL, NULL, '', 'PENDIENTE', 'VILLA ESPERANZA', 49741, 43278, 54, '2015'),
(145, 1, 824, 64, 1277, 'C', 'T', 24, 'INVITADO', 'MED.VILESP.14.97.MED - 302.3.T.C / 60.', NULL, NULL, '', 'PENDIENTE', 'VILLA ESPERANZA', 49742, 43280, 54, '2015'),
(146, 1, 814, 135, 4380, 'N', 'T', 40, 'INVITADO', 'MED.VILESP.14.97.MED - 100.1.T.N / 68.', NULL, NULL, '', 'PENDIENTE', 'VILLA ESPERANZA', 49745, 43282, 54, '2015'),
(147, 1, 816, 4, 74, 'G', 'M', 20, 'INVITADO', 'MED.VILESP.14.97.MED - 102.1.M.G / 50.', NULL, NULL, '', 'PENDIENTE', 'VILLA ESPERANZA', 49746, 43284, 54, '2015'),
(148, 1, 825, 20, 268, 'D', 'M', 24, 'INVITADO', 'MED.VILESP.14.97.MED - 303.3.M.D / 67.', NULL, NULL, '', 'PENDIENTE', 'VILLA ESPERANZA', 49754, 43291, 54, '2015'),
(149, 1, 817, 12, 204, 'E', 'T', 16, 'INVITADO', 'MED.VILESP.14.97.MED - 103.1.T.E / 70.', NULL, NULL, '', 'PENDIENTE', 'VILLA ESPERANZA', 49758, 43293, 54, '2015'),
(150, 1, 825, 90, 1706, 'C', 'T', 24, 'INVITADO', NULL, NULL, NULL, '', 'PENDIENTE', 'VILLA ESPERANZA', 49760, 43294, 54, '2015'),
(151, 1, 814, 82, 1458, 'H', 'T', 40, 'INVITADO', 'MED.VILESP.14.97.MED - 100.1.T.H / 28.', NULL, NULL, '', 'PENDIENTE', 'VILLA ESPERANZA', 50155, 41682, 54, '2015'),
(152, 1, 827, 44, 629, 'PH', 'M', 12, 'INVITADO', 'MED.VILESP.14.97.MED - 304.3.M.PH / 76.', NULL, NULL, '', 'PENDIENTE', 'VILLA ESPERANZA', 50619, 41732, 54, '2015'),
(153, 1, 820, 133, 4365, 'H', 'M', 20, 'INVITADO', 'MED.VILESP.14.97.MED - 203.2.M.H / 49.', NULL, NULL, '', 'PENDIENTE', 'VILLA ESPERANZA', 50858, 43259, 54, '2015'),
(154, 1, 823, 151, 4510, 'D', 'M', 24, 'INVITADO', 'MED.VILESP.14.97.MED - 300.3.M.D / 62.', NULL, NULL, '', 'PENDIENTE', 'VILLA ESPERANZA', 50861, 43292, 54, '2015'),
(155, 1, 1342, 138, 4387, 'PH', 'M', 40, 'INVITADO', 'MED.VILESP.14.97.MED-301-01.3.M.PH / 63.', NULL, NULL, '', 'PENDIENTE', 'VILLA ESPERANZA', 50865, 41726, 54, '2015'),
(156, 1, 818, 86, 1550, 'I', 'T', 28, 'INVITADO', 'MED.VILESP.14.97.MED - 200.2.T.I / 65.', NULL, NULL, '', 'PENDIENTE', 'VILLA ESPERANZA', 50867, 43290, 54, '2015'),
(157, 1, 832, 141, 4392, 'PH', 'M', 40, 'INVITADO', 'MED.VILESP.14.97.MED - 403.4.M.PH / 59.', NULL, NULL, '', 'PENDIENTE', 'VILLA ESPERANZA', 50940, 43287, 54, '2015'),
(158, 1, 1350, 139, 4388, 'PH', 'M', 40, 'INVITADO', 'MED.VILESP.14.97.MED-400 .4.M.PH / 69.', NULL, NULL, '', 'PENDIENTE', 'VILLA ESPERANZA', 50941, 43289, 54, '2015'),
(159, 1, 816, 35, 475, 'E', 'T', 20, 'INVITADO', 'MED.VILESP.14.97.MED - 102.1.T.E / 93.', NULL, NULL, '', 'PENDIENTE', 'VILLA ESPERANZA', 51029, 43276, 54, '2015'),
(160, 1, 815, 16, 232, 'G', 'T', 20, 'INVITADO', 'MED.VILESP.14.97.MED - 101.1.T.G / 94.', NULL, NULL, '', 'PENDIENTE', 'VILLA ESPERANZA', 51030, 43286, 54, '2015'),
(161, 1, 816, 29, 372, 'L', 'T', 20, 'INVITADO', 'MED.VILESP.14.97.MED - 102.1.T.L / 90.', NULL, NULL, '', 'PENDIENTE', 'VILLA ESPERANZA', 51031, 43285, 54, '2015'),
(162, 1, 815, 38, 488, 'J', 'M', 12, 'INVITADO', 'MED.VILESP.14.97.MED - 101.1.M.J / 91.', NULL, NULL, '', 'PENDIENTE', 'VILLA ESPERANZA', 51034, 43263, 54, '2015'),
(163, 1, 1342, 74, 1315, 'PH', 'M', 32, 'INVITADO', 'MED.VILESP.14.97.MED-301-01.3.M.PH / 95.', NULL, NULL, '', 'PENDIENTE', 'VILLA ESPERANZA', 51135, 44133, 54, '2015'),
(164, 1, 818, 97, 1764, 'E', 'T', 28, 'INVITADO', 'MED.VILESP.14.97.MED - 200.2.T.E / 85.', NULL, NULL, '', 'PENDIENTE', 'VILLA ESPERANZA', 51549, 43254, 54, '2015'),
(165, 1, 821, 130, 4107, 'H', 'M', 20, 'INVITADO', 'MED.VILESP.14.97.MED - 201.2.M.H / 107.', NULL, NULL, '', 'PENDIENTE', 'VILLA ESPERANZA', 51656, 44315, 54, '2015'),
(166, 1, 821, 50, 729, 'B', 'M', 20, 'INVITADO', 'MED.VILESP.14.97.MED - 201.2.M.B / 100.', NULL, NULL, '', 'PENDIENTE', 'VILLA ESPERANZA', 51657, 44312, 54, '2015'),
(167, 1, 834, 98, 1783, 'B', 'T', 24, 'INVITADO', 'MED.VILESP.14.54.99.MED - 405.4.T.B / 125.', NULL, NULL, '', 'PENDIENTE', 'VILLA ESPERANZA', 51665, 44324, 54, '2015'),
(168, 1, 1363, 19, 257, 'PH', 'M', 40, 'INVITADO', 'MED.VILESP.14.97.MED-501.5.M.PH / 104.', NULL, NULL, '', 'PENDIENTE', 'VILLA ESPERANZA', 51670, 44334, 54, '2015'),
(169, 1, 815, 172, 35254, 'D', 'M', 20, 'INVITADO', 'MED.VILESP.14.97.MED - 101.1.M.D / 111.', NULL, NULL, '', 'PENDIENTE', 'VILLA ESPERANZA', 51672, 44308, 54, '2015'),
(170, 1, 815, 115, 3301, 'H', 'M', 20, 'INVITADO', 'MED.VILESP.14.97.MED - 101.1.M.H / 98.', NULL, NULL, '', 'PENDIENTE', 'VILLA ESPERANZA', 51673, 44309, 54, '2015'),
(171, 1, 815, 115, 3301, 'I', 'T', 20, 'INVITADO', 'MED.VILESP.14.97.MED - 101.1.T.I / 99.', NULL, NULL, '', 'PENDIENTE', 'VILLA ESPERANZA', 51674, 44310, 54, '2015'),
(172, 1, 814, 159, 5491, 'I', 'T', 40, 'INVITADO', 'MED.VILESP.14.97.MED - 100.1.T.I / 112.', NULL, NULL, '', 'PENDIENTE', 'VILLA ESPERANZA', 51675, 44311, 54, '2015'),
(173, 1, 827, 181, 35322, 'PH', 'M', 20, 'INVITADO', 'MED.VILESP.14.97.MED - 304.3.M.PH / 113.', NULL, NULL, '', 'PENDIENTE', 'VILLA ESPERANZA', 51676, 44318, 54, '2015'),
(174, 1, 1342, 173, 35284, 'PH', 'M', 40, 'INVITADO', 'MED.VILESP.14.97.MED-301-01.3.M.PH / 102.', NULL, NULL, '', 'PENDIENTE', 'VILLA ESPERANZA', 51679, 44321, 54, '2015'),
(175, 1, 1343, 174, 35293, 'PH', 'M', 40, 'INVITADO', 'MED.VILESP.14.99.MED-301-02.3.M.PH / 122.', NULL, NULL, '', 'PENDIENTE', 'VILLA ESPERANZA', 51680, 44329, 54, '2015'),
(176, 1, 1342, 175, 35294, 'PH', 'M', 40, 'INVITADO', 'MED.VILESP.14.97.MED-301-01.3.M.PH / 101.', NULL, NULL, '', 'PENDIENTE', 'VILLA ESPERANZA', 51681, 44322, 54, '2015'),
(177, 1, 1342, 178, 35312, 'PH', 'M', 40, 'INVITADO', NULL, NULL, NULL, '', 'PENDIENTE', 'VILLA ESPERANZA', 51682, 44326, 54, '2015'),
(178, 1, 1342, 170, 35252, 'PH', 'M', 40, 'INVITADO', 'MED.VILESP.14.97.MED-301-01.3.M.PH / 106.', NULL, NULL, '', 'PENDIENTE', 'VILLA ESPERANZA', 51685, 44325, 54, '2015'),
(179, 1, 1342, 171, 35253, 'PH', 'M', 40, 'INVITADO', 'MED.VILESP.14.97.MED-301-01.3.M.PH / 103.', NULL, NULL, '', 'PENDIENTE', 'VILLA ESPERANZA', 51686, 44320, 54, '2015'),
(180, 1, 1345, 176, 35299, 'PH', 'M', 40, 'INVITADO', 'MED.VILESP.14.54.99.MED-400 .4.M.PH / 129.', NULL, NULL, '', 'PENDIENTE', 'VILLA ESPERANZA', 51687, 44328, 54, '2015'),
(181, 1, 1352, 93, 1758, 'PH', 'M', 40, 'INVITADO', 'MED.VILESP.14.97.MED-401 .4.M.PH / 120.', NULL, NULL, '', 'PENDIENTE', 'VILLA ESPERANZA', 51688, 44331, 54, '2015'),
(182, 1, 838, 177, 35311, 'PH', 'M', 40, 'INVITADO', 'MED.VILESP.14.97.MED - 503.5.M.PH / 116.', NULL, NULL, '', 'PENDIENTE', 'VILLA ESPERANZA', 51689, 44332, 54, '2015'),
(183, 1, 1357, 179, 35313, 'PH', 'M', 40, 'INVITADO', NULL, NULL, NULL, '', 'PENDIENTE', 'VILLA ESPERANZA', 51690, 44333, 54, '2015'),
(184, 1, 816, 134, 4368, 'J', 'T', 20, 'INVITADO', 'MED.VILESP.14.97.MED - 102.1.T.J / 97.', NULL, NULL, '', 'PENDIENTE', 'VILLA ESPERANZA', 51892, 44416, 54, '2015'),
(185, 1, 827, 121, 3311, 'PH', 'M', 20, 'INVITADO', 'MED.VILESP.14.97.MED - 304.3.M.PH / 114.', NULL, NULL, '', 'PENDIENTE', 'VILLA ESPERANZA', 51893, 44317, 54, '2015'),
(186, 1, 827, 121, 3311, 'PH', 'M', 20, 'INVITADO', 'MED.VILESP.14.97.MED - 304.3.M.PH / 115.', NULL, NULL, '', 'PENDIENTE', 'VILLA ESPERANZA', 51894, 44316, 54, '2015'),
(187, 1, 824, 182, 38035, 'E', 'T', 24, 'INVITADO', 'MED.VILESP.14.97.MED - 302.3.T.E / 105.', NULL, NULL, '', 'PENDIENTE', 'VILLA ESPERANZA', 51896, 44319, 54, '2015'),
(188, 1, 815, 172, 35254, 'L', 'T', 10, 'INVITADO', 'MED.VILESP.14.97.MED - 101.1.T.L / 110.', NULL, NULL, '', 'PENDIENTE', 'VILLA ESPERANZA', 51914, 44421, 54, '2015'),
(189, 1, 815, 157, 5090, 'E', 'M', 10, 'INVITADO', NULL, NULL, NULL, '', 'PENDIENTE', 'VILLA ESPERANZA', 51915, 44423, 54, '2015'),
(190, 1, 1342, 184, 38686, 'PH', 'M', 40, 'INVITADO', 'MED.VILESP.14.97.MED-301-01.3.M.PH / 119.', NULL, NULL, '', 'PENDIENTE', 'VILLA ESPERANZA', 51952, 44323, 54, '2015'),
(191, 1, 1342, 185, 38689, 'PH', 'M', 40, 'INVITADO', 'MED.VILESP.14.97.MED-301-01.3.M.PH / 121.', NULL, NULL, '', 'PENDIENTE', 'VILLA ESPERANZA', 51953, 44425, 54, '2015'),
(192, 1, 1354, 17, 253, 'PH', 'M', 32, 'INVITADO', 'MED.VILESP.14.97.MED-401 .4.M.PH / 109.', NULL, NULL, '', 'PENDIENTE', 'VILLA ESPERANZA', 52183, 44567, 54, '2015'),
(193, 1, 1354, 131, 4363, 'PH', 'M', 34, 'INVITADO', NULL, NULL, NULL, '', 'PENDIENTE', 'VILLA ESPERANZA', 52196, 44330, 54, '2015'),
(194, 1, 828, 180, 35315, 'A', 'M', 16, 'INVITADO', 'MED.VILESP.14.99.MED - 305.3.M.A / 123.', NULL, NULL, '', 'PENDIENTE', 'VILLA ESPERANZA', 52762, 44855, 54, '2015'),
(195, 1, 828, 180, 35315, 'B', 'T', 16, 'INVITADO', 'MED.VILESP.14.99.MED - 305.3.T.B / 124.', NULL, NULL, '', 'PENDIENTE', 'VILLA ESPERANZA', 52763, 44872, 54, '2015'),
(196, 1, 1359, 187, 38727, 'PH', 'M', 40, 'INVITADO', 'MED.VILESP.14.54.99.MED-501.5.M.PH / 126.', NULL, NULL, '', 'PENDIENTE', 'VILLA ESPERANZA', 52764, 44424, 54, '2015'),
(197, 2, 2507, 45, 630, 'A', 'M', 40, 'INVESTIGADOR', NULL, NULL, NULL, '', 'PENDIENTE', 'INSTITUTO DE  INVESTIGACIÓN', 52766, 44874, 57, '2015 INVESTIGACION'),
(198, 2, 2507, 133, 4365, 'B', 'M', 40, 'INVESTIGADOR', 'MED.DEPINV.14.57.99.INV.11.M.B / 2.', NULL, NULL, '', 'PENDIENTE', 'INSTITUTO DE  INVESTIGACIÓN', 56621, 48098, 57, '2015 INVESTIGACION'),
(199, 2, 2507, 129, 3868, 'C', 'M', 40, 'INVESTIGADOR', 'MED.DEPINV.14.57.99.INV.11.M.C / 3.', NULL, NULL, '', 'PENDIENTE', 'INSTITUTO DE  INVESTIGACIÓN', 56622, 48099, 57, '2015 INVESTIGACION'),
(200, 2, 2507, 96, 1762, 'D', 'T', 40, 'INVESTIGADOR', 'MED.DEPINV.14.57.99.INV.11.T.D / 4.', NULL, NULL, '', 'PENDIENTE', 'INSTITUTO DE  INVESTIGACIÓN', 56623, 48100, 57, '2015 INVESTIGACION'),
(201, 1, 815, 183, 38685, 'E', 'M', 20, 'INVITADO', 'MED.VILESP.14.54.99.MED - 101.1.M.E / 128.', NULL, NULL, '', 'PENDIENTE', 'VILLA ESPERANZA', 56631, 48102, 54, '2015'),
(202, 1, 1354, 190, 39951, 'PH', 'M', 40, 'INVITADO', 'MED.VILESP.14.54.99.MED-401 .4.M.PH / 130.', NULL, NULL, '', 'PENDIENTE', 'VILLA ESPERANZA', 56632, 44327, 54, '2015'),
(203, 1, 1359, 189, 39937, 'PH', 'M', 40, 'INVITADO', 'MED.VILESP.14.54.99.MED-501.5.M.PH / 131.', NULL, NULL, '', 'PENDIENTE', 'VILLA ESPERANZA', 56633, 44873, 54, '2015'),
(204, 1, 1357, 191, 39970, 'PH', 'M', 40, 'INVITADO', 'MED.VILESP.14.54.99.MED-500.5.M.PH / 127.', NULL, NULL, '', 'PENDIENTE', 'VILLA ESPERANZA', 56636, 48103, 54, '2015'),
(205, 2, 2507, 45, 630, 'A', 'M', 40, 'INVESTIGADOR', 'MED.DEPINV.14.57.99.INV.11.M.A / 5.', NULL, NULL, '', 'PENDIENTE', 'INSTITUTO DE  INVESTIGACIÓN', 57224, 48312, 57, '2015 INVESTIGACION'),
(206, 1, 814, 161, 5738, 'P', 'T', 30, 'INVITADO', 'MED.VILESP.14.54.97.MED - 100.1.T.P / 132.', NULL, NULL, '', 'PENDIENTE', 'VILLA ESPERANZA', 57491, 48496, 54, '2015'),
(207, 1, 831, 188, 39931, 'PH', 'M', 40, 'INVITADO', 'MED.VILESP.14.54.97.MED - 402.4.M.PH / 133.', NULL, NULL, '', 'PENDIENTE', 'VILLA ESPERANZA', 57542, 48497, 54, '2015'),
(208, 1, 1343, 192, 40101, 'PH', 'T', 30, 'INVITADO', 'MED.VILESP.14.54.97.MED-301-02.3.T.PH / 134.', NULL, NULL, '', 'PENDIENTE', 'VILLA ESPERANZA', 57862, 48686, 54, '2015'),
(209, 3, 814, 57, 808, 'G', 'T', 40, 'CONTRATADO', 'MED.VILESP.14.68.97.MED - 100.1.T.G / 1.', NULL, NULL, '', 'PENDIENTE', 'VILLA ESPERANZA', 59720, 49806, 68, '2016'),
(210, 3, 816, 4, 74, 'B', 'M', 20, 'CONTRATADO', 'MED.VILESP.14.68.97.MED - 102.1.M.B / 13.', NULL, NULL, '', 'PENDIENTE', 'VILLA ESPERANZA', 59721, 49809, 68, '2016'),
(211, 3, 814, 55, 797, 'M', 'M', 40, 'CONTRATADO', 'MED.VILESP.14.68.97.MED - 100.1.M.M / 15.', NULL, NULL, '', 'PENDIENTE', 'VILLA ESPERANZA', 59722, 49810, 68, '2016'),
(212, 3, 815, 38, 488, 'B', 'M', 20, 'CONTRATADO', 'MED.VILESP.14.68.97.MED - 101.1.M.B / 19.', NULL, NULL, '', 'PENDIENTE', 'VILLA ESPERANZA', 59723, 49811, 68, '2016'),
(213, 3, 816, 83, 1472, 'A', 'M', 20, 'CONTRATADO', 'MED.VILESP.14.68.97.MED - 102.1.M.A / 21.', NULL, NULL, '', 'PENDIENTE', 'VILLA ESPERANZA', 59724, 49812, 68, '2016'),
(214, 3, 817, 45, 630, 'A', 'M', 16, 'CONTRATADO', 'MED.VILESP.14.68.97.MED - 103.1.M.A / 22.', NULL, NULL, '', 'PENDIENTE', 'VILLA ESPERANZA', 59725, 49813, 68, '2016'),
(215, 3, 816, 35, 475, 'D', 'T', 20, 'CONTRATADO', 'MED.VILESP.14.68.97.MED - 102.1.T.D / 29.', NULL, NULL, '', 'PENDIENTE', 'VILLA ESPERANZA', 59726, 49814, 68, '2016'),
(216, 3, 816, 35, 475, 'F', 'T', 20, 'CONTRATADO', 'MED.VILESP.14.68.97.MED - 102.1.T.F / 30.', NULL, NULL, '', 'PENDIENTE', 'VILLA ESPERANZA', 59727, 49816, 68, '2016'),
(217, 3, 814, 54, 776, 'B', 'M', 40, 'CONTRATADO', 'MED.VILESP.14.68.97.MED - 100.1.M.B / 33.', NULL, NULL, '', 'PENDIENTE', 'VILLA ESPERANZA', 59728, 49818, 68, '2016'),
(218, 3, 815, 16, 232, 'A', 'M', 20, 'CONTRATADO', 'MED.VILESP.14.68.97.MED - 101.1.M.A / 48.', NULL, NULL, '', 'PENDIENTE', 'VILLA ESPERANZA', 59730, 49821, 68, '2016'),
(219, 3, 815, 16, 232, 'F', 'T', 20, 'CONTRATADO', 'MED.VILESP.14.68.97.MED - 101.1.T.F / 47.', NULL, NULL, '', 'PENDIENTE', 'VILLA ESPERANZA', 59731, 49825, 68, '2016'),
(220, 3, 817, 12, 204, 'D', 'T', 16, 'CONTRATADO', NULL, NULL, NULL, '', 'PENDIENTE', 'VILLA ESPERANZA', 59732, 49827, 68, '2016'),
(221, 3, 814, 26, 351, 'C', 'T', 40, 'CONTRATADO', 'MED.VILESP.14.68.97.MED - 100.1.T.C / 54.', NULL, NULL, '', 'PENDIENTE', 'VILLA ESPERANZA', 59733, 49828, 68, '2016'),
(222, 3, 820, 114, 3299, 'B', 'M', 20, 'CONTRATADO', 'MED.VILESP.14.68.97.MED - 203.2.M.B / 2.', NULL, NULL, '', 'PENDIENTE', 'VILLA ESPERANZA', 59734, 49829, 68, '2016'),
(223, 3, 822, 41, 574, 'A', 'M', 20, 'CONTRATADO', 'MED.VILESP.14.68.97.MED-204.2.M.A / 3.', NULL, NULL, '', 'PENDIENTE', 'VILLA ESPERANZA', 59735, 49830, 68, '2016'),
(224, 3, 821, 37, 485, 'C', 'M', 20, 'CONTRATADO', 'MED.VILESP.14.68.97.MED - 201.2.M.C / 8.', NULL, NULL, '', 'PENDIENTE', 'VILLA ESPERANZA', 59736, 49832, 68, '2016'),
(225, 3, 820, 70, 1290, 'A', 'M', 20, 'CONTRATADO', 'MED.VILESP.14.68.97.MED - 203.2.M.A / 17.', NULL, NULL, '', 'PENDIENTE', 'VILLA ESPERANZA', 59737, 49833, 68, '2016'),
(226, 3, 821, 15, 229, 'A', 'M', 20, 'CONTRATADO', 'MED.VILESP.14.68.97.MED - 201.2.M.A / 24.', NULL, NULL, '', 'PENDIENTE', 'VILLA ESPERANZA', 59738, 49835, 68, '2016'),
(227, 3, 821, 15, 229, 'G', 'M', 20, 'CONTRATADO', 'MED.VILESP.14.68.97.MED - 201.2.M.G / 23.', NULL, NULL, '', 'PENDIENTE', 'VILLA ESPERANZA', 59739, 49837, 68, '2016'),
(228, 3, 820, 22, 309, 'F', 'M', 20, 'CONTRATADO', 'MED.VILESP.14.68.97.MED - 203.2.M.F / 27.', NULL, NULL, '', 'PENDIENTE', 'VILLA ESPERANZA', 59740, 49838, 68, '2016'),
(229, 3, 819, 63, 1276, 'C', 'M', 20, 'CONTRATADO', 'MED.VILESP.14.68.97.MED - 202.2.M.C / 31.', NULL, NULL, '', 'PENDIENTE', 'VILLA ESPERANZA', 59741, 49840, 68, '2016'),
(230, 3, 819, 6, 124, 'F', 'T', 20, 'CONTRATADO', 'MED.VILESP.14.68.97.MED - 202.2.T.F / 35.', NULL, NULL, '', 'PENDIENTE', 'VILLA ESPERANZA', 59742, 49860, 68, '2016'),
(231, 3, 818, 44, 629, 'G', 'T', 28, 'CONTRATADO', 'MED.VILESP.14.68.97.MED-200.2.T.G / 38.', NULL, NULL, '', 'PENDIENTE', 'VILLA ESPERANZA', 59744, 49869, 68, '2016'),
(232, 3, 819, 43, 590, 'A', 'T', 20, 'CONTRATADO', 'MED.VILESP.14.68.97.MED - 202.2.T.A / 43.', NULL, NULL, '', 'PENDIENTE', 'VILLA ESPERANZA', 59746, 49870, 68, '2016'),
(233, 3, 819, 43, 590, 'B', 'M', 20, 'CONTRATADO', 'MED.VILESP.14.68.97.MED - 202.2.M.B / 44.', NULL, NULL, '', 'PENDIENTE', 'VILLA ESPERANZA', 59748, 49871, 68, '2016'),
(234, 3, 818, 48, 681, 'A', 'T', 28, 'CONTRATADO', 'MED.VILESP.14.68.97.MED-200.2.T.A / 49.', NULL, NULL, '', 'PENDIENTE', 'VILLA ESPERANZA', 59751, 49873, 68, '2016'),
(235, 3, 824, 8, 169, 'A', 'T', 24, 'CONTRATADO', 'MED.VILESP.14.68.97.MED - 302.3.T.A / 9.', NULL, NULL, '', 'PENDIENTE', 'VILLA ESPERANZA', 59752, 49874, 68, '2016'),
(236, 3, 1344, 24, 328, 'PH', 'M', 40, 'CONTRATADO', 'MED.VILESP.14.68.97.MED-301-03.3.M.PH / 14.', NULL, NULL, '', 'PENDIENTE', 'VILLA ESPERANZA', 59754, 49875, 68, '2016'),
(237, 3, 827, 149, 4488, 'PH', 'M', 20, 'CONTRATADO', 'MED.VILESP.14.68.97.MED - 304.3.M.PH / 16.', NULL, NULL, '', 'PENDIENTE', 'VILLA ESPERANZA', 59756, 49876, 68, '2016'),
(238, 3, 1342, 46, 641, 'PH', 'M', 40, 'CONTRATADO', 'MED.VILESP.14.68.97.MED-301-01.3.M.PH / 25.', NULL, NULL, '', 'PENDIENTE', 'VILLA ESPERANZA', 59757, 49890, 68, '2016'),
(239, 3, 824, 56, 800, 'D', 'M', 24, 'CONTRATADO', 'MED.VILESP.14.68.97.MED - 302.3.M.D / 26.', NULL, NULL, '', 'PENDIENTE', 'VILLA ESPERANZA', 59759, 49885, 68, '2016'),
(240, 3, 824, 21, 277, 'B', 'T', 24, 'CONTRATADO', 'MED.VILESP.14.68.97.MED - 302.3.T.B / 32.', NULL, NULL, '', 'PENDIENTE', 'VILLA ESPERANZA', 59761, 49881, 68, '2016'),
(241, 3, 1342, 14, 228, 'PH', 'M', 40, 'CONTRATADO', 'MED.VILESP.14.68.97.MED-301-01.3.M.PH / 34.', NULL, NULL, '', 'PENDIENTE', 'VILLA ESPERANZA', 59762, 49878, 68, '2016'),
(242, 3, 1342, 27, 359, 'PH', 'M', 40, 'CONTRATADO', 'MED.VILESP.14.68.97.MED-301-01.3.M.PH / 36.', NULL, NULL, '', 'PENDIENTE', 'VILLA ESPERANZA', 59764, 49889, 68, '2016'),
(243, 3, 823, 13, 227, 'E', 'T', 24, 'CONTRATADO', NULL, NULL, NULL, '', 'PENDIENTE', 'VILLA ESPERANZA', 59766, 49891, 68, '2016'),
(244, 3, 823, 13, 227, 'F', 'T', 24, 'CONTRATADO', 'MED.VILESP.14.68.97.MED-300.3.T.F / 40.', NULL, NULL, '', 'PENDIENTE', 'VILLA ESPERANZA', 59768, 49892, 68, '2016'),
(245, 3, 825, 20, 268, 'G', 'T', 24, 'CONTRATADO', 'MED.VILESP.14.68.97.MED - 303.3.T.G / 50.', NULL, NULL, '', 'PENDIENTE', 'VILLA ESPERANZA', 59771, 49893, 68, '2016'),
(246, 3, 825, 90, 1706, 'F', 'T', 24, 'CONTRATADO', 'MED.VILESP.14.68.97.MED - 303.3.T.F / 55.', NULL, NULL, '', 'PENDIENTE', 'VILLA ESPERANZA', 59772, 49894, 68, '2016'),
(247, 3, 833, 31, 390, 'PH', 'M', 40, 'CONTRATADO', 'MED.VILESP.14.68.97.MED-404.4.M.PH / 10.', NULL, NULL, '', 'PENDIENTE', 'VILLA ESPERANZA', 59775, 49895, 68, '2016'),
(248, 3, 1348, 1, 6, 'PH', 'M', 40, 'CONTRATADO', 'MED.VILESP.14.68.97.MED-400 .4.M.PH / 11.', NULL, NULL, '', 'PENDIENTE', 'VILLA ESPERANZA', 59778, 49896, 68, '2016'),
(249, 3, 831, 51, 736, 'PH', 'M', 40, 'CONTRATADO', 'MED.VILESP.14.68.97.MED - 402.4.M.PH / 18.', NULL, NULL, '', 'PENDIENTE', 'VILLA ESPERANZA', 59782, 49897, 68, '2016'),
(250, 3, 1352, 44, 629, 'PH', 'M', 40, 'CONTRATADO', 'MED.VILESP.14.68.97.MED-401 .4.M.PH / 37.', NULL, NULL, '', 'PENDIENTE', 'VILLA ESPERANZA', 59784, 49900, 68, '2016'),
(251, 3, 1347, 79, 1396, 'PH', 'M', 40, 'CONTRATADO', 'MED.VILESP.14.68.97.MED-400 .4.M.PH / 45.', NULL, NULL, '', 'PENDIENTE', 'VILLA ESPERANZA', 59785, 49902, 68, '2016'),
(252, 3, 1362, 59, 1267, 'PH', 'M', 40, 'CONTRATADO', 'MED.VILESP.14.68.97.MED-501.5.M.PH / 4.', NULL, NULL, '', 'PENDIENTE', 'VILLA ESPERANZA', 59786, 49904, 68, '2016'),
(253, 3, 838, 52, 748, 'PH', 'M', 40, 'CONTRATADO', 'MED.VILESP.14.68.97.MED - 503.5.M.PH / 6.', NULL, NULL, '', 'PENDIENTE', 'VILLA ESPERANZA', 59788, 49905, 68, '2016'),
(254, 3, 822, 68, 1282, 'C', 'T', 20, 'CONTRATADO', 'MED.VILESP.14.68.97.MED-204.2.T.C / 46.', NULL, NULL, '', 'PENDIENTE', 'VILLA ESPERANZA', 59789, 49872, 68, '2016'),
(255, 3, 1358, 105, 2314, 'PH', 'M', 40, 'CONTRATADO', 'MED.VILESP.14.68.97.MED-500.5.M.PH / 5.', NULL, NULL, '', 'PENDIENTE', 'VILLA ESPERANZA', 59792, 49906, 68, '2016'),
(256, 3, 1365, 9, 177, 'PH', 'M', 40, 'CONTRATADO', 'MED.VILESP.14.68.97.MED-502.5.M.PH / 12.', NULL, NULL, '', 'PENDIENTE', 'VILLA ESPERANZA', 59794, 49911, 68, '2016'),
(257, 3, 839, 28, 368, 'A', 'T', 24, 'CONTRATADO', 'MED.VILESP.14.68.97.MED - 504.5.T.A / 20.', NULL, NULL, '', 'PENDIENTE', 'VILLA ESPERANZA', 59796, 49908, 68, '2016'),
(258, 3, 1360, 32, 406, 'PH', 'M', 40, 'CONTRATADO', NULL, NULL, NULL, '', 'PENDIENTE', 'VILLA ESPERANZA', 59799, 49909, 68, '2016'),
(259, 3, 1362, 53, 755, 'PH', 'M', 40, 'CONTRATADO', 'MED.VILESP.14.68.97.MED-501.5.M.PH / 39.', NULL, NULL, '', 'PENDIENTE', 'VILLA ESPERANZA', 59802, 49910, 68, '2016'),
(260, 3, 1365, 3, 48, 'PH', 'M', 40, 'CONTRATADO', 'MED.VILESP.14.68.97.MED-502.5.M.PH / 51.', NULL, NULL, '', 'PENDIENTE', 'VILLA ESPERANZA', 59804, 49907, 68, '2016'),
(261, 3, 814, 58, 1251, 'K', 'N', 40, 'CONTRATADO', 'MED.VILESP.14.68.97.MED - 100.1.N.K / 42.', NULL, NULL, '', 'PENDIENTE', 'VILLA ESPERANZA', 61116, 49824, 68, '2016'),
(262, 3, 816, 29, 372, 'C', 'M', 20, 'CONTRATADO', 'MED.VILESP.14.68.97.MED - 102.1.M.C / 7.', NULL, NULL, '', 'PENDIENTE', 'VILLA ESPERANZA', 61126, 49808, 68, '2016'),
(263, 3, 834, 2, 46, 'PH', 'T', 24, 'CONTRATADO', 'MED.VILESP.14.68.97.MED-405.4.T.PH / 53.', NULL, NULL, '', 'PENDIENTE', 'VILLA ESPERANZA', 61127, 49903, 68, '2016'),
(264, 3, 815, 115, 3301, 'H', 'M', 20, 'INVITADO', 'MED.VILESP.14.68.97.MED - 101.1.M.H / 3.', NULL, NULL, '', 'PENDIENTE', 'VILLA ESPERANZA', 61170, 51662, 68, '2016'),
(265, 3, 815, 183, 38685, 'K', 'T', 20, 'INVITADO', 'MED.VILESP.14.68.97.MED - 101.1.T.K / 8.', NULL, NULL, '', 'PENDIENTE', 'VILLA ESPERANZA', 61172, 51664, 68, '2016'),
(266, 3, 816, 29, 372, 'H', 'M', 20, 'INVITADO', 'MED.VILESP.14.68.97.MED - 102.1.M.H / 9.', NULL, NULL, '', 'PENDIENTE', 'VILLA ESPERANZA', 61174, 51667, 68, '2016'),
(267, 3, 817, 84, 1475, 'F', 'T', 16, 'INVITADO', 'MED.VILESP.14.68.97.MED - 103.1.T.F / 10.', NULL, NULL, '', 'PENDIENTE', 'VILLA ESPERANZA', 61177, 51670, 68, '2016'),
(268, 3, 817, 129, 3868, 'G', 'M', 16, 'INVITADO', 'MED.VILESP.14.68.97.MED - 103.1.M.G / 18.', NULL, NULL, '', 'PENDIENTE', 'VILLA ESPERANZA', 61178, 51672, 68, '2016'),
(269, 3, 816, 4, 74, 'G', 'T', 20, 'INVITADO', 'MED.VILESP.14.68.97.MED - 102.1.T.G / 80.', NULL, NULL, '', 'PENDIENTE', 'VILLA ESPERANZA', 61182, 51673, 68, '2016'),
(270, 3, 814, 82, 1458, 'H', 'T', 40, 'INVITADO', 'MED.VILESP.14.68.97.MED - 100.1.T.H / 28.', NULL, NULL, '', 'PENDIENTE', 'VILLA ESPERANZA', 61184, 51676, 68, '2016'),
(271, 3, 815, 38, 488, 'C', 'M', 20, 'INVITADO', 'MED.VILESP.14.68.97.MED - 101.1.M.C / 31.', NULL, NULL, '', 'PENDIENTE', 'VILLA ESPERANZA', 61188, 51680, 68, '2016'),
(272, 3, 814, 36, 477, 'J', 'T', 40, 'INVITADO', 'MED.VILESP.14.68.97.MED - 100.1.T.J / 32.', NULL, NULL, '', 'PENDIENTE', 'VILLA ESPERANZA', 61195, 51692, 68, '2016'),
(273, 3, 814, 159, 5491, 'I', 'T', 40, 'INVITADO', 'MED.VILESP.14.68.97.MED - 100.1.T.I / 33.', NULL, NULL, '', 'PENDIENTE', 'VILLA ESPERANZA', 61199, 51693, 68, '2016'),
(274, 3, 817, 45, 630, 'B', 'T', 16, 'INVITADO', 'MED.VILESP.14.68.97.MED - 103.1.T.B / 37.', NULL, NULL, '', 'PENDIENTE', 'VILLA ESPERANZA', 61201, 51697, 68, '2016'),
(275, 3, 814, 161, 5738, 'P', 'T', 40, 'INVITADO', 'MED.VILESP.14.68.97.MED - 100.1.T.P / 38.', NULL, NULL, '', 'PENDIENTE', 'VILLA ESPERANZA', 61204, 51699, 68, '2016'),
(276, 3, 814, 5, 115, 'F', 'T', 40, 'INVITADO', 'MED.VILESP.14.68.97.MED - 100.1.T.F / 43.', NULL, NULL, '', 'PENDIENTE', 'VILLA ESPERANZA', 61207, 51702, 68, '2016'),
(277, 3, 817, 99, 1852, 'C', 'T', 16, 'INVITADO', 'MED.VILESP.14.68.97.MED - 103.1.T.C / 49.', NULL, NULL, '', 'PENDIENTE', 'VILLA ESPERANZA', 61210, 51705, 68, '2016'),
(278, 3, 816, 134, 4368, 'I', 'T', 20, 'INVITADO', 'MED.VILESP.14.68.97.MED - 102.1.T.I / 56.', NULL, NULL, '', 'PENDIENTE', 'VILLA ESPERANZA', 61213, 51708, 68, '2016'),
(279, 3, 815, 172, 35254, 'D', 'M', 20, 'INVITADO', 'MED.VILESP.14.68.97.MED - 101.1.M.D / 59.', NULL, NULL, '', 'PENDIENTE', 'VILLA ESPERANZA', 61216, 51710, 68, '2016'),
(280, 3, 814, 135, 4380, 'N', 'T', 40, 'INVITADO', 'MED.VILESP.14.68.97.MED - 100.1.T.N / 68.', NULL, NULL, '', 'PENDIENTE', 'VILLA ESPERANZA', 61217, 51712, 68, '2016'),
(281, 3, 814, 152, 4633, 'E', 'M', 40, 'INVITADO', 'MED.VILESP.14.68.97.MED - 100.1.M.E / 50.', NULL, NULL, '', 'PENDIENTE', 'VILLA ESPERANZA', 61220, 51713, 68, '2016'),
(282, 3, 814, 49, 707, 'D', 'T', 40, 'INVITADO', 'MED.VILESP.14.68.97.MED - 100.1.T.D / 69.', NULL, NULL, '', 'PENDIENTE', 'VILLA ESPERANZA', 61222, 51715, 68, '2016'),
(283, 3, 814, 117, 3303, 'O', 'T', 40, 'INVITADO', 'MED.VILESP.14.68.97.MED - 100.1.T.O / 70.', NULL, NULL, '', 'PENDIENTE', 'VILLA ESPERANZA', 61223, 51716, 68, '2016'),
(284, 3, 816, 144, 4414, 'K', 'T', 20, 'INVITADO', 'MED.VILESP.14.68.97.MED - 102.1.T.K / 73.', NULL, NULL, '', 'PENDIENTE', 'VILLA ESPERANZA', 61224, 51717, 68, '2016'),
(285, 3, 820, 114, 3299, 'C', 'T', 20, 'INVITADO', 'MED.VILESP.14.68.97.MED - 203.2.T.C / 1.', NULL, NULL, '', 'PENDIENTE', 'VILLA ESPERANZA', 61226, 51718, 68, '2016'),
(286, 3, 821, 60, 1268, 'E', 'T', 20, 'INVITADO', 'MED.VILESP.14.68.97.MED - 201.2.T.E / 4.', NULL, NULL, '', 'PENDIENTE', 'VILLA ESPERANZA', 61227, 51719, 68, '2016'),
(287, 3, 821, 50, 729, 'B', 'M', 20, 'INVITADO', 'MED.VILESP.14.68.97.MED - 201.2.M.B / 7.', NULL, NULL, '', 'PENDIENTE', 'VILLA ESPERANZA', 61228, 51720, 68, '2016'),
(288, 3, 818, 97, 1764, 'D', 'T', 28, 'INVITADO', 'MED.VILESP.14.68.97.MED-200.2.T.D / 13.', NULL, NULL, '', 'PENDIENTE', 'VILLA ESPERANZA', 61230, 51722, 68, '2016'),
(289, 3, 821, 37, 485, 'D', 'T', 20, 'INVITADO', 'MED.VILESP.14.68.97.MED - 201.2.T.D / 17.', NULL, NULL, '', 'PENDIENTE', 'VILLA ESPERANZA', 61231, 51728, 68, '2016'),
(290, 3, 820, 133, 4365, 'H', 'M', 20, 'INVITADO', 'MED.VILESP.14.68.97.MED - 203.2.M.H / 20.', NULL, NULL, '', 'PENDIENTE', 'VILLA ESPERANZA', 61242, 51744, 68, '2016'),
(291, 3, 819, 78, 1383, 'E', 'M', 20, 'INVITADO', 'MED.VILESP.14.68.97.MED - 202.2.M.E / 23.', NULL, NULL, '', 'PENDIENTE', 'VILLA ESPERANZA', 61244, 51747, 68, '2016'),
(292, 3, 1359, 40, 534, 'PH', 'M', 40, 'INVITADO', 'MED.VILESP.14.68.97.MED-501.5.M.PH / 91.', NULL, NULL, '', 'PENDIENTE', 'VILLA ESPERANZA', 61248, 51765, 68, '2016'),
(293, 3, 822, 96, 1762, 'D', 'T', 20, 'INVITADO', 'MED.VILESP.14.68.97.MED-204.2.T.D / 25.', NULL, NULL, '', 'PENDIENTE', 'VILLA ESPERANZA', 61256, 51750, 68, '2016'),
(294, 3, 820, 70, 1290, 'E', 'M', 20, 'INVITADO', 'MED.VILESP.14.68.97.MED - 203.2.M.E / 30.', NULL, NULL, '', 'PENDIENTE', 'VILLA ESPERANZA', 61257, 51785, 68, '2016'),
(295, 3, 820, 22, 309, 'D', 'T', 20, 'INVITADO', 'MED.VILESP.14.68.97.MED - 203.2.T.D / 44.', NULL, NULL, '', 'PENDIENTE', 'VILLA ESPERANZA', 61263, 51786, 68, '2016'),
(296, 3, 819, 6, 124, 'G', 'M', 20, 'INVITADO', 'MED.VILESP.14.68.97.MED - 202.2.M.G / 52.', NULL, NULL, '', 'PENDIENTE', 'VILLA ESPERANZA', 61268, 51787, 68, '2016'),
(297, 3, 819, 67, 1281, 'D', 'T', 20, 'INVITADO', 'MED.VILESP.14.68.97.MED - 202.2.T.D / 83.', NULL, NULL, '', 'PENDIENTE', 'VILLA ESPERANZA', 61271, 51788, 68, '2016'),
(298, 3, 820, 42, 577, 'G', 'T', 20, 'INVITADO', 'MED.VILESP.14.68.97.MED - 203.2.T.G / 55.', NULL, NULL, '', 'PENDIENTE', 'VILLA ESPERANZA', 61274, 51789, 68, '2016'),
(299, 3, 818, 86, 1550, 'B', 'T', 28, 'INVITADO', 'MED.VILESP.14.68.97.MED-200.2.T.B / 64.', NULL, NULL, '', 'PENDIENTE', 'VILLA ESPERANZA', 61277, 51791, 68, '2016');
INSERT INTO `asignacion` (`id_asignacion`, `id_gestion`, `id_asignatura`, `id_docente`, `siacop_id_persona`, `paralelo`, `turno`, `horas_asignadas`, `categoria`, `nombramiento`, `nombramiento_archivo_digital`, `evaluacion_nota`, `evaluacion_archivo_digital`, `estado`, `nombre_sede`, `siacop_id_asignacion_docente`, `siacop_id_asignacion`, `siacop_id_gestion`, `siacop_gestion`) VALUES
(300, 3, 821, 130, 4107, 'H', 'M', 20, 'INVITADO', 'MED.VILESP.14.68.97.MED - 201.2.M.H / 65.', NULL, NULL, '', 'PENDIENTE', 'VILLA ESPERANZA', 61279, 51792, 68, '2016'),
(301, 3, 1343, 192, 40101, 'PH', 'M', 40, 'INVITADO', 'MED.VILESP.14.68.97.MED-301-02.3.M.PH / 11.', NULL, NULL, '', 'PENDIENTE', 'VILLA ESPERANZA', 61292, 51795, 68, '2016'),
(302, 3, 1342, 175, 35294, 'PH', 'M', 40, 'INVITADO', 'MED.VILESP.14.68.97.MED-301-01.3.M.PH / 14.', NULL, NULL, '', 'PENDIENTE', 'VILLA ESPERANZA', 61313, 51813, 68, '2016'),
(303, 3, 1342, 173, 35284, 'PH', 'M', 40, 'INVITADO', 'MED.VILESP.14.68.97.MED-301-01.3.M.PH / 15.', NULL, NULL, '', 'PENDIENTE', 'VILLA ESPERANZA', 61314, 51803, 68, '2016'),
(304, 3, 1342, 171, 35253, 'PH', 'M', 40, 'INVITADO', 'MED.VILESP.14.68.97.MED-301-01.3.M.PH / 16.', NULL, NULL, '', 'PENDIENTE', 'VILLA ESPERANZA', 61315, 51806, 68, '2016'),
(305, 3, 825, 95, 1760, 'E', 'T', 24, 'INVITADO', 'MED.VILESP.14.68.97.MED - 303.3.T.E / 79.', NULL, NULL, '', 'PENDIENTE', 'VILLA ESPERANZA', 61316, 51801, 68, '2016'),
(306, 3, 1342, 11, 198, 'PH', 'M', 40, 'INVITADO', 'MED.VILESP.14.68.97.MED-301-01.3.M.PH / 81.', NULL, NULL, '', 'PENDIENTE', 'VILLA ESPERANZA', 61317, 51798, 68, '2016'),
(307, 3, 827, 147, 4485, 'PH', 'M', 20, 'INVITADO', 'MED.VILESP.14.68.97.MED - 304.3.M.PH / 24.', NULL, NULL, '', 'PENDIENTE', 'VILLA ESPERANZA', 61318, 51809, 68, '2016'),
(308, 3, 823, 132, 4364, 'A', 'M', 24, 'INVITADO', 'MED.VILESP.14.68.97.MED-300.3.M.A / 35.', NULL, NULL, '', 'PENDIENTE', 'VILLA ESPERANZA', 61319, 51805, 68, '2016'),
(309, 3, 1342, 184, 38686, 'PH', 'M', 40, 'INVITADO', 'MED.VILESP.14.68.97.MED-301-01.3.M.PH / 42.', NULL, NULL, '', 'PENDIENTE', 'VILLA ESPERANZA', 61320, 51800, 68, '2016'),
(310, 3, 1342, 131, 4363, 'PH', 'M', 40, 'INVITADO', 'MED.VILESP.14.68.97.MED-301-01.3.M.PH / 46.', NULL, NULL, '', 'PENDIENTE', 'VILLA ESPERANZA', 61321, 51807, 68, '2016'),
(311, 3, 824, 64, 1277, 'C', 'T', 24, 'INVITADO', 'MED.VILESP.14.68.97.MED - 302.3.T.C / 48.', NULL, NULL, '', 'PENDIENTE', 'VILLA ESPERANZA', 61322, 51808, 68, '2016'),
(312, 3, 827, 181, 35322, 'PH', 'M', 20, 'INVITADO', 'MED.VILESP.14.68.97.MED - 304.3.M.PH / 107.', NULL, NULL, '', 'PENDIENTE', 'VILLA ESPERANZA', 61323, 51804, 68, '2016'),
(313, 3, 1344, 18, 256, 'PH', 'M', 40, 'INVITADO', 'MED.VILESP.14.68.97.MED-301-03.3.M.PH / 60.', NULL, NULL, '', 'PENDIENTE', 'VILLA ESPERANZA', 61325, 51812, 68, '2016'),
(314, 3, 1342, 170, 35252, 'PH', 'M', 40, 'INVITADO', 'MED.VILESP.14.68.97.MED-301-01.3.M.PH / 61.', NULL, NULL, '', 'PENDIENTE', 'VILLA ESPERANZA', 61326, 51799, 68, '2016'),
(315, 3, 825, 20, 268, 'D', 'M', 24, 'INVITADO', 'MED.VILESP.14.68.97.MED - 303.3.M.D / 66.', NULL, NULL, '', 'PENDIENTE', 'VILLA ESPERANZA', 61327, 51814, 68, '2016'),
(316, 3, 1342, 150, 4507, 'PH', 'M', 40, 'INVITADO', 'MED.VILESP.14.68.97.MED-301-01.3.M.PH / 67.', NULL, NULL, '', 'PENDIENTE', 'VILLA ESPERANZA', 61328, 51815, 68, '2016'),
(317, 3, 1342, 185, 38689, 'PH', 'M', 40, 'INVITADO', 'MED.VILESP.14.68.97.MED-301-01.3.M.PH / 88.', NULL, NULL, '', 'PENDIENTE', 'VILLA ESPERANZA', 61330, 51817, 68, '2016'),
(318, 3, 825, 90, 1706, 'C', 'T', 24, 'INVITADO', 'MED.VILESP.14.68.97.MED - 303.3.T.C / 87.', NULL, NULL, '', 'PENDIENTE', 'VILLA ESPERANZA', 61331, 51818, 68, '2016'),
(319, 3, 1354, 190, 39951, 'PH', 'M', 40, 'INVITADO', 'MED.VILESP.14.68.97.MED-401 .4.M.PH / 2.', NULL, NULL, '', 'PENDIENTE', 'VILLA ESPERANZA', 61332, 51819, 68, '2016'),
(320, 3, 1348, 95, 1760, 'PH', 'M', 40, 'INVITADO', 'MED.VILESP.14.68.97.MED-400 .4.M.PH / 19.', NULL, NULL, '', 'PENDIENTE', 'VILLA ESPERANZA', 61333, 51820, 68, '2016'),
(321, 3, 1351, 72, 1313, 'PH', 'M', 40, 'INVITADO', 'MED.VILESP.14.68.97.MED-400 .4.M.PH / 29.', NULL, NULL, '', 'PENDIENTE', 'VILLA ESPERANZA', 61334, 51821, 68, '2016'),
(322, 3, 833, 47, 677, 'PH', 'M', 40, 'INVITADO', 'MED.VILESP.14.68.97.MED-404.4.M.PH / 36.', NULL, NULL, '', 'PENDIENTE', 'VILLA ESPERANZA', 61335, 51822, 68, '2016'),
(323, 3, 832, 141, 4392, 'PH', 'M', 40, 'INVITADO', 'MED.VILESP.14.68.97.MED - 403.4.M.PH / 45.', NULL, NULL, '', 'PENDIENTE', 'VILLA ESPERANZA', 61336, 51823, 68, '2016'),
(324, 3, 828, 180, 35315, 'A', 'T', 16, 'INVITADO', 'MED.VILESP.14.68.97.MED - 305.3.T.A / 34.', NULL, NULL, '', 'PENDIENTE', 'VILLA ESPERANZA', 61337, 51833, 68, '2016'),
(325, 3, 1350, 102, 2229, 'PH', 'M', 40, 'INVITADO', 'MED.VILESP.14.68.97.MED-400 .4.M.PH / 53.', NULL, NULL, '', 'PENDIENTE', 'VILLA ESPERANZA', 61338, 51830, 68, '2016'),
(326, 3, 1353, 126, 3521, 'PH', 'M', 40, 'INVITADO', 'MED.VILESP.14.68.97.MED-401 .4.M.PH / 84.', NULL, NULL, '', 'PENDIENTE', 'VILLA ESPERANZA', 61339, 51829, 68, '2016'),
(327, 3, 831, 188, 39931, 'PH', 'M', 40, 'INVITADO', 'MED.VILESP.14.68.97.MED - 402.4.M.PH / 57.', NULL, NULL, '', 'PENDIENTE', 'VILLA ESPERANZA', 61340, 51826, 68, '2016'),
(328, 3, 1346, 138, 4387, 'PH', 'M', 40, 'INVITADO', 'MED.VILESP.14.68.97.MED-400 .4.M.PH / 62.', NULL, NULL, '', 'PENDIENTE', 'VILLA ESPERANZA', 61341, 51827, 68, '2016'),
(329, 3, 1354, 17, 253, 'PH', 'M', 40, 'INVITADO', 'MED.VILESP.14.68.97.MED-401 .4.M.PH / 85.', NULL, NULL, '', 'PENDIENTE', 'VILLA ESPERANZA', 61342, 51828, 68, '2016'),
(330, 3, 1353, 76, 1349, 'PH', 'M', 40, 'INVITADO', 'MED.VILESP.14.68.97.MED-401 .4.M.PH / 86.', NULL, NULL, '', 'PENDIENTE', 'VILLA ESPERANZA', 61343, 51825, 68, '2016'),
(331, 3, 1350, 139, 4388, 'PH', 'M', 40, 'INVITADO', 'MED.VILESP.14.68.97.MED-400 .4.M.PH / 71.', NULL, NULL, '', 'PENDIENTE', 'VILLA ESPERANZA', 61344, 51824, 68, '2016'),
(332, 3, 1345, 176, 35299, 'PH', 'M', 40, 'INVITADO', 'MED.VILESP.14.68.97.MED-400 .4.M.PH / 74.', NULL, NULL, '', 'PENDIENTE', 'VILLA ESPERANZA', 61345, 51831, 68, '2016'),
(333, 3, 834, 98, 1783, 'B', 'T', 24, 'INVITADO', 'MED.VILESP.14.68.97.MED-405.4.T.B / 76.', NULL, NULL, '', 'PENDIENTE', 'VILLA ESPERANZA', 61346, 51832, 68, '2016'),
(334, 3, 1355, 80, 1456, 'PH', 'M', 40, 'INVITADO', 'MED.VILESP.14.68.97.MED-500.5.M.PH / 5.', NULL, NULL, '', 'PENDIENTE', 'VILLA ESPERANZA', 61354, 51848, 68, '2016'),
(335, 3, 1363, 154, 4637, 'PH', 'M', 40, 'INVITADO', 'MED.VILESP.14.68.97.MED-501.5.M.PH / 6.', NULL, NULL, '', 'PENDIENTE', 'VILLA ESPERANZA', 61355, 51842, 68, '2016'),
(336, 3, 1361, 81, 1457, 'PH', 'M', 40, 'INVITADO', 'MED.VILESP.14.68.97.MED-501.5.M.PH / 12.', NULL, NULL, '', 'PENDIENTE', 'VILLA ESPERANZA', 61357, 51843, 68, '2016'),
(337, 3, 1361, 123, 3430, 'PH', 'M', 40, 'INVITADO', 'MED.VILESP.14.68.97.MED-501.5.M.PH / 21.', NULL, NULL, '', 'PENDIENTE', 'VILLA ESPERANZA', 61359, 51845, 68, '2016'),
(338, 3, 1364, 104, 2313, 'PH', 'M', 40, 'INVITADO', 'MED.VILESP.14.68.97.MED-502.5.M.PH / 22.', NULL, NULL, '', 'PENDIENTE', 'VILLA ESPERANZA', 61360, 51852, 68, '2016'),
(339, 3, 1355, 143, 4397, 'PH', 'M', 40, 'INVITADO', 'MED.VILESP.14.68.97.MED-500.5.M.PH / 39.', NULL, NULL, '', 'PENDIENTE', 'VILLA ESPERANZA', 61362, 51841, 68, '2016'),
(340, 3, 838, 113, 3298, 'PH', 'M', 40, 'INVITADO', 'MED.VILESP.14.68.97.MED - 503.5.M.PH / 40.', NULL, NULL, '', 'PENDIENTE', 'VILLA ESPERANZA', 61363, 51849, 68, '2016'),
(341, 3, 1363, 19, 257, 'PH', 'M', 40, 'INVITADO', 'MED.VILESP.14.68.97.MED-501.5.M.PH / 82.', NULL, NULL, '', 'PENDIENTE', 'VILLA ESPERANZA', 61365, 51858, 68, '2016'),
(342, 3, 1359, 189, 39937, 'PH', 'M', 40, 'INVITADO', 'MED.VILESP.14.68.97.MED-501.5.M.PH / 92.', NULL, NULL, '', 'PENDIENTE', 'VILLA ESPERANZA', 61367, 51853, 68, '2016'),
(343, 3, 838, 177, 35311, 'PH', 'M', 40, 'INVITADO', 'MED.VILESP.14.68.97.MED - 503.5.M.PH / 141.', NULL, NULL, '', 'PENDIENTE', 'VILLA ESPERANZA', 61368, 51859, 68, '2016'),
(344, 3, 1364, 140, 4391, 'PH', 'M', 40, 'INVITADO', 'MED.VILESP.14.68.97.MED-502.5.M.PH / 51.', NULL, NULL, '', 'PENDIENTE', 'VILLA ESPERANZA', 61371, 51847, 68, '2016'),
(345, 3, 1359, 136, 4381, 'PH', 'M', 40, 'INVITADO', 'MED.VILESP.14.68.97.MED-501.5.M.PH / 54.', NULL, NULL, '', 'PENDIENTE', 'VILLA ESPERANZA', 61372, 51850, 68, '2016'),
(346, 3, 1357, 75, 1337, 'PH', 'M', 40, 'INVITADO', 'MED.VILESP.14.68.97.MED-500.5.M.PH / 58.', NULL, NULL, '', 'PENDIENTE', 'VILLA ESPERANZA', 61373, 51854, 68, '2016'),
(347, 3, 1357, 191, 39970, 'PH', 'M', 40, 'INVITADO', 'MED.VILESP.14.68.97.MED-500.5.M.PH / 63.', NULL, NULL, '', 'PENDIENTE', 'VILLA ESPERANZA', 61375, 51862, 68, '2016'),
(348, 3, 1365, 142, 4396, 'PH', 'M', 40, 'INVITADO', 'MED.VILESP.14.68.97.MED-502.5.M.PH / 72.', NULL, NULL, '', 'PENDIENTE', 'VILLA ESPERANZA', 61376, 51855, 68, '2016'),
(349, 3, 1364, 155, 4830, 'PH', 'M', 40, 'INVITADO', 'MED.VILESP.14.68.97.MED-502.5.M.PH / 142.', NULL, NULL, '', 'PENDIENTE', 'VILLA ESPERANZA', 61377, 51864, 68, '2016'),
(350, 3, 1343, 174, 35293, 'PH', 'M', 40, 'INVITADO', 'MED.VILESP.14.68.97.MED-301-02.3.M.PH / 26.', NULL, NULL, '', 'PENDIENTE', 'VILLA ESPERANZA', 61785, 52321, 68, '2016'),
(351, 3, 825, 148, 4486, 'A', 'M', 24, 'INVITADO', 'MED.VILESP.14.68.97.MED - 303.3.M.A / 27.', NULL, NULL, '', 'PENDIENTE', 'VILLA ESPERANZA', 61787, 52324, 68, '2016'),
(352, 3, 824, 56, 800, 'F', 'T', 24, 'INVITADO', 'MED.VILESP.14.68.97.MED - 302.3.T.F / 41.', NULL, NULL, '', 'PENDIENTE', 'VILLA ESPERANZA', 61790, 52327, 68, '2016'),
(353, 3, 824, 182, 38035, 'E', 'T', 24, 'INVITADO', 'MED.VILESP.14.68.97.MED - 302.3.T.E / 47.', NULL, NULL, '', 'PENDIENTE', 'VILLA ESPERANZA', 61803, 52325, 68, '2016'),
(354, 3, 1342, 119, 3308, 'PH', 'M', 40, 'INVITADO', 'MED.VILESP.14.68.97.MED-301-01.3.M.PH / 75.', NULL, NULL, '', 'PENDIENTE', 'VILLA ESPERANZA', 61805, 52322, 68, '2016'),
(355, 3, 1349, 62, 1275, 'PH', 'M', 40, 'INVITADO', 'MED.VILESP.14.68.97.MED-400 .4.M.PH / 138.', NULL, NULL, '', 'PENDIENTE', 'VILLA ESPERANZA', 61831, 52316, 68, '2016'),
(356, 3, 818, 125, 3497, 'C', 'T', 28, 'INVITADO', NULL, NULL, NULL, '', 'PENDIENTE', 'VILLA ESPERANZA', 63129, 53256, 68, '2016'),
(357, 3, 818, 125, 3497, 'H', 'T', 28, 'INVITADO', NULL, NULL, NULL, '', 'PENDIENTE', 'VILLA ESPERANZA', 63130, 53257, 68, '2016'),
(358, 3, 2549, 135, 4380, 'PH', 'M', 22, 'INVITADO', 'MED.VILESP.14.68.97.MED-600.6.M.PH / 112.', NULL, NULL, '', 'PENDIENTE', 'VILLA ESPERANZA', 63135, 53255, 68, '2016'),
(359, 3, 1347, 61, 1271, 'PH', 'M', 40, 'INVITADO', 'MED.VILESP.14.68.97.MED-400 .4.M.PH / 98.', NULL, NULL, '', 'PENDIENTE', 'VILLA ESPERANZA', 64531, 54102, 68, '2016'),
(360, 3, 1342, 7, 139, 'PH', 'M', 32, 'INVITADO', 'MED.VILESP.14.68.97.MED-301-01.3.M.PH / 94.', NULL, NULL, '', 'PENDIENTE', 'VILLA ESPERANZA', 64532, 54258, 68, '2016'),
(361, 3, 1352, 187, 38727, 'PH', 'M', 32, 'INVITADO', 'MED.VILESP.14.68.97.MED-401 .4.M.PH / 96.', NULL, NULL, '', 'PENDIENTE', 'VILLA ESPERANZA', 64534, 54259, 68, '2016'),
(362, 3, 1342, 112, 2919, 'PH', 'M', 32, 'INVITADO', 'MED.VILESP.14.68.97.MED-301-01.3.M.PH / 90.', NULL, NULL, '', 'PENDIENTE', 'VILLA ESPERANZA', 64535, 54260, 68, '2016'),
(363, 3, 827, 69, 1284, 'PH', 'M', 15, 'INVITADO', 'MED.VILESP.14.68.97.MED - 304.3.M.PH / 130.', NULL, NULL, '', 'PENDIENTE', 'VILLA ESPERANZA', 64537, 51810, 68, '2016'),
(364, 3, 1355, 80, 1456, 'PH', 'M', 40, 'INVITADO', 'MED.VILESP.14.68.97.MED-500.5.M.PH / 89.', NULL, NULL, '', 'PENDIENTE', 'VILLA ESPERANZA', 64542, 54265, 68, '2016'),
(365, 3, 832, 197, 43272, 'PH', 'M', 40, 'INVITADO', 'MED.VILESP.14.68.97.MED - 403.4.M.PH / 97.', NULL, NULL, '', 'PENDIENTE', 'VILLA ESPERANZA', 64859, 54101, 68, '2016'),
(366, 3, 1358, 196, 43141, 'PH', 'M', 40, 'INVITADO', 'MED.VILESP.14.68.97.MED-500.5.M.PH / 149.', NULL, NULL, '', 'PENDIENTE', 'VILLA ESPERANZA', 64862, 54290, 68, '2016'),
(367, 3, 1360, 195, 42857, 'PH', 'M', 40, 'INVITADO', 'MED.VILESP.14.68.97.MED-501.5.M.PH / 129.', NULL, NULL, '', 'PENDIENTE', 'VILLA ESPERANZA', 64863, 52318, 68, '2016'),
(368, 3, 1356, 194, 40190, 'PH', 'M', 40, 'INVITADO', 'MED.VILESP.14.68.97.MED-500.5.M.PH / 122.', NULL, NULL, '', 'PENDIENTE', 'VILLA ESPERANZA', 64868, 54112, 68, '2016'),
(369, 3, 1363, 201, 46498, 'PH', 'M', 40, 'INVITADO', 'MED.VILESP.14.68.97.MED-501.5.M.PH / 134.', NULL, NULL, '', 'PENDIENTE', 'VILLA ESPERANZA', 64869, 54291, 68, '2016'),
(370, 3, 817, 199, 45552, 'E', 'T', 12, 'INVITADO', 'MED.VILESP.14.68.97.MED - 103.1.T.E / 121.', NULL, NULL, '', 'PENDIENTE', 'VILLA ESPERANZA', 64870, 54299, 68, '2016'),
(371, 3, 818, 198, 44407, 'F', 'T', 25, 'INVITADO', 'MED.VILESP.14.68.97.MED-200.2.T.F / 99.', NULL, NULL, '', 'PENDIENTE', 'VILLA ESPERANZA', 64873, 54301, 68, '2016'),
(372, 3, 1345, 203, 46798, 'PH', 'M', 32, 'INVITADO', 'MED.VILESP.14.68.97.MED-400 .4.M.PH / 128.', NULL, NULL, '', 'PENDIENTE', 'VILLA ESPERANZA', 64874, 54105, 68, '2016'),
(373, 3, 823, 200, 46370, 'B', 'M', 18, 'INVITADO', 'MED.VILESP.14.68.97.MED-300.3.M.B / 133.', NULL, NULL, '', 'PENDIENTE', 'VILLA ESPERANZA', 64875, 54302, 68, '2016'),
(374, 3, 823, 73, 1314, 'D', 'M', 21, 'INVITADO', 'MED.VILESP.14.68.97.MED-300.3.M.D / 139.', NULL, NULL, '', 'PENDIENTE', 'VILLA ESPERANZA', 64881, 54306, 68, '2016'),
(375, 3, 1351, 205, 46885, 'PH', 'M', 32, 'INVITADO', 'MED.VILESP.14.68.97.MED-400 .4.M.PH / 126.', NULL, NULL, '', 'PENDIENTE', 'VILLA ESPERANZA', 64882, 54309, 68, '2016'),
(376, 3, 840, 202, 46538, 'B', 'T', 18, 'INVITADO', 'MED.VILESP.14.68.97.MED - 505.5.T.B / 120.', NULL, NULL, '', 'PENDIENTE', 'VILLA ESPERANZA', 64886, 54313, 68, '2016'),
(377, 3, 1342, 23, 313, 'PH', 'M', 40, 'INVITADO', 'MED.VILESP.14.68.97.MED-301-01.3.M.PH / 93.', NULL, NULL, '', 'PENDIENTE', 'VILLA ESPERANZA', 64887, 54491, 68, '2016'),
(378, 3, 1349, 111, 2918, 'PH', 'M', 40, 'INVITADO', 'MED.VILESP.14.68.97.MED-400 .4.M.PH / 95.', NULL, NULL, '', 'PENDIENTE', 'VILLA ESPERANZA', 64888, 54103, 68, '2016'),
(379, 3, 815, 115, 3301, 'I', 'T', 10, 'INVITADO', 'MED.VILESP.14.68.97.MED - 101.1.T.I / 115.', NULL, NULL, '', 'PENDIENTE', 'VILLA ESPERANZA', 65090, 54583, 68, '2016'),
(380, 3, 817, 129, 3868, 'H', 'T', 8, 'INVITADO', 'MED.VILESP.14.68.97.MED - 103.1.T.H / 118.', NULL, NULL, '', 'PENDIENTE', 'VILLA ESPERANZA', 65093, 54584, 68, '2016'),
(381, 3, 816, 134, 4368, 'J', 'T', 10, 'INVITADO', 'MED.VILESP.14.68.97.MED - 102.1.T.J / 109.', NULL, NULL, '', 'PENDIENTE', 'VILLA ESPERANZA', 65094, 54585, 68, '2016'),
(382, 3, 815, 172, 35254, 'L', 'T', 5, 'INVITADO', 'MED.VILESP.14.68.97.MED - 101.1.T.L / 110.', NULL, NULL, '', 'PENDIENTE', 'VILLA ESPERANZA', 65095, 54586, 68, '2016'),
(383, 3, 818, 97, 1764, 'E', 'T', 18, 'INVITADO', 'MED.VILESP.14.68.97.MED-200.2.T.E / 100.', NULL, NULL, '', 'PENDIENTE', 'VILLA ESPERANZA', 65099, 54588, 68, '2016'),
(384, 3, 819, 63, 1276, 'H', 'M', 15, 'INVITADO', 'MED.VILESP.14.68.97.MED - 202.2.M.H / 117.', NULL, NULL, '', 'PENDIENTE', 'VILLA ESPERANZA', 65101, 54589, 68, '2016'),
(385, 3, 828, 180, 35315, 'B', 'T', 8, 'INVITADO', 'MED.VILESP.14.68.97.MED - 305.3.T.B / 104.', NULL, NULL, '', 'PENDIENTE', 'VILLA ESPERANZA', 65102, 54590, 68, '2016'),
(386, 3, 823, 132, 4364, 'E', 'T', 12, 'INVITADO', 'MED.VILESP.14.68.97.MED-300.3.T.E / 105.', NULL, NULL, '', 'PENDIENTE', 'VILLA ESPERANZA', 65103, 54591, 68, '2016'),
(387, 3, 818, 86, 1550, 'I', 'T', 18, 'INVITADO', 'MED.VILESP.14.68.97.MED-200.2.T.I / 111.', NULL, NULL, '', 'PENDIENTE', 'VILLA ESPERANZA', 65104, 54592, 68, '2016'),
(388, 3, 821, 60, 1268, 'F', 'T', 10, 'INVITADO', 'MED.VILESP.14.68.97.MED - 201.2.T.F / 116.', NULL, NULL, '', 'PENDIENTE', 'VILLA ESPERANZA', 65106, 54587, 68, '2016'),
(389, 3, 814, 36, 477, 'L', 'T', 25, 'INVITADO', 'MED.VILESP.14.68.97.MED - 100.1.T.L / 102.', NULL, NULL, '', 'PENDIENTE', 'VILLA ESPERANZA', 65110, 54603, 68, '2016'),
(390, 3, 814, 159, 5491, 'A', 'M', 20, 'INVITADO', 'MED.VILESP.14.68.97.MED - 100.1.M.A / 103.', NULL, NULL, '', 'PENDIENTE', 'VILLA ESPERANZA', 65112, 54604, 68, '2016'),
(391, 3, 1353, 106, 2400, 'PH', 'M', 22, 'INVITADO', 'MED.VILESP.14.68.97.MED-401 .4.M.PH / 143.', NULL, NULL, '', 'PENDIENTE', 'VILLA ESPERANZA', 65225, 54311, 68, '2016'),
(392, 3, 840, 208, 49717, 'A', 'T', 18, 'INVITADO', 'MED.VILESP.14.68.97.MED - 505.5.T.A / 127.', NULL, NULL, '', 'PENDIENTE', 'VILLA ESPERANZA', 65227, 54315, 68, '2016'),
(393, 3, 1360, 209, 49718, 'PH', 'M', 32, 'INVITADO', 'MED.VILESP.14.68.97.MED-501.5.M.PH / 123.', NULL, NULL, '', 'PENDIENTE', 'VILLA ESPERANZA', 65228, 54107, 68, '2016'),
(394, 3, 827, 204, 46815, 'PH', 'M', 20, 'INVITADO', 'MED.VILESP.14.68.97.MED - 304.3.M.PH / 125.', NULL, NULL, '', 'PENDIENTE', 'VILLA ESPERANZA', 65229, 54308, 68, '2016'),
(395, 3, 818, 134, 4368, 'H', 'T', 28, 'INVITADO', 'MED.VILESP.14.68.97.MED-200.2.T.H / 108.', NULL, NULL, '', 'PENDIENTE', 'VILLA ESPERANZA', 65231, 54257, 68, '2016'),
(396, 3, 827, 44, 629, 'PH', 'M', 12, 'INVITADO', 'MED.VILESP.14.68.97.MED - 304.3.M.PH / 106.', NULL, NULL, '', 'PENDIENTE', 'VILLA ESPERANZA', 65234, 54650, 68, '2016'),
(397, 3, 816, 29, 372, 'L', 'T', 20, 'INVITADO', 'MED.VILESP.14.68.97.MED - 102.1.T.L / 113.', NULL, NULL, '', 'PENDIENTE', 'VILLA ESPERANZA', 65238, 54649, 68, '2016'),
(398, 3, 816, 35, 475, 'E', 'T', 13, 'INVITADO', 'MED.VILESP.14.68.97.MED - 102.1.T.E / 114.', NULL, NULL, '', 'PENDIENTE', 'VILLA ESPERANZA', 65240, 54651, 68, '2016'),
(399, 3, 822, 25, 343, 'B', 'T', 20, 'INVITADO', 'MED.VILESP.14.68.97.MED-204.2.T.B / 101.', NULL, NULL, '', 'PENDIENTE', 'VILLA ESPERANZA', 65244, 51730, 68, '2016'),
(400, 3, 815, 125, 3497, 'E', 'M', 20, 'INVITADO', 'MED.VILESP.14.68.97.MED - 101.1.M.E / 119.', NULL, NULL, '', 'PENDIENTE', 'VILLA ESPERANZA', 65463, 54783, 68, '2016'),
(401, 3, 818, 160, 5737, 'C', 'T', 28, 'INVITADO', 'MED.VILESP.14.68.97.MED-200.2.T.C / 124.', NULL, NULL, '', 'PENDIENTE', 'VILLA ESPERANZA', 65464, 54784, 68, '2016'),
(402, 3, 827, 120, 3309, 'PH', 'M', 20, 'INVITADO', 'MED.VILESP.14.68.97.MED - 304.3.M.PH / 135.', NULL, NULL, '', 'PENDIENTE', 'VILLA ESPERANZA', 65684, 54785, 68, '2016'),
(403, 3, 815, 183, 38685, 'J', 'M', 10, 'INVITADO', 'MED.VILESP.14.68.97.MED - 101.1.M.J / 132.', NULL, NULL, '', 'PENDIENTE', 'VILLA ESPERANZA', 65690, 54932, 68, '2016'),
(404, 3, 817, 199, 45552, 'D', 'T', 12, 'INVITADO', 'MED.VILESP.14.68.97.MED - 103.1.T.D / 131.', NULL, NULL, '', 'PENDIENTE', 'VILLA ESPERANZA', 66323, 54490, 68, '2016'),
(405, 3, 1356, 211, 51270, 'PH', 'M', 40, 'INVITADO', 'MED.VILESP.14.68.97.MED-500.5.M.PH / 136.', NULL, NULL, '', 'PENDIENTE', 'VILLA ESPERANZA', 66393, 54926, 68, '2016'),
(406, 3, 815, 210, 51246, 'G', 'T', 20, 'INVITADO', 'MED.VILESP.14.68.97.MED - 101.1.T.G / 140.', NULL, NULL, '', 'PENDIENTE', 'VILLA ESPERANZA', 66509, 52497, 68, '2016'),
(407, 3, 827, 65, 1278, 'PH', 'M', 20, 'INVITADO', 'MED.VILESP.14.68.97.MED - 304.3.M.PH / 137.', NULL, NULL, '', 'PENDIENTE', 'VILLA ESPERANZA', 66823, 55679, 68, '2016'),
(408, 4, 3494, 45, 630, 'A', 'M', 13, 'INVESTIGADOR', 'MED.DEPINV.14.71.97.INV.11.M.A / 3.', NULL, NULL, '', 'PENDIENTE', 'INSTITUTO DE  INVESTIGACIÓN', 66957, 55774, 71, '2016 INVESTIGACION'),
(409, 4, 3494, 129, 3868, 'B', 'T', 20, 'INVESTIGADOR', 'MED.DEPINV.14.71.97.INV.11.T.B / 2.', NULL, NULL, '', 'PENDIENTE', 'INSTITUTO DE  INVESTIGACIÓN', 66958, 55775, 71, '2016 INVESTIGACION'),
(410, 4, 3494, 125, 3497, 'C', 'T', 20, 'INVESTIGADOR', 'MED.DEPINV.14.71.97.INV.11.T.C / 1.', NULL, NULL, '', 'PENDIENTE', 'INSTITUTO DE  INVESTIGACIÓN', 66959, 55776, 71, '2016 INVESTIGACION'),
(411, 3, 814, 10, 187, 'A', 'M', 20, 'CONTRATADO', 'MED.VILESP.14.68.97.MED - 100.1.M.A / 56.', NULL, NULL, '', 'PENDIENTE', 'VILLA ESPERANZA', 67043, 55844, 68, '2016'),
(412, 4, 3494, 64, 1277, 'D', 'T', 20, 'INVESTIGADOR', 'MED.DEPINV.14.71.97.INV.11.T.D / 5.', NULL, NULL, '', 'PENDIENTE', 'INSTITUTO DE  INVESTIGACIÓN', 67358, 56352, 71, '2016 INVESTIGACION'),
(413, 4, 3494, 172, 35254, 'E', 'M', 20, 'INVESTIGADOR', 'MED.DEPINV.14.71.97.INV.11.M.E / 6.', NULL, NULL, '', 'PENDIENTE', 'INSTITUTO DE  INVESTIGACIÓN', 67363, 56360, 71, '2016 INVESTIGACION'),
(414, 4, 3494, 83, 1472, 'F', 'M', 20, 'INVESTIGADOR', 'MED.DEPINV.14.71.97.INV.11.M.F / 4.', NULL, NULL, '', 'PENDIENTE', 'INSTITUTO DE  INVESTIGACIÓN', 67416, 56358, 71, '2016 INVESTIGACION'),
(415, 3, 824, 64, 1277, 'E', 'M', 24, 'INVITADO', 'MED.VILESP.14.68.97.MED - 302.3.M.E / 144.', NULL, NULL, '', 'PENDIENTE', 'VILLA ESPERANZA', 67872, 57259, 68, '2016'),
(416, 3, 1364, 220, 54780, 'PH', 'M', 34, 'INVITADO', 'MED.VILESP.14.68.97.MED-502.5.M.PH / 145.', NULL, NULL, '', 'PENDIENTE', 'VILLA ESPERANZA', 69206, 57260, 68, '2016'),
(417, 3, 1353, 219, 54618, 'PH', 'M', 40, 'INVITADO', 'MED.VILESP.14.68.97.MED-401 .4.M.PH / 146.', NULL, NULL, '', 'PENDIENTE', 'VILLA ESPERANZA', 69655, 58062, 68, '2016'),
(418, 4, 3494, 134, 4368, 'G', 'M', 20, 'INVESTIGADOR', 'MED.DEPINV.14.71.97.INV.11.M.G / 7.', NULL, NULL, '', 'PENDIENTE', 'INSTITUTO DE  INVESTIGACIÓN', 71218, 59241, 71, '2016 INVESTIGACION'),
(419, 3, 823, 207, 49708, 'C', 'T', 18, 'INVITADO', 'MED.VILESP.14.68.97.MED-300.3.T.C / 1.', NULL, NULL, '', 'PENDIENTE', 'VILLA ESPERANZA', 72147, 54303, 68, '2016'),
(420, 3, 1346, 221, 56132, 'PH', 'M', 32, 'INVITADO', 'MED.VILESP.14.68.97.MED-400 .4.M.PH / 148.', NULL, NULL, '', 'PENDIENTE', 'VILLA ESPERANZA', 72148, 55719, 68, '2016'),
(421, 3, 839, 28, 368, 'B', 'T', 12, 'INVITADO', 'MED.VILESP.14.68.97.MED - 504.5.T.B / 147.', NULL, NULL, '', 'PENDIENTE', 'VILLA ESPERANZA', 72157, 54261, 68, '2016'),
(422, 5, 814, 57, 808, 'G', 'T', 40, 'CONTRATADO', 'MED.VILESP.14.79.97.MED - 100.1.T.G / 1.', NULL, NULL, '', 'PENDIENTE', 'VILLA ESPERANZA', 72975, 60168, 79, '2017'),
(423, 5, 816, 29, 372, 'C', 'M', 20, 'CONTRATADO', 'MED.VILESP.14.79.97.MED - 102.1.M.C / 6.', NULL, NULL, '', 'PENDIENTE', 'VILLA ESPERANZA', 72976, 60169, 79, '2017'),
(424, 5, 816, 4, 74, 'B', 'M', 20, 'CONTRATADO', 'MED.VILESP.14.79.97.MED - 102.1.M.B / 11.', NULL, NULL, '', 'PENDIENTE', 'VILLA ESPERANZA', 72977, 60177, 79, '2017'),
(425, 5, 814, 55, 797, 'M', 'M', 40, 'CONTRATADO', 'MED.VILESP.14.79.97.MED - 100.1.M.M / 12.', NULL, NULL, '', 'PENDIENTE', 'VILLA ESPERANZA', 72978, 60178, 79, '2017'),
(426, 5, 815, 38, 488, 'B', 'M', 20, 'CONTRATADO', 'MED.VILESP.14.79.97.MED - 101.1.M.B / 16.', NULL, NULL, '', 'PENDIENTE', 'VILLA ESPERANZA', 72979, 60181, 79, '2017'),
(427, 5, 816, 83, 1472, 'A', 'M', 20, 'CONTRATADO', 'MED.VILESP.14.79.97.MED - 102.1.M.A / 18.', NULL, NULL, '', 'PENDIENTE', 'VILLA ESPERANZA', 72980, 60182, 79, '2017'),
(428, 5, 817, 45, 630, 'A', 'M', 16, 'CONTRATADO', 'MED.VILESP.14.79.97.MED - 103.1.M.A / 19.', NULL, NULL, '', 'PENDIENTE', 'VILLA ESPERANZA', 72981, 60189, 79, '2017'),
(429, 5, 816, 35, 475, 'D', 'T', 20, 'CONTRATADO', 'MED.VILESP.14.79.97.MED - 102.1.T.D / 25.', NULL, NULL, '', 'PENDIENTE', 'VILLA ESPERANZA', 72982, 60228, 79, '2017'),
(430, 5, 816, 35, 475, 'F', 'T', 20, 'CONTRATADO', 'MED.VILESP.14.79.97.MED - 102.1.T.F / 24.', NULL, NULL, '', 'PENDIENTE', 'VILLA ESPERANZA', 72983, 60229, 79, '2017'),
(431, 5, 814, 54, 776, 'B', 'M', 40, 'CONTRATADO', 'MED.VILESP.14.79.97.MED - 100.1.M.B / 28.', NULL, NULL, '', 'PENDIENTE', 'VILLA ESPERANZA', 72984, 60230, 79, '2017'),
(432, 5, 814, 58, 1251, 'K', 'N', 40, 'CONTRATADO', 'MED.VILESP.14.79.97.MED - 100.1.N.K / 36.', NULL, NULL, '', 'PENDIENTE', 'VILLA ESPERANZA', 72985, 60231, 79, '2017'),
(433, 5, 815, 16, 232, 'A', 'M', 20, 'CONTRATADO', 'MED.VILESP.14.79.97.MED - 101.1.M.A / 42.', NULL, NULL, '', 'PENDIENTE', 'VILLA ESPERANZA', 72986, 60232, 79, '2017'),
(434, 5, 815, 16, 232, 'F', 'T', 20, 'CONTRATADO', 'MED.VILESP.14.79.97.MED - 101.1.T.F / 41.', NULL, NULL, '', 'PENDIENTE', 'VILLA ESPERANZA', 72987, 60233, 79, '2017'),
(435, 5, 814, 10, 187, 'A', 'T', 40, 'CONTRATADO', 'MED.VILESP.14.79.97.MED - 100.1.T.A / 45.', NULL, NULL, '', 'PENDIENTE', 'VILLA ESPERANZA', 72988, 60167, 79, '2017'),
(436, 5, 814, 26, 351, 'C', 'T', 40, 'CONTRATADO', 'MED.VILESP.14.79.97.MED - 100.1.T.C / 47.', NULL, NULL, '', 'PENDIENTE', 'VILLA ESPERANZA', 72989, 60234, 79, '2017'),
(437, 5, 820, 114, 3299, 'B', 'M', 20, 'CONTRATADO', 'MED.VILESP.14.79.97.MED - 203.2.M.B / 2.', NULL, NULL, '', 'PENDIENTE', 'VILLA ESPERANZA', 72990, 60235, 79, '2017'),
(438, 5, 822, 41, 574, 'A', 'M', 20, 'CONTRATADO', 'MED.VILESP.14.79.97.MED-204.2.M.A / 3.', NULL, NULL, '', 'PENDIENTE', 'VILLA ESPERANZA', 72991, 60236, 79, '2017'),
(439, 5, 821, 37, 485, 'C', 'M', 20, 'CONTRATADO', 'MED.VILESP.14.79.97.MED - 201.2.M.C / 7.', NULL, NULL, '', 'PENDIENTE', 'VILLA ESPERANZA', 72992, 60237, 79, '2017'),
(440, 5, 820, 70, 1290, 'A', 'M', 20, 'CONTRATADO', 'MED.VILESP.14.79.97.MED - 203.2.M.A / 14.', NULL, NULL, '', 'PENDIENTE', 'VILLA ESPERANZA', 72993, 60238, 79, '2017'),
(441, 5, 821, 15, 229, 'G', 'M', 20, 'CONTRATADO', 'MED.VILESP.14.79.97.MED - 201.2.M.G / 20.', NULL, NULL, '', 'PENDIENTE', 'VILLA ESPERANZA', 72995, 60240, 79, '2017'),
(442, 5, 820, 22, 309, 'F', 'M', 20, 'CONTRATADO', 'MED.VILESP.14.79.97.MED - 203.2.M.F / 23.', NULL, NULL, '', 'PENDIENTE', 'VILLA ESPERANZA', 72996, 60241, 79, '2017'),
(443, 5, 819, 63, 1276, 'C', 'M', 20, 'CONTRATADO', 'MED.VILESP.14.79.97.MED - 202.2.M.C / 26.', NULL, NULL, '', 'PENDIENTE', 'VILLA ESPERANZA', 72997, 60242, 79, '2017'),
(444, 5, 819, 6, 124, 'F', 'T', 20, 'CONTRATADO', 'MED.VILESP.14.79.97.MED - 202.2.T.F / 30.', NULL, NULL, '', 'PENDIENTE', 'VILLA ESPERANZA', 72998, 60243, 79, '2017'),
(445, 5, 819, 43, 590, 'A', 'T', 20, 'CONTRATADO', 'MED.VILESP.14.79.97.MED - 202.2.T.A / 37.', NULL, NULL, '', 'PENDIENTE', 'VILLA ESPERANZA', 73000, 60245, 79, '2017'),
(446, 5, 819, 43, 590, 'B', 'M', 20, 'CONTRATADO', 'MED.VILESP.14.79.97.MED - 202.2.M.B / 38.', NULL, NULL, '', 'PENDIENTE', 'VILLA ESPERANZA', 73001, 60246, 79, '2017'),
(447, 5, 818, 48, 681, 'A', 'T', 28, 'CONTRATADO', 'MED.VILESP.14.79.97.MED-200.2.T.A / 43.', NULL, NULL, '', 'PENDIENTE', 'VILLA ESPERANZA', 73003, 60248, 79, '2017'),
(448, 5, 824, 8, 169, 'A', 'T', 24, 'CONTRATADO', 'MED.VILESP.14.79.97.MED - 302.3.T.A / 8.', NULL, NULL, '', 'PENDIENTE', 'VILLA ESPERANZA', 73004, 60249, 79, '2017'),
(449, 5, 1344, 24, 328, 'PH', 'M', 40, 'CONTRATADO', 'MED.VILESP.14.79.97.MED-301-03.3.M.PH / 50.', NULL, NULL, '', 'PENDIENTE', 'VILLA ESPERANZA', 73005, 60250, 79, '2017'),
(450, 5, 827, 149, 4488, 'PH', 'M', 20, 'CONTRATADO', 'MED.VILESP.14.79.97.MED - 304.3.M.PH / 13.', NULL, NULL, '', 'PENDIENTE', 'VILLA ESPERANZA', 73006, 60348, 79, '2017'),
(451, 5, 1342, 46, 641, 'PH', 'M', 40, 'CONTRATADO', 'MED.VILESP.14.79.97.MED-301-01.3.M.PH / 21.', NULL, NULL, '', 'PENDIENTE', 'VILLA ESPERANZA', 73007, 60344, 79, '2017'),
(452, 5, 824, 56, 800, 'D', 'M', 24, 'CONTRATADO', 'MED.VILESP.14.79.97.MED - 302.3.M.D / 22.', NULL, NULL, '', 'PENDIENTE', 'VILLA ESPERANZA', 73008, 60282, 79, '2017'),
(453, 5, 824, 21, 277, 'B', 'T', 24, 'CONTRATADO', 'MED.VILESP.14.79.97.MED - 302.3.T.B / 27.', NULL, NULL, '', 'PENDIENTE', 'VILLA ESPERANZA', 73009, 60283, 79, '2017'),
(454, 5, 1342, 14, 228, 'PH', 'M', 40, 'CONTRATADO', 'MED.VILESP.14.79.97.MED-301-01.3.M.PH / 29.', NULL, NULL, '', 'PENDIENTE', 'VILLA ESPERANZA', 73010, 60326, 79, '2017'),
(455, 5, 1342, 27, 359, 'PH', 'M', 40, 'CONTRATADO', 'MED.VILESP.14.79.97.MED-301-01.3.M.PH / 31.', NULL, NULL, '', 'PENDIENTE', 'VILLA ESPERANZA', 73011, 60327, 79, '2017'),
(456, 5, 823, 13, 227, 'F', 'T', 24, 'CONTRATADO', 'MED.VILESP.14.79.97.MED-300.3.T.F / 35.', NULL, NULL, '', 'PENDIENTE', 'VILLA ESPERANZA', 73012, 60286, 79, '2017'),
(457, 5, 825, 20, 268, 'G', 'T', 24, 'CONTRATADO', 'MED.VILESP.14.79.97.MED - 303.3.T.G / 44.', NULL, NULL, '', 'PENDIENTE', 'VILLA ESPERANZA', 73014, 60288, 79, '2017'),
(458, 5, 825, 90, 1706, 'F', 'T', 24, 'CONTRATADO', 'MED.VILESP.14.79.97.MED - 303.3.T.F / 48.', NULL, NULL, '', 'PENDIENTE', 'VILLA ESPERANZA', 73016, 60287, 79, '2017'),
(459, 5, 1348, 1, 6, 'PH', 'M', 40, 'CONTRATADO', 'MED.VILESP.14.79.97.MED-400 .4.M.PH / 9.', NULL, NULL, '', 'PENDIENTE', 'VILLA ESPERANZA', 73017, 60289, 79, '2017'),
(460, 5, 831, 51, 736, 'PH', 'M', 40, 'CONTRATADO', 'MED.VILESP.14.79.97.MED - 402.4.M.PH / 15.', NULL, NULL, '', 'PENDIENTE', 'VILLA ESPERANZA', 73018, 60372, 79, '2017'),
(461, 5, 1352, 44, 629, 'PH', 'M', 40, 'CONTRATADO', 'MED.VILESP.14.79.97.MED-401 .4.M.PH / 33.', NULL, NULL, '', 'PENDIENTE', 'VILLA ESPERANZA', 73019, 60291, 79, '2017'),
(462, 5, 1347, 79, 1396, 'PH', 'M', 40, 'CONTRATADO', 'MED.VILESP.14.79.97.MED-400 .4.M.PH / 39.', NULL, NULL, '', 'PENDIENTE', 'VILLA ESPERANZA', 73020, 60292, 79, '2017'),
(463, 5, 834, 2, 46, 'PH', 'T', 24, 'CONTRATADO', 'MED.VILESP.14.79.97.MED-405.4.T.PH / 46.', NULL, NULL, '', 'PENDIENTE', 'VILLA ESPERANZA', 73021, 60293, 79, '2017'),
(464, 5, 1362, 59, 1267, 'PH', 'M', 40, 'CONTRATADO', 'MED.VILESP.14.79.97.MED-501.5.M.PH / 4.', NULL, NULL, '', 'PENDIENTE', 'VILLA ESPERANZA', 73025, 60299, 79, '2017'),
(465, 5, 838, 52, 748, 'PH', 'M', 40, 'CONTRATADO', 'MED.VILESP.14.79.97.MED - 503.5.M.PH / 49.', NULL, NULL, '', 'PENDIENTE', 'VILLA ESPERANZA', 73026, 60393, 79, '2017'),
(466, 5, 1358, 105, 2314, 'PH', 'M', 40, 'CONTRATADO', 'MED.VILESP.14.79.97.MED-500.5.M.PH / 5.', NULL, NULL, '', 'PENDIENTE', 'VILLA ESPERANZA', 73027, 60296, 79, '2017'),
(467, 5, 1365, 9, 177, 'PH', 'M', 40, 'CONTRATADO', 'MED.VILESP.14.79.97.MED-502.5.M.PH / 10.', NULL, NULL, '', 'PENDIENTE', 'VILLA ESPERANZA', 73028, 60297, 79, '2017'),
(468, 5, 839, 28, 368, 'A', 'T', 24, 'CONTRATADO', 'MED.VILESP.14.79.97.MED - 504.5.T.A / 17.', NULL, NULL, '', 'PENDIENTE', 'VILLA ESPERANZA', 73029, 60298, 79, '2017'),
(469, 5, 1362, 53, 755, 'PH', 'M', 40, 'CONTRATADO', 'MED.VILESP.14.79.97.MED-501.5.M.PH / 34.', NULL, NULL, '', 'PENDIENTE', 'VILLA ESPERANZA', 73030, 60294, 79, '2017'),
(470, 5, 822, 68, 1282, 'C', 'T', 20, 'CONTRATADO', 'MED.VILESP.14.79.97.MED-204.2.T.C / 40.', NULL, NULL, '', 'PENDIENTE', 'VILLA ESPERANZA', 73031, 60247, 79, '2017'),
(471, 5, 818, 44, 629, 'G', 'T', 28, 'CONTRATADO', 'MED.VILESP.14.79.97.MED-200.2.T.G / 32.', NULL, NULL, '', 'PENDIENTE', 'VILLA ESPERANZA', 73032, 60244, 79, '2017'),
(472, 5, 2549, 194, 40190, 'A', 'M', 40, 'INVITADO', 'MED.VILESP.14.79.97.MED-600.6.M.A / 1.', NULL, NULL, '', 'PENDIENTE', 'VILLA ESPERANZA', 74332, 61618, 79, '2017'),
(473, 5, 815, 115, 3301, 'H', 'M', 20, 'INVITADO', 'MED.VILESP.14.79.97.MED - 101.1.M.H / 3.', NULL, NULL, '', 'PENDIENTE', 'VILLA ESPERANZA', 74351, 60252, 79, '2017'),
(474, 5, 815, 115, 3301, 'I', 'T', 20, 'INVITADO', 'MED.VILESP.14.79.97.MED - 101.1.T.I / 4.', NULL, NULL, '', 'PENDIENTE', 'VILLA ESPERANZA', 74352, 60253, 79, '2017'),
(475, 5, 815, 183, 38685, 'J', 'M', 10, 'INVITADO', 'MED.VILESP.14.79.97.MED - 101.1.M.J / 10.', NULL, NULL, '', 'PENDIENTE', 'VILLA ESPERANZA', 74353, 60254, 79, '2017'),
(476, 5, 815, 183, 38685, 'K', 'T', 10, 'INVITADO', 'MED.VILESP.14.79.97.MED - 101.1.T.K / 11.', NULL, NULL, '', 'PENDIENTE', 'VILLA ESPERANZA', 74354, 60255, 79, '2017'),
(477, 5, 816, 29, 372, 'H', 'M', 20, 'INVITADO', 'MED.VILESP.14.79.97.MED - 102.1.M.H / 12.', NULL, NULL, '', 'PENDIENTE', 'VILLA ESPERANZA', 74355, 60256, 79, '2017'),
(478, 5, 817, 84, 1475, 'F', 'T', 16, 'INVITADO', 'MED.VILESP.14.79.97.MED - 103.1.T.F / 13.', NULL, NULL, '', 'PENDIENTE', 'VILLA ESPERANZA', 74356, 60257, 79, '2017'),
(479, 5, 815, 125, 3497, 'E', 'M', 20, 'INVITADO', 'MED.VILESP.14.79.97.MED - 101.1.M.E / 16.', NULL, NULL, '', 'PENDIENTE', 'VILLA ESPERANZA', 74357, 60258, 79, '2017'),
(480, 5, 817, 129, 3868, 'G', 'M', 16, 'INVITADO', 'MED.VILESP.14.79.97.MED - 103.1.M.G / 25.', NULL, NULL, '', 'PENDIENTE', 'VILLA ESPERANZA', 74358, 60259, 79, '2017'),
(481, 5, 817, 129, 3868, 'H', 'T', 16, 'INVITADO', 'MED.VILESP.14.79.97.MED - 103.1.T.H / 26.', NULL, NULL, '', 'PENDIENTE', 'VILLA ESPERANZA', 74359, 60260, 79, '2017'),
(482, 5, 816, 4, 74, 'G', 'T', 20, 'INVITADO', 'MED.VILESP.14.79.97.MED - 102.1.T.G / 29.', NULL, NULL, '', 'PENDIENTE', 'VILLA ESPERANZA', 74360, 60261, 79, '2017'),
(483, 5, 815, 38, 488, 'C', 'M', 20, 'INVITADO', 'MED.VILESP.14.79.97.MED - 101.1.M.C / 40.', NULL, NULL, '', 'PENDIENTE', 'VILLA ESPERANZA', 74362, 60263, 79, '2017'),
(484, 5, 816, 83, 1472, 'L', 'T', 20, 'INVITADO', 'MED.VILESP.14.79.97.MED - 102.1.T.L / 129.', NULL, NULL, '', 'PENDIENTE', 'VILLA ESPERANZA', 74366, 60267, 79, '2017'),
(485, 5, 817, 45, 630, 'B', 'T', 16, 'INVITADO', 'MED.VILESP.14.79.97.MED - 103.1.T.B / 50.', NULL, NULL, '', 'PENDIENTE', 'VILLA ESPERANZA', 74367, 60268, 79, '2017'),
(486, 5, 815, 210, 51246, 'G', 'T', 20, 'INVITADO', 'MED.VILESP.14.79.97.MED - 101.1.T.G / 57.', NULL, NULL, '', 'PENDIENTE', 'VILLA ESPERANZA', 74369, 60270, 79, '2017'),
(487, 5, 814, 5, 115, 'F', 'T', 40, 'INVITADO', 'MED.VILESP.14.79.97.MED - 100.1.T.F / 66.', NULL, NULL, '', 'PENDIENTE', 'VILLA ESPERANZA', 74370, 60271, 79, '2017'),
(488, 5, 817, 99, 1852, 'C', 'T', 16, 'INVITADO', 'MED.VILESP.14.79.97.MED - 103.1.T.C / 72.', NULL, NULL, '', 'PENDIENTE', 'VILLA ESPERANZA', 74371, 60272, 79, '2017'),
(489, 5, 814, 152, 4633, 'E', 'M', 40, 'INVITADO', 'MED.VILESP.14.79.97.MED - 100.1.M.E / 75.', NULL, NULL, '', 'PENDIENTE', 'VILLA ESPERANZA', 74372, 60273, 79, '2017'),
(490, 5, 817, 199, 45552, 'D', 'T', 16, 'INVITADO', 'MED.VILESP.14.79.97.MED - 103.1.T.D / 83.', NULL, NULL, '', 'PENDIENTE', 'VILLA ESPERANZA', 74454, 60274, 79, '2017'),
(491, 5, 817, 199, 45552, 'E', 'T', 16, 'INVITADO', 'MED.VILESP.14.79.97.MED - 103.1.T.E / 85.', NULL, NULL, '', 'PENDIENTE', 'VILLA ESPERANZA', 74455, 60275, 79, '2017'),
(492, 5, 816, 134, 4368, 'E', 'T', 20, 'INVITADO', 'MED.VILESP.14.79.97.MED - 102.1.T.E / 134.', NULL, NULL, '', 'PENDIENTE', 'VILLA ESPERANZA', 74456, 60276, 79, '2017'),
(493, 5, 816, 134, 4368, 'I', 'T', 20, 'INVITADO', 'MED.VILESP.14.79.97.MED - 102.1.T.I / 86.', NULL, NULL, '', 'PENDIENTE', 'VILLA ESPERANZA', 74457, 60277, 79, '2017'),
(494, 5, 815, 172, 35254, 'D', 'M', 20, 'INVITADO', 'MED.VILESP.14.79.97.MED - 101.1.M.D / 90.', NULL, NULL, '', 'PENDIENTE', 'VILLA ESPERANZA', 74458, 60278, 79, '2017'),
(495, 5, 815, 172, 35254, 'L', 'T', 20, 'INVITADO', 'MED.VILESP.14.79.97.MED - 101.1.T.L / 91.', NULL, NULL, '', 'PENDIENTE', 'VILLA ESPERANZA', 74459, 60279, 79, '2017'),
(496, 5, 814, 135, 4380, 'N', 'T', 40, 'INVITADO', 'MED.VILESP.14.79.97.MED - 100.1.T.N / 103.', NULL, NULL, '', 'PENDIENTE', 'VILLA ESPERANZA', 74460, 60280, 79, '2017'),
(497, 5, 814, 49, 707, 'D', 'T', 40, 'INVITADO', 'MED.VILESP.14.79.97.MED - 100.1.T.D / 104.', NULL, NULL, '', 'PENDIENTE', 'VILLA ESPERANZA', 74461, 60300, 79, '2017'),
(498, 5, 814, 117, 3303, 'O', 'T', 40, 'INVITADO', 'MED.VILESP.14.79.97.MED - 100.1.T.O / 106.', NULL, NULL, '', 'PENDIENTE', 'VILLA ESPERANZA', 74462, 60301, 79, '2017'),
(499, 5, 816, 144, 4414, 'K', 'T', 20, 'INVITADO', 'MED.VILESP.14.79.97.MED - 102.1.T.K / 110.', NULL, NULL, '', 'PENDIENTE', 'VILLA ESPERANZA', 74463, 60302, 79, '2017'),
(500, 5, 820, 114, 3299, 'C', 'T', 20, 'INVITADO', 'MED.VILESP.14.79.97.MED - 203.2.T.C / 2.', NULL, NULL, '', 'PENDIENTE', 'VILLA ESPERANZA', 74464, 60303, 79, '2017'),
(501, 5, 821, 60, 1268, 'E', 'T', 20, 'INVITADO', 'MED.VILESP.14.79.97.MED - 201.2.T.E / 5.', NULL, NULL, '', 'PENDIENTE', 'VILLA ESPERANZA', 74465, 60304, 79, '2017'),
(502, 5, 821, 60, 1268, 'F', 'T', 20, 'INVITADO', 'MED.VILESP.14.79.97.MED - 201.2.T.F / 6.', NULL, NULL, '', 'PENDIENTE', 'VILLA ESPERANZA', 74466, 60305, 79, '2017'),
(503, 5, 821, 50, 729, 'B', 'M', 20, 'INVITADO', 'MED.VILESP.14.79.97.MED - 201.2.M.B / 8.', NULL, NULL, '', 'PENDIENTE', 'VILLA ESPERANZA', 74467, 60306, 79, '2017'),
(504, 5, 818, 97, 1764, 'D', 'T', 28, 'INVITADO', 'MED.VILESP.14.79.97.MED-200.2.T.D / 19.', NULL, NULL, '', 'PENDIENTE', 'VILLA ESPERANZA', 74468, 60307, 79, '2017'),
(505, 5, 818, 97, 1764, 'E', 'T', 28, 'INVITADO', 'MED.VILESP.14.79.97.MED-200.2.T.E / 20.', NULL, NULL, '', 'PENDIENTE', 'VILLA ESPERANZA', 74469, 60308, 79, '2017'),
(506, 5, 821, 37, 485, 'D', 'T', 20, 'INVITADO', 'MED.VILESP.14.79.97.MED - 201.2.T.D / 24.', NULL, NULL, '', 'PENDIENTE', 'VILLA ESPERANZA', 74470, 60309, 79, '2017'),
(507, 5, 819, 78, 1383, 'E', 'M', 20, 'INVITADO', 'MED.VILESP.14.79.97.MED - 202.2.M.E / 32.', NULL, NULL, '', 'PENDIENTE', 'VILLA ESPERANZA', 74473, 60312, 79, '2017'),
(508, 5, 822, 96, 1762, 'D', 'T', 20, 'INVITADO', 'MED.VILESP.14.79.97.MED-204.2.T.D / 117.', NULL, NULL, '', 'PENDIENTE', 'VILLA ESPERANZA', 74475, 60313, 79, '2017'),
(509, 5, 820, 70, 1290, 'E', 'M', 20, 'INVITADO', 'MED.VILESP.14.79.97.MED - 203.2.M.E / 38.', NULL, NULL, '', 'PENDIENTE', 'VILLA ESPERANZA', 74476, 60314, 79, '2017'),
(510, 5, 818, 160, 5737, 'C', 'T', 28, 'INVITADO', 'MED.VILESP.14.79.97.MED-200.2.T.C / 39.', NULL, NULL, '', 'PENDIENTE', 'VILLA ESPERANZA', 74477, 60315, 79, '2017'),
(511, 5, 818, 198, 44407, 'F', 'T', 28, 'INVITADO', 'MED.VILESP.14.79.97.MED-200.2.T.F / 56.', NULL, NULL, '', 'PENDIENTE', 'VILLA ESPERANZA', 74478, 60316, 79, '2017'),
(512, 5, 820, 22, 309, 'D', 'T', 20, 'INVITADO', 'MED.VILESP.14.79.97.MED - 203.2.T.D / 67.', NULL, NULL, '', 'PENDIENTE', 'VILLA ESPERANZA', 74479, 60317, 79, '2017'),
(513, 5, 819, 63, 1276, 'H', 'M', 20, 'INVITADO', 'MED.VILESP.14.79.97.MED - 202.2.M.H / 71.', NULL, NULL, '', 'PENDIENTE', 'VILLA ESPERANZA', 74514, 60318, 79, '2017'),
(514, 5, 819, 6, 124, 'G', 'M', 20, 'INVITADO', 'MED.VILESP.14.79.97.MED - 202.2.M.G / 77.', NULL, NULL, '', 'PENDIENTE', 'VILLA ESPERANZA', 74516, 60319, 79, '2017'),
(515, 5, 819, 67, 1281, 'D', 'T', 5, 'INVITADO', 'MED.VILESP.14.79.97.MED - 202.2.T.D / 80.', NULL, NULL, '', 'PENDIENTE', 'VILLA ESPERANZA', 74581, 60320, 79, '2017'),
(516, 5, 820, 42, 577, 'G', 'T', 20, 'INVITADO', 'MED.VILESP.14.79.97.MED - 203.2.T.G / 84.', NULL, NULL, '', 'PENDIENTE', 'VILLA ESPERANZA', 74583, 60321, 79, '2017'),
(517, 5, 818, 86, 1550, 'B', 'T', 28, 'INVITADO', 'MED.VILESP.14.79.97.MED-200.2.T.B / 98.', NULL, NULL, '', 'PENDIENTE', 'VILLA ESPERANZA', 74584, 60322, 79, '2017'),
(518, 5, 818, 86, 1550, 'I', 'T', 28, 'INVITADO', 'MED.VILESP.14.79.97.MED-200.2.T.I / 99.', NULL, NULL, '', 'PENDIENTE', 'VILLA ESPERANZA', 74585, 60323, 79, '2017'),
(519, 5, 821, 130, 4107, 'H', 'M', 20, 'INVITADO', 'MED.VILESP.14.79.97.MED - 201.2.M.H / 100.', NULL, NULL, '', 'PENDIENTE', 'VILLA ESPERANZA', 74587, 61923, 79, '2017'),
(520, 5, 1343, 192, 40101, 'PH', 'M', 40, 'INVITADO', 'MED.VILESP.14.79.97.MED-301-02.3.M.PH / 14.', NULL, NULL, '', 'PENDIENTE', 'VILLA ESPERANZA', 74589, 60331, 79, '2017'),
(521, 5, 1342, 175, 35294, 'PH', 'M', 40, 'INVITADO', 'MED.VILESP.14.79.97.MED-301-01.3.M.PH / 21.', NULL, NULL, '', 'PENDIENTE', 'VILLA ESPERANZA', 74590, 60284, 79, '2017'),
(522, 5, 1342, 173, 35284, 'PH', 'M', 40, 'INVITADO', 'MED.VILESP.14.79.97.MED-301-01.3.M.PH / 22.', NULL, NULL, '', 'PENDIENTE', 'VILLA ESPERANZA', 74591, 60285, 79, '2017'),
(523, 5, 1342, 171, 35253, 'PH', 'M', 40, 'INVITADO', 'MED.VILESP.14.79.97.MED-301-01.3.M.PH / 23.', NULL, NULL, '', 'PENDIENTE', 'VILLA ESPERANZA', 74599, 60359, 79, '2017'),
(524, 5, 1342, 11, 198, 'PH', 'M', 40, 'INVITADO', 'MED.VILESP.14.79.97.MED-301-01.3.M.PH / 30.', NULL, NULL, '', 'PENDIENTE', 'VILLA ESPERANZA', 74601, 60358, 79, '2017'),
(525, 5, 827, 147, 4485, 'PH', 'M', 20, 'INVITADO', 'MED.VILESP.14.79.97.MED - 304.3.M.PH / 33.', NULL, NULL, '', 'PENDIENTE', 'VILLA ESPERANZA', 74603, 60350, 79, '2017'),
(526, 5, 825, 148, 4486, 'A', 'M', 24, 'INVITADO', 'MED.VILESP.14.79.97.MED - 303.3.M.A / 34.', NULL, NULL, '', 'PENDIENTE', 'VILLA ESPERANZA', 74604, 60332, 79, '2017'),
(527, 5, 827, 120, 3309, 'PH', 'M', 9, 'INVITADO', 'MED.VILESP.14.79.97.MED - 304.3.M.PH / 37.', NULL, NULL, '', 'PENDIENTE', 'VILLA ESPERANZA', 74605, 60347, 79, '2017'),
(528, 5, 1342, 112, 2919, 'PH', 'M', 40, 'INVITADO', 'MED.VILESP.14.79.97.MED-301-01.3.M.PH / 43.', NULL, NULL, '', 'PENDIENTE', 'VILLA ESPERANZA', 74607, 60353, 79, '2017'),
(529, 5, 828, 180, 35315, 'A', 'T', 16, 'INVITADO', 'MED.VILESP.14.79.97.MED - 305.3.T.A / 46.', NULL, NULL, '', 'PENDIENTE', 'VILLA ESPERANZA', 74609, 60335, 79, '2017'),
(530, 5, 828, 180, 35315, 'B', 'T', 16, 'INVITADO', 'MED.VILESP.14.79.97.MED - 305.3.T.B / 45.', NULL, NULL, '', 'PENDIENTE', 'VILLA ESPERANZA', 74610, 60336, 79, '2017'),
(531, 5, 823, 132, 4364, 'A', 'M', 24, 'INVITADO', 'MED.VILESP.14.79.97.MED-300.3.M.A / 47.', NULL, NULL, '', 'PENDIENTE', 'VILLA ESPERANZA', 74612, 60337, 79, '2017'),
(532, 5, 1342, 203, 46798, 'PH', 'M', 40, 'INVITADO', 'MED.VILESP.14.79.97.MED-301-01.3.M.PH / 130.', NULL, NULL, '', 'PENDIENTE', 'VILLA ESPERANZA', 74613, 60343, 79, '2017'),
(533, 5, 824, 56, 800, 'F', 'T', 24, 'INVITADO', 'MED.VILESP.14.79.97.MED - 302.3.T.F / 62.', NULL, NULL, '', 'PENDIENTE', 'VILLA ESPERANZA', 74616, 60340, 79, '2017'),
(534, 5, 823, 73, 1314, 'D', 'M', 24, 'INVITADO', 'MED.VILESP.14.79.97.MED-300.3.M.D / 64.', NULL, NULL, '', 'PENDIENTE', 'VILLA ESPERANZA', 74617, 60342, 79, '2017'),
(535, 5, 1342, 184, 38686, 'PH', 'M', 40, 'INVITADO', 'MED.VILESP.14.79.97.MED-301-01.3.M.PH / 65.', NULL, NULL, '', 'PENDIENTE', 'VILLA ESPERANZA', 74631, 60334, 79, '2017'),
(536, 5, 1342, 131, 4363, 'PH', 'M', 40, 'INVITADO', 'MED.VILESP.14.79.97.MED-301-01.3.M.PH / 69.', NULL, NULL, '', 'PENDIENTE', 'VILLA ESPERANZA', 74633, 60281, 79, '2017'),
(537, 5, 824, 64, 1277, 'C', 'M', 24, 'INVITADO', 'MED.VILESP.14.79.97.MED - 302.3.M.C / 131.', NULL, NULL, '', 'PENDIENTE', 'VILLA ESPERANZA', 74634, 60345, 79, '2017'),
(538, 5, 824, 64, 1277, 'E', 'M', 24, 'INVITADO', 'MED.VILESP.14.79.97.MED - 302.3.M.E / 118.', NULL, NULL, '', 'PENDIENTE', 'VILLA ESPERANZA', 74637, 60346, 79, '2017'),
(539, 5, 827, 65, 1278, 'PH', 'M', 20, 'INVITADO', 'MED.VILESP.14.79.97.MED - 304.3.M.PH / 73.', NULL, NULL, '', 'PENDIENTE', 'VILLA ESPERANZA', 74649, 60330, 79, '2017'),
(540, 5, 827, 181, 35322, 'PH', 'M', 20, 'INVITADO', 'MED.VILESP.14.79.97.MED - 304.3.M.PH / 78.', NULL, NULL, '', 'PENDIENTE', 'VILLA ESPERANZA', 74659, 60333, 79, '2017'),
(541, 5, 827, 69, 1284, 'PH', 'M', 20, 'INVITADO', 'MED.VILESP.14.79.97.MED - 304.3.M.PH / 88.', NULL, NULL, '', 'PENDIENTE', 'VILLA ESPERANZA', 74664, 60251, 79, '2017'),
(542, 5, 1344, 18, 256, 'PH', 'M', 40, 'INVITADO', 'MED.VILESP.14.79.97.MED-301-03.3.M.PH / 94.', NULL, NULL, '', 'PENDIENTE', 'VILLA ESPERANZA', 74667, 60352, 79, '2017'),
(543, 5, 1342, 170, 35252, 'PH', 'M', 40, 'INVITADO', 'MED.VILESP.14.79.97.MED-301-01.3.M.PH / 95.', NULL, NULL, '', 'PENDIENTE', 'VILLA ESPERANZA', 74669, 60349, 79, '2017'),
(544, 5, 825, 20, 268, 'D', 'M', 24, 'INVITADO', 'MED.VILESP.14.79.97.MED - 303.3.M.D / 101.', NULL, NULL, '', 'PENDIENTE', 'VILLA ESPERANZA', 74671, 60354, 79, '2017'),
(545, 5, 1342, 150, 4507, 'PH', 'M', 40, 'INVITADO', 'MED.VILESP.14.79.97.MED-301-01.3.M.PH / 102.', NULL, NULL, '', 'PENDIENTE', 'VILLA ESPERANZA', 74672, 60325, 79, '2017'),
(546, 5, 827, 204, 46815, 'PH', 'M', 6, 'INVITADO', 'MED.VILESP.14.79.97.MED - 304.3.M.PH / 108.', NULL, NULL, '', 'PENDIENTE', 'VILLA ESPERANZA', 74674, 60351, 79, '2017'),
(547, 5, 825, 90, 1706, 'C', 'T', 24, 'INVITADO', 'MED.VILESP.14.79.97.MED - 303.3.T.C / 111.', NULL, NULL, '', 'PENDIENTE', 'VILLA ESPERANZA', 74675, 60357, 79, '2017'),
(548, 5, 1342, 185, 38689, 'PH', 'M', 10, 'INVITADO', 'MED.VILESP.14.79.97.MED-301-01.3.M.PH / 113.', NULL, NULL, '', 'PENDIENTE', 'VILLA ESPERANZA', 74676, 60329, 79, '2017'),
(549, 5, 1342, 119, 3308, 'PH', 'M', 40, 'INVITADO', 'MED.VILESP.14.79.97.MED-301-01.3.M.PH / 114.', NULL, NULL, '', 'PENDIENTE', 'VILLA ESPERANZA', 74678, 60355, 79, '2017'),
(550, 5, 832, 197, 43272, 'PH', 'M', 40, 'INVITADO', 'MED.VILESP.14.79.97.MED - 403.4.M.PH / 9.', NULL, NULL, '', 'PENDIENTE', 'VILLA ESPERANZA', 74685, 60362, 79, '2017'),
(551, 5, 1351, 205, 46885, 'PH', 'M', 40, 'INVITADO', 'MED.VILESP.14.79.97.MED-400 .4.M.PH / 17.', NULL, NULL, '', 'PENDIENTE', 'VILLA ESPERANZA', 74686, 60366, 79, '2017'),
(552, 5, 1348, 95, 1760, 'PH', 'M', 40, 'INVITADO', 'MED.VILESP.14.79.97.MED-400 .4.M.PH / 28.', NULL, NULL, '', 'PENDIENTE', 'VILLA ESPERANZA', 74688, 60364, 79, '2017'),
(553, 5, 1347, 61, 1271, 'PH', 'M', 40, 'INVITADO', 'MED.VILESP.14.79.97.MED-400 .4.M.PH / 31.', NULL, NULL, '', 'PENDIENTE', 'VILLA ESPERANZA', 74690, 60365, 79, '2017'),
(554, 5, 1351, 72, 1313, 'PH', 'M', 40, 'INVITADO', 'MED.VILESP.14.79.97.MED-400 .4.M.PH / 36.', NULL, NULL, '', 'PENDIENTE', 'VILLA ESPERANZA', 74691, 60363, 79, '2017'),
(555, 5, 833, 47, 677, 'PH', 'M', 40, 'INVITADO', 'MED.VILESP.14.79.97.MED-404.4.M.PH / 48.', NULL, NULL, '', 'PENDIENTE', 'VILLA ESPERANZA', 74692, 60367, 79, '2017'),
(556, 5, 1349, 62, 1275, 'PH', 'M', 40, 'INVITADO', 'MED.VILESP.14.79.97.MED-400 .4.M.PH / 63.', NULL, NULL, '', 'PENDIENTE', 'VILLA ESPERANZA', 74694, 60369, 79, '2017'),
(557, 5, 832, 141, 4392, 'PH', 'M', 40, 'INVITADO', 'MED.VILESP.14.79.97.MED - 403.4.M.PH / 68.', NULL, NULL, '', 'PENDIENTE', 'VILLA ESPERANZA', 74697, 60370, 79, '2017'),
(558, 5, 1345, 23, 313, 'PH', 'M', 40, 'INVITADO', 'MED.VILESP.14.79.97.MED-400 .4.M.PH / 132.', NULL, NULL, '', 'PENDIENTE', 'VILLA ESPERANZA', 74698, 60379, 79, '2017'),
(559, 5, 1350, 102, 2229, 'PH', 'M', 40, 'INVITADO', 'MED.VILESP.14.79.97.MED-400 .4.M.PH / 81.', NULL, NULL, '', 'PENDIENTE', 'VILLA ESPERANZA', 74699, 60376, 79, '2017'),
(560, 5, 831, 188, 39931, 'PH', 'M', 40, 'INVITADO', 'MED.VILESP.14.79.97.MED - 402.4.M.PH / 87.', NULL, NULL, '', 'PENDIENTE', 'VILLA ESPERANZA', 74700, 60290, 79, '2017'),
(561, 5, 1353, 219, 54618, 'PH', 'M', 40, 'INVITADO', 'MED.VILESP.14.79.97.MED-401 .4.M.PH / 93.', NULL, NULL, '', 'PENDIENTE', 'VILLA ESPERANZA', 74701, 60373, 79, '2017'),
(562, 5, 1346, 138, 4387, 'PH', 'M', 40, 'INVITADO', 'MED.VILESP.14.79.97.MED-400 .4.M.PH / 96.', NULL, NULL, '', 'PENDIENTE', 'VILLA ESPERANZA', 74702, 60374, 79, '2017'),
(563, 5, 1353, 76, 1349, 'PH', 'M', 40, 'INVITADO', 'MED.VILESP.14.79.97.MED-401 .4.M.PH / 105.', NULL, NULL, '', 'PENDIENTE', 'VILLA ESPERANZA', 74703, 60375, 79, '2017'),
(564, 5, 1350, 139, 4388, 'PH', 'M', 40, 'INVITADO', 'MED.VILESP.14.79.97.MED-400 .4.M.PH / 107.', NULL, NULL, '', 'PENDIENTE', 'VILLA ESPERANZA', 74704, 60371, 79, '2017'),
(565, 5, 1349, 111, 2918, 'PH', 'M', 40, 'INVITADO', 'MED.VILESP.14.79.97.MED-400 .4.M.PH / 135.', NULL, NULL, '', 'PENDIENTE', 'VILLA ESPERANZA', 74705, 60377, 79, '2017'),
(566, 5, 834, 98, 1783, 'B', 'T', 24, 'INVITADO', 'MED.VILESP.14.79.97.MED-405.4.T.B / 115.', NULL, NULL, '', 'PENDIENTE', 'VILLA ESPERANZA', 74707, 61975, 79, '2017'),
(567, 5, 1355, 80, 1456, 'PH', 'M', 40, 'INVITADO', 'MED.VILESP.14.79.97.MED-500.5.M.PH / 60.', NULL, NULL, '', 'PENDIENTE', 'VILLA ESPERANZA', 74710, 60391, 79, '2017'),
(568, 5, 1363, 154, 4637, 'PH', 'M', 40, 'INVITADO', 'MED.VILESP.14.79.97.MED-501.5.M.PH / 7.', NULL, NULL, '', 'PENDIENTE', 'VILLA ESPERANZA', 74714, 60394, 79, '2017'),
(569, 5, 1361, 81, 1457, 'PH', 'M', 40, 'INVITADO', 'MED.VILESP.14.79.97.MED-501.5.M.PH / 15.', NULL, NULL, '', 'PENDIENTE', 'VILLA ESPERANZA', 74715, 60384, 79, '2017'),
(570, 5, 1360, 209, 49718, 'PH', 'M', 40, 'INVITADO', 'MED.VILESP.14.79.97.MED-501.5.M.PH / 18.', NULL, NULL, '', 'PENDIENTE', 'VILLA ESPERANZA', 74718, 60385, 79, '2017'),
(571, 5, 1364, 104, 2313, 'PH', 'M', 40, 'INVITADO', 'MED.VILESP.14.79.97.MED-502.5.M.PH / 120.', NULL, NULL, '', 'PENDIENTE', 'VILLA ESPERANZA', 74725, 60387, 79, '2017'),
(572, 5, 1359, 40, 534, 'PH', 'M', 40, 'INVITADO', 'MED.VILESP.14.79.97.MED-501.5.M.PH / 49.', NULL, NULL, '', 'PENDIENTE', 'VILLA ESPERANZA', 74728, 60389, 79, '2017'),
(573, 5, 840, 202, 46538, 'B', 'T', 24, 'INVITADO', 'MED.VILESP.14.79.97.MED - 505.5.T.B / 51.', NULL, NULL, '', 'PENDIENTE', 'VILLA ESPERANZA', 74730, 60390, 79, '2017'),
(574, 5, 1355, 143, 4397, 'PH', 'M', 40, 'INVITADO', 'MED.VILESP.14.79.97.MED-500.5.M.PH / 53.', NULL, NULL, '', 'PENDIENTE', 'VILLA ESPERANZA', 74732, 60381, 79, '2017'),
(575, 5, 840, 208, 49717, 'A', 'T', 24, 'INVITADO', 'MED.VILESP.14.79.97.MED - 505.5.T.A / 54.', NULL, NULL, '', 'PENDIENTE', 'VILLA ESPERANZA', 74735, 60392, 79, '2017'),
(576, 5, 838, 113, 3298, 'PH', 'M', 40, 'INVITADO', 'MED.VILESP.14.79.97.MED - 503.5.M.PH / 55.', NULL, NULL, '', 'PENDIENTE', 'VILLA ESPERANZA', 74742, 60295, 79, '2017'),
(577, 5, 1363, 19, 257, 'PH', 'M', 40, 'INVITADO', 'MED.VILESP.14.79.97.MED-501.5.M.PH / 61.', NULL, NULL, '', 'PENDIENTE', 'VILLA ESPERANZA', 74743, 60399, 79, '2017'),
(578, 5, 1359, 189, 39937, 'PH', 'M', 40, 'INVITADO', 'MED.VILESP.14.79.97.MED-501.5.M.PH / 70.', NULL, NULL, '', 'PENDIENTE', 'VILLA ESPERANZA', 74748, 60396, 79, '2017'),
(579, 5, 1364, 140, 4391, 'PH', 'M', 40, 'INVITADO', 'MED.VILESP.14.79.97.MED-502.5.M.PH / 76.', NULL, NULL, '', 'PENDIENTE', 'VILLA ESPERANZA', 74752, 60397, 79, '2017'),
(580, 5, 1363, 201, 46498, 'PH', 'M', 40, 'INVITADO', 'MED.VILESP.14.79.97.MED-501.5.M.PH / 79.', NULL, NULL, '', 'PENDIENTE', 'VILLA ESPERANZA', 74753, 60383, 79, '2017'),
(581, 5, 1359, 136, 4381, 'PH', 'M', 40, 'INVITADO', 'MED.VILESP.14.79.97.MED-501.5.M.PH / 82.', NULL, NULL, '', 'PENDIENTE', 'VILLA ESPERANZA', 74754, 60401, 79, '2017'),
(582, 5, 1357, 75, 1337, 'PH', 'M', 40, 'INVITADO', 'MED.VILESP.14.79.97.MED-500.5.M.PH / 89.', NULL, NULL, '', 'PENDIENTE', 'VILLA ESPERANZA', 74756, 60404, 79, '2017'),
(583, 5, 1356, 211, 51270, 'PH', 'M', 40, 'INVITADO', 'MED.VILESP.14.79.97.MED-500.5.M.PH / 92.', NULL, NULL, '', 'PENDIENTE', 'VILLA ESPERANZA', 74757, 60406, 79, '2017'),
(584, 5, 1357, 191, 39970, 'PH', 'M', 40, 'INVITADO', 'MED.VILESP.14.79.97.MED-500.5.M.PH / 97.', NULL, NULL, '', 'PENDIENTE', 'VILLA ESPERANZA', 74758, 60402, 79, '2017'),
(585, 5, 1365, 142, 4396, 'PH', 'M', 40, 'INVITADO', 'MED.VILESP.14.79.97.MED-502.5.M.PH / 109.', NULL, NULL, '', 'PENDIENTE', 'VILLA ESPERANZA', 74759, 60405, 79, '2017'),
(586, 5, 1358, 196, 43141, 'PH', 'M', 40, 'INVITADO', 'MED.VILESP.14.79.97.MED-500.5.M.PH / 116.', NULL, NULL, '', 'PENDIENTE', 'VILLA ESPERANZA', 74766, 60407, 79, '2017'),
(587, 5, 825, 95, 1760, 'E', 'T', 24, 'INVITADO', 'MED.VILESP.14.79.97.MED - 303.3.T.E / 27.', NULL, NULL, '', 'PENDIENTE', 'VILLA ESPERANZA', 74784, 60328, 79, '2017'),
(588, 5, 1352, 187, 38727, 'PH', 'M', 40, 'INVITADO', 'MED.VILESP.14.79.97.MED-401 .4.M.PH / 112.', NULL, NULL, '', 'PENDIENTE', 'VILLA ESPERANZA', 74841, 60378, 79, '2017'),
(589, 5, 1364, 220, 54780, 'PH', 'M', 40, 'INVITADO', 'MED.VILESP.14.79.97.MED-502.5.M.PH / 74.', NULL, NULL, '', 'PENDIENTE', 'VILLA ESPERANZA', 74843, 60398, 79, '2017'),
(590, 5, 839, 28, 368, 'B', 'T', 24, 'INVITADO', 'MED.VILESP.14.79.97.MED - 504.5.T.B / 119.', NULL, NULL, '', 'PENDIENTE', 'VILLA ESPERANZA', 75042, 60388, 79, '2017');
INSERT INTO `asignacion` (`id_asignacion`, `id_gestion`, `id_asignatura`, `id_docente`, `siacop_id_persona`, `paralelo`, `turno`, `horas_asignadas`, `categoria`, `nombramiento`, `nombramiento_archivo_digital`, `evaluacion_nota`, `evaluacion_archivo_digital`, `estado`, `nombre_sede`, `siacop_id_asignacion_docente`, `siacop_id_asignacion`, `siacop_id_gestion`, `siacop_gestion`) VALUES
(591, 5, 823, 200, 46370, 'B', 'M', 24, 'INVITADO', 'MED.VILESP.14.79.97.MED-300.3.M.B / 58.', NULL, NULL, '', 'PENDIENTE', 'VILLA ESPERANZA', 75052, 60339, 79, '2017'),
(592, 5, 1355, 80, 1456, 'PH', 'M', 40, 'INVITADO', 'MED.VILESP.14.79.97.MED-500.5.M.PH / 59.', NULL, NULL, '', 'PENDIENTE', 'VILLA ESPERANZA', 75383, 60382, 79, '2017'),
(593, 5, 814, 82, 1458, 'H', 'T', 40, 'INVITADO', 'MED.VILESP.14.79.97.MED - 100.1.T.H / 121.', NULL, NULL, '', 'PENDIENTE', 'VILLA ESPERANZA', 77057, 64205, 79, '2017'),
(594, 5, 814, 159, 5491, 'I', 'T', 40, 'INVITADO', 'MED.VILESP.14.79.97.MED - 100.1.T.I / 124.', NULL, NULL, '', 'PENDIENTE', 'VILLA ESPERANZA', 77058, 64208, 79, '2017'),
(595, 5, 814, 36, 477, 'J', 'T', 40, 'INVITADO', 'MED.VILESP.14.79.97.MED - 100.1.T.J / 123.', NULL, NULL, '', 'PENDIENTE', 'VILLA ESPERANZA', 77059, 64206, 79, '2017'),
(596, 5, 814, 36, 477, 'L', 'T', 40, 'INVITADO', 'MED.VILESP.14.79.97.MED - 100.1.T.L / 122.', NULL, NULL, '', 'PENDIENTE', 'VILLA ESPERANZA', 77060, 64207, 79, '2017'),
(597, 5, 814, 161, 5738, 'P', 'T', 40, 'INVITADO', 'MED.VILESP.14.79.97.MED - 100.1.T.P / 125.', NULL, NULL, '', 'PENDIENTE', 'VILLA ESPERANZA', 77061, 64210, 79, '2017'),
(598, 5, 820, 133, 4365, 'H', 'M', 20, 'INVITADO', 'MED.VILESP.14.79.97.MED - 203.2.M.H / 137.', NULL, NULL, '', 'PENDIENTE', 'VILLA ESPERANZA', 77571, 60311, 79, '2017'),
(599, 5, 816, 103, 2246, 'J', 'T', 20, 'INVITADO', 'MED.VILESP.14.79.97.MED - 102.1.T.J / 127.', NULL, NULL, '', 'PENDIENTE', 'VILLA ESPERANZA', 78468, 65450, 79, '2017'),
(600, 5, 1360, 195, 42857, 'PH', 'M', 40, 'INVITADO', 'MED.VILESP.14.79.97.MED-501.5.M.PH / 133.', NULL, NULL, '', 'PENDIENTE', 'VILLA ESPERANZA', 78469, 60400, 79, '2017'),
(601, 5, 1346, 221, 56132, 'PH', 'M', 40, 'INVITADO', 'MED.VILESP.14.79.97.MED-400 .4.M.PH / 126.', NULL, NULL, '', 'PENDIENTE', 'VILLA ESPERANZA', 78470, 60361, 79, '2017'),
(602, 5, 1345, 176, 35299, 'PH', 'M', 40, 'INVITADO', 'MED.VILESP.14.79.97.MED-400 .4.M.PH / 136.', NULL, NULL, '', 'PENDIENTE', 'VILLA ESPERANZA', 78471, 60368, 79, '2017'),
(603, 5, 1342, 31, 390, 'PH', 'M', 40, 'INVITADO', 'MED.VILESP.14.79.97.MED-301-01.3.M.PH / 128.', NULL, NULL, '', 'PENDIENTE', 'VILLA ESPERANZA', 78535, 65533, 79, '2017'),
(604, 5, 822, 25, 343, 'B', 'T', 20, 'INVITADO', 'MED.VILESP.14.79.97.MED-204.2.T.B / 138.', NULL, NULL, '', 'PENDIENTE', 'VILLA ESPERANZA', 78750, 65940, 79, '2017'),
(605, 5, 1361, 123, 3430, 'PH', 'M', 40, 'INVITADO', 'MED.VILESP.14.79.97.MED-501.5.M.PH / 139.', NULL, NULL, '', 'PENDIENTE', 'VILLA ESPERANZA', 79707, 60395, 79, '2017'),
(606, 5, 823, 132, 4364, 'E', 'T', 24, 'INVITADO', 'MED.VILESP.14.79.97.MED-300.3.T.E / 145.', NULL, NULL, '', 'PENDIENTE', 'VILLA ESPERANZA', 79709, 60338, 79, '2017'),
(607, 6, 2507, 41, 574, 'A', 'T', 40, 'INVESTIGADOR', 'MED.INSDEINV.14.83.97.INV.11.T.A / 1.', NULL, NULL, '', 'PENDIENTE', 'INSTITUTO DE  INVESTIGACIÓN', 79814, 66971, 83, '2017 INVESTIGACION'),
(608, 5, 1356, 226, 62996, 'PH', 'M', 40, 'INVITADO', 'MED.VILESP.14.79.97.MED-500.5.M.PH / 144.', NULL, NULL, '', 'PENDIENTE', 'VILLA ESPERANZA', 80052, 60403, 79, '2017'),
(609, 5, 838, 227, 63121, 'PH', 'M', 40, 'INVITADO', 'MED.VILESP.14.79.97.MED - 503.5.M.PH / 141.', NULL, NULL, '', 'PENDIENTE', 'VILLA ESPERANZA', 80058, 66798, 79, '2017'),
(610, 5, 818, 229, 63325, 'H', 'T', 28, 'INVITADO', 'MED.VILESP.14.79.97.MED-200.2.T.H / 143.', NULL, NULL, '', 'PENDIENTE', 'VILLA ESPERANZA', 80071, 66801, 79, '2017'),
(611, 5, 1365, 71, 1291, 'PH', 'M', 40, 'INVITADO', 'MED.VILESP.14.79.97.MED-502.5.M.PH / 149.', NULL, NULL, '', 'PENDIENTE', 'VILLA ESPERANZA', 80374, 66797, 79, '2017'),
(612, 5, 823, 207, 49708, 'C', 'T', 21, 'INVITADO', 'MED.VILESP.14.79.97.MED-300.3.T.C / 157.', NULL, NULL, '', 'PENDIENTE', 'VILLA ESPERANZA', 80379, 67492, 79, '2017'),
(613, 5, 833, 120, 3309, 'PH', 'M', 40, 'INVITADO', 'MED.VILESP.14.79.97.MED-404.4.M.PH / 140.', NULL, NULL, '', 'PENDIENTE', 'VILLA ESPERANZA', 80671, 66803, 79, '2017'),
(614, 5, 821, 30, 374, 'A', 'M', 20, 'INVITADO', 'MED.VILESP.14.79.97.MED - 201.2.M.A / 142.', NULL, NULL, '', 'PENDIENTE', 'VILLA ESPERANZA', 80872, 67731, 79, '2017'),
(615, 5, 1354, 228, 63148, 'PH', 'M', 40, 'INVITADO', 'MED.VILESP.14.79.97.MED-401 .4.M.PH / 158.', NULL, NULL, '', 'PENDIENTE', 'VILLA ESPERANZA', 81033, 66799, 79, '2017'),
(616, 5, 827, 231, 65953, 'PH', 'M', 20, 'INVITADO', 'MED.VILESP.14.79.97.MED-304.3.M.PH / 155.', NULL, NULL, '', 'PENDIENTE', 'VILLA ESPERANZA', 81446, 60356, 79, '2017'),
(617, 5, 1343, 230, 64643, 'PH', 'M', 40, 'INVITADO', 'MED.VILESP.14.79.97.MED-301-02.3.M.PH / 154.', NULL, NULL, '', 'PENDIENTE', 'VILLA ESPERANZA', 81456, 67974, 79, '2017'),
(618, 5, 819, 78, 1383, 'D', 'T', 10, 'INVITADO', 'MED.VILESP.14.79.97.MED - 202.2.T.D / 146.', NULL, NULL, '', 'PENDIENTE', 'VILLA ESPERANZA', 81815, 68220, 79, '2017'),
(619, 5, 1342, 232, 65954, 'PH', 'M', 40, 'INVITADO', 'MED.VILESP.14.79.97.MED-301-01.3.M.PH / 150.', NULL, NULL, '', 'PENDIENTE', 'VILLA ESPERANZA', 81816, 68221, 79, '2017'),
(620, 5, 1354, 234, 66892, 'PH', 'M', 40, 'INVITADO', 'MED.VILESP.14.79.97.MED-401 .4.M.PH / 151.', NULL, NULL, '', 'PENDIENTE', 'VILLA ESPERANZA', 81817, 68224, 79, '2017'),
(621, 6, 2507, 129, 3868, 'B', 'T', 30, 'INVESTIGADOR', 'MED.INSDEINV.14.83.97.INV.11.T.B / 3.', NULL, NULL, '', 'PENDIENTE', 'INSTITUTO DE  INVESTIGACIÓN', 81846, 68233, 83, '2017 INVESTIGACION'),
(622, 6, 2507, 29, 372, 'D', 'T', 27, 'INVESTIGADOR', 'MED.INSDEINV.14.83.97.INV.11.T.D / 2.', NULL, NULL, '', 'PENDIENTE', 'INSTITUTO DE  INVESTIGACIÓN', 81847, 68241, 83, '2017 INVESTIGACION'),
(623, 5, 814, 233, 66789, 'B', 'M', 40, 'INVITADO', 'MED.VILESP.14.79.97.MED - 100.1.M.B / 156.', NULL, NULL, '', 'PENDIENTE', 'VILLA ESPERANZA', 81865, 68260, 79, '2017'),
(624, 5, 815, 34, 472, 'J', 'M', 18, 'INVITADO', 'MED.VILESP.14.79.97.MED - 101.1.M.J / 152.', NULL, NULL, '', 'PENDIENTE', 'VILLA ESPERANZA', 81866, 68258, 79, '2017'),
(625, 5, 815, 34, 472, 'K', 'T', 20, 'INVITADO', 'MED.VILESP.14.79.97.MED - 101.1.T.K / 153.', NULL, NULL, '', 'PENDIENTE', 'VILLA ESPERANZA', 81867, 68259, 79, '2017'),
(626, 5, 827, 69, 1284, 'PH', 'T', 20, 'INVITADO', 'MED.VILESP.14.79.97.MED-304.3.T.PH / 148.', NULL, NULL, '', 'PENDIENTE', 'VILLA ESPERANZA', 81913, 68222, 79, '2017'),
(627, 5, 827, 147, 4485, 'PH', 'T', 20, 'INVITADO', 'MED.VILESP.14.79.97.MED-304.3.T.PH / 147.', NULL, NULL, '', 'PENDIENTE', 'VILLA ESPERANZA', 81915, 68080, 79, '2017'),
(628, 6, 2507, 172, 35254, 'C', 'M', 30, 'INVESTIGADOR', 'MED.INSDEINV.14.83.97.INV.11.M.C / 4.', NULL, NULL, '', 'PENDIENTE', 'INSTITUTO DE  INVESTIGACIÓN', 81959, 68240, 83, '2017 INVESTIGACION'),
(629, 5, 814, 159, 5491, 'M', 'N', 40, 'INVITADO', 'MED.VILESP.14.79.97.MED - 100.1.N.M / 159.', NULL, NULL, '', 'PENDIENTE', 'VILLA ESPERANZA', 82946, 69052, 79, '2017'),
(630, 5, 814, 161, 5738, 'D', 'T', 40, 'INVITADO', 'MED.VILESP.14.79.97.MED - 100.1.T.D / 160.', NULL, NULL, '', 'PENDIENTE', 'VILLA ESPERANZA', 87022, 68774, 79, '2017'),
(631, 5, 827, 57, 808, 'PH', 'M', 20, 'INVITADO', 'MED.VILESP.14.79.97.MED-304.3.M.PH / 161.', NULL, NULL, '', 'PENDIENTE', 'VILLA ESPERANZA', 88008, 73111, 79, '2017'),
(632, 7, 838, 52, 748, 'PH', 'M', 40, 'CONTRATADO', 'MED.VILESP.14.92.97.MED - 503.5.M.PH / 6.', NULL, NULL, '', 'PENDIENTE', 'VILLA ESPERANZA', 88470, 73594, 92, '2018'),
(633, 7, 816, 29, 372, 'C', 'M', 20, 'CONTRATADO', 'MED.VILESP.14.92.97.MED - 102.1.M.C / 7.', NULL, NULL, '', 'PENDIENTE', 'VILLA ESPERANZA', 88472, 73605, 92, '2018'),
(634, 7, 821, 37, 485, 'C', 'M', 20, 'CONTRATADO', 'MED.VILESP.14.92.97.MED - 201.2.M.C / 8.', NULL, NULL, '', 'PENDIENTE', 'VILLA ESPERANZA', 88473, 73606, 92, '2018'),
(635, 7, 824, 8, 169, 'A', 'T', 20, 'CONTRATADO', 'MED.VILESP.14.92.97.MED - 302.3.T.A / 9.', NULL, NULL, '', 'PENDIENTE', 'VILLA ESPERANZA', 88474, 73607, 92, '2018'),
(636, 7, 1348, 1, 6, 'PH', 'M', 40, 'CONTRATADO', 'MED.VILESP.14.92.97.MED-400 .4.M.PH / 10.', NULL, NULL, '', 'PENDIENTE', 'VILLA ESPERANZA', 88475, 73608, 92, '2018'),
(637, 7, 1365, 9, 177, 'PH', 'M', 40, 'CONTRATADO', 'MED.VILESP.14.92.97.MED-502.5.M.PH / 11.', NULL, NULL, '', 'PENDIENTE', 'VILLA ESPERANZA', 88476, 73609, 92, '2018'),
(638, 7, 816, 4, 74, 'B', 'M', 20, 'CONTRATADO', 'MED.VILESP.14.92.97.MED - 102.1.M.B / 12.', NULL, NULL, '', 'PENDIENTE', 'VILLA ESPERANZA', 88477, 73610, 92, '2018'),
(639, 7, 1344, 24, 328, 'PH', 'M', 40, 'CONTRATADO', 'MED.VILESP.14.92.97.MED-301-03.3.M.PH / 13.', NULL, NULL, '', 'PENDIENTE', 'VILLA ESPERANZA', 88478, 73611, 92, '2018'),
(640, 7, 820, 70, 1290, 'A', 'M', 20, 'CONTRATADO', 'MED.VILESP.14.92.97.MED - 203.2.M.A / 14.', NULL, NULL, '', 'PENDIENTE', 'VILLA ESPERANZA', 88479, 73613, 92, '2018'),
(641, 7, 831, 51, 736, 'PH', 'M', 40, 'CONTRATADO', 'MED.VILESP.14.92.97.MED - 402.4.M.PH / 15.', NULL, NULL, '', 'PENDIENTE', 'VILLA ESPERANZA', 88480, 73614, 92, '2018'),
(642, 7, 815, 38, 488, 'B', 'M', 12, 'CONTRATADO', 'MED.VILESP.14.92.97.MED - 101.1.M.B / 16.', NULL, NULL, '', 'PENDIENTE', 'VILLA ESPERANZA', 88481, 73618, 92, '2018'),
(643, 7, 839, 28, 368, 'A', 'T', 24, 'CONTRATADO', 'MED.VILESP.14.92.97.MED - 504.5.T.A / 17.', NULL, NULL, '', 'PENDIENTE', 'VILLA ESPERANZA', 88482, 73622, 92, '2018'),
(644, 7, 816, 83, 1472, 'A', 'M', 20, 'CONTRATADO', 'MED.VILESP.14.92.97.MED - 102.1.M.A / 18.', NULL, NULL, '', 'PENDIENTE', 'VILLA ESPERANZA', 88483, 73625, 92, '2018'),
(645, 7, 817, 45, 630, 'A', 'M', 16, 'CONTRATADO', 'MED.VILESP.14.92.97.MED - 103.1.M.A / 19.', NULL, NULL, '', 'PENDIENTE', 'VILLA ESPERANZA', 88484, 73626, 92, '2018'),
(646, 7, 821, 15, 229, 'G', 'M', 20, 'CONTRATADO', 'MED.VILESP.14.92.97.MED - 201.2.M.G / 20.', NULL, NULL, '', 'PENDIENTE', 'VILLA ESPERANZA', 88485, 73627, 92, '2018'),
(647, 7, 824, 56, 800, 'D', 'M', 24, 'CONTRATADO', 'MED.VILESP.14.92.97.MED - 302.3.M.D / 21.', NULL, NULL, '', 'PENDIENTE', 'VILLA ESPERANZA', 88487, 73629, 92, '2018'),
(648, 7, 820, 22, 309, 'F', 'M', 20, 'CONTRATADO', 'MED.VILESP.14.92.97.MED - 203.2.M.F / 22.', NULL, NULL, '', 'PENDIENTE', 'VILLA ESPERANZA', 88488, 73632, 92, '2018'),
(649, 7, 816, 35, 475, 'D', 'T', 20, 'CONTRATADO', 'MED.VILESP.14.92.97.MED - 102.1.T.D / 24.', NULL, NULL, '', 'PENDIENTE', 'VILLA ESPERANZA', 88492, 73639, 92, '2018'),
(650, 7, 816, 35, 475, 'F', 'T', 20, 'CONTRATADO', 'MED.VILESP.14.92.97.MED - 102.1.T.F / 23.', NULL, NULL, '', 'PENDIENTE', 'VILLA ESPERANZA', 88495, 73642, 92, '2018'),
(651, 7, 819, 63, 1276, 'C', 'M', 20, 'CONTRATADO', 'MED.VILESP.14.92.97.MED - 202.2.M.C / 25.', NULL, NULL, '', 'PENDIENTE', 'VILLA ESPERANZA', 88497, 73644, 92, '2018'),
(652, 7, 824, 21, 277, 'B', 'T', 24, 'CONTRATADO', 'MED.VILESP.14.92.97.MED - 302.3.T.B / 26.', NULL, NULL, '', 'PENDIENTE', 'VILLA ESPERANZA', 88501, 73649, 92, '2018'),
(653, 7, 819, 6, 124, 'F', 'T', 20, 'CONTRATADO', 'MED.VILESP.14.92.97.MED - 202.2.T.F / 27.', NULL, NULL, '', 'PENDIENTE', 'VILLA ESPERANZA', 88504, 73651, 92, '2018'),
(654, 7, 1342, 27, 359, 'PH', 'M', 40, 'CONTRATADO', 'MED.VILESP.14.92.97.MED-301-01.3.M.PH / 28.', NULL, NULL, '', 'PENDIENTE', 'VILLA ESPERANZA', 88505, 73652, 92, '2018'),
(655, 7, 818, 44, 629, 'G', 'T', 28, 'CONTRATADO', 'MED.VILESP.14.92.97.MED-200.2.T.G / 29.', NULL, NULL, '', 'PENDIENTE', 'VILLA ESPERANZA', 88509, 73656, 92, '2018'),
(656, 7, 1362, 53, 755, 'PH', 'M', 40, 'CONTRATADO', 'MED.VILESP.14.92.97.MED-501.5.M.PH / 32.', NULL, NULL, '', 'PENDIENTE', 'VILLA ESPERANZA', 88514, 73660, 92, '2018'),
(657, 7, 823, 13, 227, 'F', 'T', 24, 'CONTRATADO', 'MED.VILESP.14.92.97.MED-300.3.T.F / 33.', NULL, NULL, '', 'PENDIENTE', 'VILLA ESPERANZA', 88521, 73666, 92, '2018'),
(658, 7, 819, 43, 590, 'A', 'T', 20, 'CONTRATADO', 'MED.VILESP.14.92.97.MED - 202.2.T.A / 36.', NULL, NULL, '', 'PENDIENTE', 'VILLA ESPERANZA', 88523, 73668, 92, '2018'),
(659, 7, 819, 43, 590, 'B', 'M', 20, 'CONTRATADO', 'MED.VILESP.14.92.97.MED - 202.2.M.B / 35.', NULL, NULL, '', 'PENDIENTE', 'VILLA ESPERANZA', 88524, 73669, 92, '2018'),
(660, 7, 1347, 79, 1396, 'PH', 'M', 40, 'CONTRATADO', 'MED.VILESP.14.92.97.MED-400 .4.M.PH / 37.', NULL, NULL, '', 'PENDIENTE', 'VILLA ESPERANZA', 88525, 73670, 92, '2018'),
(661, 7, 822, 68, 1282, 'C', 'T', 20, 'CONTRATADO', 'MED.VILESP.14.92.97.MED-204.2.T.C / 38.', NULL, NULL, '', 'PENDIENTE', 'VILLA ESPERANZA', 88526, 73671, 92, '2018'),
(662, 7, 815, 16, 232, 'A', 'M', 20, 'CONTRATADO', 'MED.VILESP.14.92.97.MED - 101.1.M.A / 40.', NULL, NULL, '', 'PENDIENTE', 'VILLA ESPERANZA', 88528, 73672, 92, '2018'),
(663, 7, 815, 16, 232, 'F', 'T', 20, 'CONTRATADO', 'MED.VILESP.14.92.97.MED - 101.1.T.F / 39.', NULL, NULL, '', 'PENDIENTE', 'VILLA ESPERANZA', 88531, 73673, 92, '2018'),
(664, 7, 818, 48, 681, 'A', 'T', 28, 'CONTRATADO', 'MED.VILESP.14.92.97.MED-200.2.T.A / 41.', NULL, NULL, '', 'PENDIENTE', 'VILLA ESPERANZA', 88534, 73674, 92, '2018'),
(665, 7, 834, 2, 46, 'PH', 'T', 24, 'CONTRATADO', 'MED.VILESP.14.92.97.MED-405.4.T.PH / 44.', NULL, NULL, '', 'PENDIENTE', 'VILLA ESPERANZA', 88541, 73682, 92, '2018'),
(666, 7, 820, 114, 3299, 'B', 'M', 20, 'CONTRATADO', 'MED.VILESP.14.92.97.MED - 203.2.M.B / 2.', NULL, NULL, '', 'PENDIENTE', 'VILLA ESPERANZA', 88548, 73687, 92, '2018'),
(667, 7, 822, 41, 574, 'A', 'M', 20, 'CONTRATADO', 'MED.VILESP.14.92.97.MED-204.2.M.A / 3.', NULL, NULL, '', 'PENDIENTE', 'VILLA ESPERANZA', 88549, 73689, 92, '2018'),
(668, 7, 1362, 59, 1267, 'PH', 'M', 40, 'CONTRATADO', 'MED.VILESP.14.92.97.MED-501.5.M.PH / 4.', NULL, NULL, '', 'PENDIENTE', 'VILLA ESPERANZA', 88550, 73695, 92, '2018'),
(669, 7, 1358, 105, 2314, 'PH', 'M', 40, 'CONTRATADO', 'MED.VILESP.14.92.97.MED-500.5.M.PH / 5.', NULL, NULL, '', 'PENDIENTE', 'VILLA ESPERANZA', 88551, 73697, 92, '2018'),
(670, 7, 814, 10, 187, 'A', 'T', 40, 'CONTRATADO', 'MED.VILESP.14.92.97.MED - 100.1.T.A / 43.', NULL, NULL, '', 'PENDIENTE', 'VILLA ESPERANZA', 88666, 73676, 92, '2018'),
(671, 7, 1352, 44, 629, 'PH', 'M', 40, 'CONTRATADO', 'MED.VILESP.14.92.97.MED-401 .4.M.PH / 30.', NULL, NULL, '', 'PENDIENTE', 'VILLA ESPERANZA', 88667, 73657, 92, '2018'),
(672, 7, 814, 58, 1251, 'K', 'N', 40, 'CONTRATADO', 'MED.VILESP.14.92.97.MED - 100.1.N.K / 34.', NULL, NULL, '', 'PENDIENTE', 'VILLA ESPERANZA', 88668, 73667, 92, '2018'),
(673, 7, 825, 20, 268, 'G', 'T', 24, 'CONTRATADO', 'MED.VILESP.14.92.97.MED - 303.3.T.G / 42.', NULL, NULL, '', 'PENDIENTE', 'VILLA ESPERANZA', 88669, 73684, 92, '2018'),
(674, 7, 814, 26, 351, 'C', 'T', 40, 'CONTRATADO', 'MED.VILESP.14.92.97.MED - 100.1.T.C / 45.', NULL, NULL, '', 'PENDIENTE', 'VILLA ESPERANZA', 88670, 73683, 92, '2018'),
(675, 7, 814, 57, 808, 'G', 'T', 40, 'CONTRATADO', 'MED.VILESP.14.92.97.MED - 100.1.T.G / 1.', NULL, NULL, '', 'PENDIENTE', 'VILLA ESPERANZA', 88671, 73685, 92, '2018'),
(676, 7, 825, 90, 1706, 'F', 'T', 24, 'CONTRATADO', 'MED.VILESP.14.92.97.MED - 303.3.T.F / 46.', NULL, NULL, '', 'PENDIENTE', 'VILLA ESPERANZA', 88677, 73675, 92, '2018'),
(677, 7, 814, 82, 1458, 'H', 'T', 35, 'INVITADO', 'MED.VILESP.14.92.97.MED - 100.1.T.H / 33.', NULL, NULL, '', 'PENDIENTE', 'VILLA ESPERANZA', 90227, 75425, 92, '2018'),
(678, 7, 814, 36, 477, 'J', 'T', 35, 'INVITADO', 'MED.VILESP.14.92.97.MED - 100.1.T.J / 40.', NULL, NULL, '', 'PENDIENTE', 'VILLA ESPERANZA', 90384, 75463, 92, '2018'),
(679, 7, 814, 36, 477, 'L', 'T', 35, 'INVITADO', 'MED.VILESP.14.92.97.MED - 100.1.T.L / 41.', NULL, NULL, '', 'PENDIENTE', 'VILLA ESPERANZA', 90386, 75464, 92, '2018'),
(680, 7, 814, 159, 5491, 'M', 'N', 35, 'INVITADO', 'MED.VILESP.14.92.97.MED - 100.1.N.M / 43.', NULL, NULL, '', 'PENDIENTE', 'VILLA ESPERANZA', 90387, 75465, 92, '2018'),
(681, 7, 814, 159, 5491, 'I', 'T', 35, 'INVITADO', 'MED.VILESP.14.92.97.MED - 100.1.T.I / 44.', NULL, NULL, '', 'PENDIENTE', 'VILLA ESPERANZA', 90388, 75468, 92, '2018'),
(682, 7, 814, 161, 5738, 'P', 'T', 35, 'INVITADO', 'MED.VILESP.14.92.97.MED - 100.1.T.P / 53.', NULL, NULL, '', 'PENDIENTE', 'VILLA ESPERANZA', 90389, 75471, 92, '2018'),
(683, 7, 814, 161, 5738, 'D', 'T', 35, 'INVITADO', 'MED.VILESP.14.92.97.MED - 100.1.T.D / 54.', NULL, NULL, '', 'PENDIENTE', 'VILLA ESPERANZA', 90390, 75473, 92, '2018'),
(684, 7, 814, 5, 115, 'F', 'T', 25, 'INVITADO', 'MED.VILESP.14.92.97.MED - 100.1.T.F / 65.', NULL, NULL, '', 'PENDIENTE', 'VILLA ESPERANZA', 90391, 75475, 92, '2018'),
(685, 7, 814, 152, 4633, 'E', 'M', 35, 'INVITADO', 'MED.VILESP.14.92.97.MED - 100.1.M.E / 76.', NULL, NULL, '', 'PENDIENTE', 'VILLA ESPERANZA', 90392, 75477, 92, '2018'),
(686, 7, 814, 135, 4380, 'N', 'T', 30, 'INVITADO', 'MED.VILESP.14.92.97.MED - 100.1.T.N / 103.', NULL, NULL, '', 'PENDIENTE', 'VILLA ESPERANZA', 90393, 75481, 92, '2018'),
(687, 7, 814, 117, 3303, 'O', 'T', 35, 'INVITADO', 'MED.VILESP.14.92.97.MED - 100.1.T.O / 105.', NULL, NULL, '', 'PENDIENTE', 'VILLA ESPERANZA', 90394, 75483, 92, '2018'),
(688, 7, 814, 233, 66789, 'B', 'M', 40, 'INVITADO', 'MED.VILESP.14.92.97.MED - 100.1.M.B / 113.', NULL, NULL, '', 'PENDIENTE', 'VILLA ESPERANZA', 90395, 75485, 92, '2018'),
(689, 7, 815, 115, 3301, 'H', 'M', 18, 'INVITADO', 'MED.VILESP.14.92.97.MED - 101.1.M.H / 2.', NULL, NULL, '', 'PENDIENTE', 'VILLA ESPERANZA', 90396, 75566, 92, '2018'),
(690, 7, 815, 115, 3301, 'I', 'T', 17, 'INVITADO', 'MED.VILESP.14.92.97.MED - 101.1.T.I / 3.', NULL, NULL, '', 'PENDIENTE', 'VILLA ESPERANZA', 90397, 75569, 92, '2018'),
(691, 7, 815, 125, 3497, 'E', 'M', 20, 'INVITADO', 'MED.VILESP.14.92.97.MED - 101.1.M.E / 14.', NULL, NULL, '', 'PENDIENTE', 'VILLA ESPERANZA', 90399, 75572, 92, '2018'),
(692, 7, 815, 38, 488, 'C', 'M', 18, 'INVITADO', 'MED.VILESP.14.92.97.MED - 101.1.M.C / 39.', NULL, NULL, '', 'PENDIENTE', 'VILLA ESPERANZA', 90400, 75576, 92, '2018'),
(693, 7, 815, 210, 51246, 'G', 'T', 10, 'INVITADO', 'MED.VILESP.14.92.97.MED - 101.1.T.G / 59.', NULL, NULL, '', 'PENDIENTE', 'VILLA ESPERANZA', 90401, 75607, 92, '2018'),
(694, 7, 815, 34, 472, 'J', 'M', 10, 'INVITADO', 'MED.VILESP.14.92.97.MED - 101.1.M.J / 87.', NULL, NULL, '', 'PENDIENTE', 'VILLA ESPERANZA', 90402, 75608, 92, '2018'),
(695, 7, 815, 34, 472, 'K', 'T', 10, 'INVITADO', 'MED.VILESP.14.92.97.MED - 101.1.T.K / 88.', NULL, NULL, '', 'PENDIENTE', 'VILLA ESPERANZA', 90404, 75610, 92, '2018'),
(696, 7, 815, 172, 35254, 'D', 'M', 20, 'INVITADO', 'MED.VILESP.14.92.97.MED - 101.1.M.D / 91.', NULL, NULL, '', 'PENDIENTE', 'VILLA ESPERANZA', 90405, 75641, 92, '2018'),
(697, 7, 815, 172, 35254, 'L', 'T', 20, 'INVITADO', 'MED.VILESP.14.92.97.MED - 101.1.T.L / 92.', NULL, NULL, '', 'PENDIENTE', 'VILLA ESPERANZA', 90406, 75651, 92, '2018'),
(698, 7, 816, 29, 372, 'H', 'M', 18, 'INVITADO', 'MED.VILESP.14.92.97.MED - 102.1.M.H / 10.', NULL, NULL, '', 'PENDIENTE', 'VILLA ESPERANZA', 90407, 75667, 92, '2018'),
(699, 7, 816, 103, 2246, 'J', 'T', 17, 'INVITADO', 'MED.VILESP.14.92.97.MED - 102.1.T.J / 13.', NULL, NULL, '', 'PENDIENTE', 'VILLA ESPERANZA', 90408, 75668, 92, '2018'),
(700, 7, 816, 4, 74, 'G', 'T', 18, 'INVITADO', 'MED.VILESP.14.92.97.MED - 102.1.T.G / 24.', NULL, NULL, '', 'PENDIENTE', 'VILLA ESPERANZA', 90411, 75669, 92, '2018'),
(701, 7, 816, 83, 1472, 'L', 'T', 18, 'INVITADO', 'MED.VILESP.14.92.97.MED - 102.1.T.L / 49.', NULL, NULL, '', 'PENDIENTE', 'VILLA ESPERANZA', 90416, 75670, 92, '2018'),
(702, 7, 816, 134, 4368, 'E', 'T', 17, 'INVITADO', 'MED.VILESP.14.92.97.MED - 102.1.T.E / 85.', NULL, NULL, '', 'PENDIENTE', 'VILLA ESPERANZA', 90419, 75671, 92, '2018'),
(703, 7, 816, 134, 4368, 'I', 'T', 18, 'INVITADO', 'MED.VILESP.14.92.97.MED - 102.1.T.I / 86.', NULL, NULL, '', 'PENDIENTE', 'VILLA ESPERANZA', 90421, 75672, 92, '2018'),
(704, 7, 816, 144, 4414, 'K', 'T', 14, 'INVITADO', 'MED.VILESP.14.92.97.MED - 102.1.T.K / 108.', NULL, NULL, '', 'PENDIENTE', 'VILLA ESPERANZA', 90423, 75674, 92, '2018'),
(705, 7, 817, 84, 1475, 'F', 'T', 12, 'INVITADO', 'MED.VILESP.14.92.97.MED - 103.1.T.F / 11.', NULL, NULL, '', 'PENDIENTE', 'VILLA ESPERANZA', 90431, 75675, 92, '2018'),
(706, 7, 817, 129, 3868, 'G', 'M', 16, 'INVITADO', 'MED.VILESP.14.92.97.MED - 103.1.M.G / 21.', NULL, NULL, '', 'PENDIENTE', 'VILLA ESPERANZA', 90433, 75678, 92, '2018'),
(707, 7, 817, 129, 3868, 'H', 'T', 16, 'INVITADO', 'MED.VILESP.14.92.97.MED - 103.1.T.H / 22.', NULL, NULL, '', 'PENDIENTE', 'VILLA ESPERANZA', 90435, 75679, 92, '2018'),
(708, 7, 817, 45, 630, 'B', 'T', 16, 'INVITADO', 'MED.VILESP.14.92.97.MED - 103.1.T.B / 119.', NULL, NULL, '', 'PENDIENTE', 'VILLA ESPERANZA', 90436, 75680, 92, '2018'),
(709, 7, 817, 199, 45552, 'D', 'T', 12, 'INVITADO', 'MED.VILESP.14.92.97.MED - 103.1.T.D / 83.', NULL, NULL, '', 'PENDIENTE', 'VILLA ESPERANZA', 90437, 75682, 92, '2018'),
(710, 7, 817, 199, 45552, 'E', 'T', 12, 'INVITADO', 'MED.VILESP.14.92.97.MED - 103.1.T.E / 84.', NULL, NULL, '', 'PENDIENTE', 'VILLA ESPERANZA', 90438, 75683, 92, '2018'),
(711, 7, 819, 78, 1383, 'E', 'M', 15, 'INVITADO', 'MED.VILESP.14.92.97.MED - 202.2.M.E / 29.', NULL, NULL, '', 'PENDIENTE', 'VILLA ESPERANZA', 90441, 75684, 92, '2018'),
(712, 7, 819, 78, 1383, 'D', 'T', 15, 'INVITADO', 'MED.VILESP.14.92.97.MED - 202.2.T.D / 30.', NULL, NULL, '', 'PENDIENTE', 'VILLA ESPERANZA', 90442, 75685, 92, '2018'),
(713, 7, 819, 63, 1276, 'H', 'M', 15, 'INVITADO', 'MED.VILESP.14.92.97.MED - 202.2.M.H / 71.', NULL, NULL, '', 'PENDIENTE', 'VILLA ESPERANZA', 90443, 75686, 92, '2018'),
(714, 7, 819, 6, 124, 'G', 'M', 20, 'INVITADO', 'MED.VILESP.14.92.97.MED - 202.2.M.G / 78.', NULL, NULL, '', 'PENDIENTE', 'VILLA ESPERANZA', 90444, 75688, 92, '2018'),
(715, 7, 818, 97, 1764, 'D', 'T', 25, 'INVITADO', 'MED.VILESP.14.92.97.MED-200.2.T.D / 15.', NULL, NULL, '', 'PENDIENTE', 'VILLA ESPERANZA', 90445, 75689, 92, '2018'),
(716, 7, 818, 97, 1764, 'E', 'T', 25, 'INVITADO', 'MED.VILESP.14.92.97.MED-200.2.T.E / 16.', NULL, NULL, '', 'PENDIENTE', 'VILLA ESPERANZA', 90446, 75690, 92, '2018'),
(717, 7, 818, 160, 5737, 'C', 'T', 25, 'INVITADO', 'MED.VILESP.14.92.97.MED-200.2.T.C / 38.', NULL, NULL, '', 'PENDIENTE', 'VILLA ESPERANZA', 90447, 75691, 92, '2018'),
(718, 7, 818, 198, 44407, 'F', 'T', 21, 'INVITADO', 'MED.VILESP.14.92.97.MED-200.2.T.F / 58.', NULL, NULL, '', 'PENDIENTE', 'VILLA ESPERANZA', 90448, 75692, 92, '2018'),
(719, 7, 818, 229, 63325, 'H', 'T', 21, 'INVITADO', 'MED.VILESP.14.92.97.MED-200.2.T.H / 66.', NULL, NULL, '', 'PENDIENTE', 'VILLA ESPERANZA', 90449, 75693, 92, '2018'),
(720, 7, 818, 86, 1550, 'B', 'T', 28, 'INVITADO', 'MED.VILESP.14.92.97.MED-200.2.T.B / 99.', NULL, NULL, '', 'PENDIENTE', 'VILLA ESPERANZA', 90452, 75694, 92, '2018'),
(721, 7, 818, 86, 1550, 'I', 'T', 24, 'INVITADO', 'MED.VILESP.14.92.97.MED-200.2.T.I / 98.', NULL, NULL, '', 'PENDIENTE', 'VILLA ESPERANZA', 90453, 75695, 92, '2018'),
(722, 7, 820, 114, 3299, 'C', 'T', 15, 'INVITADO', 'MED.VILESP.14.92.97.MED - 203.2.T.C / 1.', NULL, NULL, '', 'PENDIENTE', 'VILLA ESPERANZA', 90455, 75696, 92, '2018'),
(723, 7, 820, 70, 1290, 'E', 'M', 15, 'INVITADO', 'MED.VILESP.14.92.97.MED - 203.2.M.E / 36.', NULL, NULL, '', 'PENDIENTE', 'VILLA ESPERANZA', 90460, 75698, 92, '2018'),
(724, 7, 820, 22, 309, 'D', 'T', 20, 'INVITADO', 'MED.VILESP.14.92.97.MED - 203.2.T.D / 67.', NULL, NULL, '', 'PENDIENTE', 'VILLA ESPERANZA', 90461, 75699, 92, '2018'),
(725, 7, 820, 42, 577, 'G', 'T', 20, 'INVITADO', 'MED.VILESP.14.92.97.MED - 203.2.T.G / 82.', NULL, NULL, '', 'PENDIENTE', 'VILLA ESPERANZA', 90464, 75700, 92, '2018'),
(726, 7, 821, 60, 1268, 'E', 'T', 20, 'INVITADO', 'MED.VILESP.14.92.97.MED - 201.2.T.E / 5.', NULL, NULL, '', 'PENDIENTE', 'VILLA ESPERANZA', 90466, 75701, 92, '2018'),
(727, 7, 821, 60, 1268, 'F', 'T', 20, 'INVITADO', 'MED.VILESP.14.92.97.MED - 201.2.T.F / 4.', NULL, NULL, '', 'PENDIENTE', 'VILLA ESPERANZA', 90467, 75702, 92, '2018'),
(728, 7, 821, 50, 729, 'B', 'M', 15, 'INVITADO', 'MED.VILESP.14.92.97.MED - 201.2.M.B / 7.', NULL, NULL, '', 'PENDIENTE', 'VILLA ESPERANZA', 90468, 75703, 92, '2018'),
(729, 7, 821, 130, 4107, 'H', 'M', 15, 'INVITADO', 'MED.VILESP.14.92.97.MED - 201.2.M.H / 100.', NULL, NULL, '', 'PENDIENTE', 'VILLA ESPERANZA', 90470, 75705, 92, '2018'),
(730, 7, 821, 30, 374, 'A', 'M', 20, 'INVITADO', 'MED.VILESP.14.92.97.MED - 201.2.M.A / 114.', NULL, NULL, '', 'PENDIENTE', 'VILLA ESPERANZA', 90471, 75706, 92, '2018'),
(731, 7, 825, 148, 4486, 'A', 'M', 24, 'INVITADO', 'MED.VILESP.14.92.97.MED - 303.3.M.A / 32.', NULL, NULL, '', 'PENDIENTE', 'VILLA ESPERANZA', 90484, 75708, 92, '2018'),
(732, 7, 827, 147, 4485, 'PH', 'T', 15, 'INVITADO', 'MED.VILESP.14.92.97.MED-304.3.T.PH / 31.', NULL, NULL, '', 'PENDIENTE', 'VILLA ESPERANZA', 90583, 75716, 92, '2018'),
(733, 7, 827, 65, 1278, 'PH', 'M', 17, 'INVITADO', 'MED.VILESP.14.92.97.MED-304.3.M.PH / 74.', NULL, NULL, '', 'PENDIENTE', 'VILLA ESPERANZA', 90584, 73612, 92, '2018'),
(734, 7, 827, 69, 1284, 'PH', 'M', 20, 'INVITADO', 'MED.VILESP.14.92.97.MED-304.3.M.PH / 90.', NULL, NULL, '', 'PENDIENTE', 'VILLA ESPERANZA', 90585, 75719, 92, '2018'),
(735, 7, 824, 56, 800, 'F', 'T', 24, 'INVITADO', 'MED.VILESP.14.92.97.MED - 302.3.T.F / 120.', NULL, NULL, '', 'PENDIENTE', 'VILLA ESPERANZA', 90590, 75722, 92, '2018'),
(736, 7, 824, 64, 1277, 'C', 'M', 21, 'INVITADO', 'MED.VILESP.14.92.97.MED - 302.3.M.C / 72.', NULL, NULL, '', 'PENDIENTE', 'VILLA ESPERANZA', 90591, 75724, 92, '2018'),
(737, 7, 824, 64, 1277, 'E', 'M', 21, 'INVITADO', 'MED.VILESP.14.92.97.MED - 302.3.M.E / 73.', NULL, NULL, '', 'PENDIENTE', 'VILLA ESPERANZA', 90592, 75725, 92, '2018'),
(738, 7, 823, 132, 4364, 'A', 'M', 18, 'INVITADO', 'MED.VILESP.14.92.97.MED-300.3.M.A / 47.', NULL, NULL, '', 'PENDIENTE', 'VILLA ESPERANZA', 90593, 75726, 92, '2018'),
(739, 7, 823, 207, 49708, 'C', 'T', 18, 'INVITADO', 'MED.VILESP.14.92.97.MED-300.3.T.C / 61.', NULL, NULL, '', 'PENDIENTE', 'VILLA ESPERANZA', 90595, 75727, 92, '2018'),
(740, 7, 823, 73, 1314, 'D', 'M', 21, 'INVITADO', 'MED.VILESP.14.92.97.MED-300.3.M.D / 63.', NULL, NULL, '', 'PENDIENTE', 'VILLA ESPERANZA', 90596, 75728, 92, '2018'),
(741, 7, 828, 180, 35315, 'A', 'T', 12, 'INVITADO', 'MED.VILESP.14.92.97.MED - 305.3.T.A / 45.', NULL, NULL, '', 'PENDIENTE', 'VILLA ESPERANZA', 90597, 75729, 92, '2018'),
(742, 7, 1343, 192, 40101, 'PH', 'M', 35, 'INVITADO', 'MED.VILESP.14.92.97.MED-301-02.3.M.PH / 12.', NULL, NULL, '', 'PENDIENTE', 'VILLA ESPERANZA', 90598, 75731, 92, '2018'),
(743, 7, 823, 132, 4364, 'E', 'T', 18, 'INVITADO', 'MED.VILESP.14.92.97.MED-300.3.T.E / 48.', NULL, NULL, '', 'PENDIENTE', 'VILLA ESPERANZA', 90602, 76050, 92, '2018'),
(744, 7, 1342, 175, 35294, 'PH', 'M', 40, 'INVITADO', 'MED.VILESP.14.92.97.MED-301-01.3.M.PH / 17.', NULL, NULL, '', 'PENDIENTE', 'VILLA ESPERANZA', 90604, 75745, 92, '2018'),
(745, 7, 1342, 173, 35284, 'PH', 'M', 35, 'INVITADO', 'MED.VILESP.14.92.97.MED-301-01.3.M.PH / 18.', NULL, NULL, '', 'PENDIENTE', 'VILLA ESPERANZA', 90605, 75739, 92, '2018'),
(746, 7, 1342, 171, 35253, 'PH', 'M', 35, 'INVITADO', 'MED.VILESP.14.92.97.MED-301-01.3.M.PH / 19.', NULL, NULL, '', 'PENDIENTE', 'VILLA ESPERANZA', 90606, 75740, 92, '2018'),
(747, 7, 1342, 31, 390, 'PH', 'M', 35, 'INVITADO', 'MED.VILESP.14.92.97.MED-301-01.3.M.PH / 20.', NULL, NULL, '', 'PENDIENTE', 'VILLA ESPERANZA', 90608, 75737, 92, '2018'),
(748, 7, 1342, 11, 198, 'PH', 'M', 40, 'INVITADO', 'MED.VILESP.14.92.97.MED-301-01.3.M.PH / 26.', NULL, NULL, '', 'PENDIENTE', 'VILLA ESPERANZA', 90609, 75749, 92, '2018'),
(749, 7, 1342, 232, 65954, 'PH', 'M', 35, 'INVITADO', 'MED.VILESP.14.92.97.MED-301-01.3.M.PH / 37.', NULL, NULL, '', 'PENDIENTE', 'VILLA ESPERANZA', 90610, 75734, 92, '2018'),
(750, 7, 1342, 112, 2919, 'PH', 'M', 35, 'INVITADO', 'MED.VILESP.14.92.97.MED-301-01.3.M.PH / 42.', NULL, NULL, '', 'PENDIENTE', 'VILLA ESPERANZA', 90612, 75741, 92, '2018'),
(751, 7, 1342, 203, 46798, 'PH', 'M', 35, 'INVITADO', 'MED.VILESP.14.92.97.MED-301-01.3.M.PH / 117.', NULL, NULL, '', 'PENDIENTE', 'VILLA ESPERANZA', 90614, 75748, 92, '2018'),
(752, 7, 1342, 184, 38686, 'PH', 'M', 40, 'INVITADO', 'MED.VILESP.14.92.97.MED-301-01.3.M.PH / 64.', NULL, NULL, '', 'PENDIENTE', 'VILLA ESPERANZA', 90616, 75738, 92, '2018'),
(753, 7, 1342, 131, 4363, 'PH', 'M', 40, 'INVITADO', 'MED.VILESP.14.92.97.MED-301-01.3.M.PH / 69.', NULL, NULL, '', 'PENDIENTE', 'VILLA ESPERANZA', 90618, 75750, 92, '2018'),
(754, 7, 1342, 170, 35252, 'PH', 'M', 40, 'INVITADO', 'MED.VILESP.14.92.97.MED-301-01.3.M.PH / 95.', NULL, NULL, '', 'PENDIENTE', 'VILLA ESPERANZA', 90619, 75736, 92, '2018'),
(755, 7, 1342, 150, 4507, 'PH', 'M', 40, 'INVITADO', 'MED.VILESP.14.92.97.MED-301-01.3.M.PH / 101.', NULL, NULL, '', 'PENDIENTE', 'VILLA ESPERANZA', 90620, 75742, 92, '2018'),
(756, 7, 1342, 119, 3308, 'PH', 'M', 35, 'INVITADO', 'MED.VILESP.14.92.97.MED-301-01.3.M.PH / 111.', NULL, NULL, '', 'PENDIENTE', 'VILLA ESPERANZA', 90621, 75735, 92, '2018'),
(757, 7, 1345, 23, 313, 'PH', 'M', 36, 'INVITADO', 'MED.VILESP.14.92.97.MED-400 .4.M.PH / 79.', NULL, NULL, '', 'PENDIENTE', 'VILLA ESPERANZA', 90624, 75751, 92, '2018'),
(758, 7, 1345, 176, 35299, 'PH', 'M', 36, 'INVITADO', 'MED.VILESP.14.92.97.MED-400 .4.M.PH / 110.', NULL, NULL, '', 'PENDIENTE', 'VILLA ESPERANZA', 90625, 75752, 92, '2018'),
(759, 7, 1353, 219, 54618, 'PH', 'M', 36, 'INVITADO', 'MED.VILESP.14.92.97.MED-401 .4.M.PH / 94.', NULL, NULL, '', 'PENDIENTE', 'VILLA ESPERANZA', 90629, 75754, 92, '2018'),
(760, 7, 1353, 76, 1349, 'PH', 'M', 36, 'INVITADO', 'MED.VILESP.14.92.97.MED-401 .4.M.PH / 104.', NULL, NULL, '', 'PENDIENTE', 'VILLA ESPERANZA', 90630, 75753, 92, '2018'),
(761, 7, 1349, 62, 1275, 'PH', 'M', 36, 'INVITADO', 'MED.VILESP.14.92.97.MED-400 .4.M.PH / 62.', NULL, NULL, '', 'PENDIENTE', 'VILLA ESPERANZA', 90647, 75421, 92, '2018'),
(762, 7, 1349, 111, 2918, 'PH', 'M', 36, 'INVITADO', 'MED.VILESP.14.92.97.MED-400 .4.M.PH / 107.', NULL, NULL, '', 'PENDIENTE', 'VILLA ESPERANZA', 90649, 75429, 92, '2018'),
(763, 7, 1350, 102, 2229, 'PH', 'M', 36, 'INVITADO', 'MED.VILESP.14.92.97.MED-400 .4.M.PH / 80.', NULL, NULL, '', 'PENDIENTE', 'VILLA ESPERANZA', 90650, 75430, 92, '2018'),
(764, 7, 1348, 95, 1760, 'PH', 'M', 36, 'INVITADO', 'MED.VILESP.14.92.97.MED-400 .4.M.PH / 23.', NULL, NULL, '', 'PENDIENTE', 'VILLA ESPERANZA', 90652, 75431, 92, '2018'),
(765, 7, 1351, 72, 1313, 'PH', 'M', 36, 'INVITADO', 'MED.VILESP.14.92.97.MED-400 .4.M.PH / 34.', NULL, NULL, '', 'PENDIENTE', 'VILLA ESPERANZA', 90654, 75436, 92, '2018'),
(766, 7, 1346, 221, 56132, 'PH', 'M', 36, 'INVITADO', 'MED.VILESP.14.92.97.MED-400 .4.M.PH / 8.', NULL, NULL, '', 'PENDIENTE', 'VILLA ESPERANZA', 90655, 75439, 92, '2018'),
(767, 7, 1346, 138, 4387, 'PH', 'M', 36, 'INVITADO', 'MED.VILESP.14.92.97.MED-400 .4.M.PH / 96.', NULL, NULL, '', 'PENDIENTE', 'VILLA ESPERANZA', 90657, 75441, 92, '2018'),
(768, 7, 831, 188, 39931, 'PH', 'M', 36, 'INVITADO', 'MED.VILESP.14.92.97.MED - 402.4.M.PH / 89.', NULL, NULL, '', 'PENDIENTE', 'VILLA ESPERANZA', 90660, 75451, 92, '2018'),
(769, 7, 1352, 187, 38727, 'PH', 'M', 36, 'INVITADO', 'MED.VILESP.14.92.97.MED-401 .4.M.PH / 109.', NULL, NULL, '', 'PENDIENTE', 'VILLA ESPERANZA', 90661, 75454, 92, '2018'),
(770, 7, 832, 197, 43272, 'PH', 'M', 36, 'INVITADO', 'MED.VILESP.14.92.97.MED - 403.4.M.PH / 9.', NULL, NULL, '', 'PENDIENTE', 'VILLA ESPERANZA', 90672, 75461, 92, '2018'),
(771, 7, 832, 141, 4392, 'PH', 'M', 36, 'INVITADO', 'MED.VILESP.14.92.97.MED - 403.4.M.PH / 68.', NULL, NULL, '', 'PENDIENTE', 'VILLA ESPERANZA', 90673, 75459, 92, '2018'),
(772, 7, 1347, 61, 1271, 'PH', 'M', 36, 'INVITADO', 'MED.VILESP.14.92.97.MED-400 .4.M.PH / 28.', NULL, NULL, '', 'PENDIENTE', 'VILLA ESPERANZA', 90675, 75462, 92, '2018'),
(773, 7, 834, 98, 1783, 'B', 'T', 18, 'INVITADO', 'MED.VILESP.14.92.97.MED-405.4.T.B / 112.', NULL, NULL, '', 'PENDIENTE', 'VILLA ESPERANZA', 90677, 75467, 92, '2018'),
(774, 7, 833, 47, 677, 'PH', 'M', 36, 'INVITADO', 'MED.VILESP.14.92.97.MED-404.4.M.PH / 50.', NULL, NULL, '', 'PENDIENTE', 'VILLA ESPERANZA', 90678, 75469, 92, '2018'),
(775, 7, 1363, 19, 257, 'PH', 'M', 36, 'INVITADO', 'MED.VILESP.14.92.97.MED-501.5.M.PH / 60.', NULL, NULL, '', 'PENDIENTE', 'VILLA ESPERANZA', 90680, 75472, 92, '2018'),
(776, 7, 1359, 40, 534, 'PH', 'M', 36, 'INVITADO', 'MED.VILESP.14.92.97.MED-501.5.M.PH / 51.', NULL, NULL, '', 'PENDIENTE', 'VILLA ESPERANZA', 90761, 75885, 92, '2018'),
(777, 7, 1359, 189, 39937, 'PH', 'M', 36, 'INVITADO', 'MED.VILESP.14.92.97.MED-501.5.M.PH / 70.', NULL, NULL, '', 'PENDIENTE', 'VILLA ESPERANZA', 90762, 75479, 92, '2018'),
(778, 7, 1356, 211, 51270, 'PH', 'M', 36, 'INVITADO', 'MED.VILESP.14.92.97.MED-500.5.M.PH / 93.', NULL, NULL, '', 'PENDIENTE', 'VILLA ESPERANZA', 90763, 75907, 92, '2018'),
(779, 7, 1356, 226, 62996, 'PH', 'M', 36, 'INVITADO', 'MED.VILESP.14.92.97.MED-500.5.M.PH / 102.', NULL, NULL, '', 'PENDIENTE', 'VILLA ESPERANZA', 90765, 75905, 92, '2018'),
(780, 7, 1355, 80, 1456, 'PH', 'M', 36, 'INVITADO', 'MED.VILESP.14.92.97.MED-500.5.M.PH / 6.', NULL, NULL, '', 'PENDIENTE', 'VILLA ESPERANZA', 90766, 75910, 92, '2018'),
(781, 7, 1355, 143, 4397, 'PH', 'M', 36, 'INVITADO', 'MED.VILESP.14.92.97.MED-500.5.M.PH / 55.', NULL, NULL, '', 'PENDIENTE', 'VILLA ESPERANZA', 90768, 75912, 92, '2018'),
(782, 7, 1364, 104, 2313, 'PH', 'M', 35, 'INVITADO', 'MED.VILESP.14.92.97.MED-502.5.M.PH / 27.', NULL, NULL, '', 'PENDIENTE', 'VILLA ESPERANZA', 90770, 75915, 92, '2018'),
(783, 7, 1364, 220, 54780, 'PH', 'M', 36, 'INVITADO', 'MED.VILESP.14.92.97.MED-502.5.M.PH / 75.', NULL, NULL, '', 'PENDIENTE', 'VILLA ESPERANZA', 90771, 75913, 92, '2018'),
(784, 7, 1364, 140, 4391, 'PH', 'M', 36, 'INVITADO', 'MED.VILESP.14.92.97.MED-502.5.M.PH / 77.', NULL, NULL, '', 'PENDIENTE', 'VILLA ESPERANZA', 90772, 75916, 92, '2018'),
(785, 7, 1358, 196, 43141, 'PH', 'M', 40, 'INVITADO', 'MED.VILESP.14.92.97.MED-500.5.M.PH / 127.', NULL, NULL, '', 'PENDIENTE', 'VILLA ESPERANZA', 90777, 75917, 92, '2018'),
(786, 7, 1357, 191, 39970, 'PH', 'M', 36, 'INVITADO', 'MED.VILESP.14.92.97.MED-500.5.M.PH / 97.', NULL, NULL, '', 'PENDIENTE', 'VILLA ESPERANZA', 90792, 75921, 92, '2018'),
(787, 7, 1365, 71, 1291, 'PH', 'M', 36, 'INVITADO', 'MED.VILESP.14.92.97.MED-502.5.M.PH / 35.', NULL, NULL, '', 'PENDIENTE', 'VILLA ESPERANZA', 90793, 75925, 92, '2018'),
(788, 7, 1365, 142, 4396, 'PH', 'M', 36, 'INVITADO', 'MED.VILESP.14.92.97.MED-502.5.M.PH / 106.', NULL, NULL, '', 'PENDIENTE', 'VILLA ESPERANZA', 90794, 75924, 92, '2018'),
(789, 7, 1361, 123, 3430, 'PH', 'M', 36, 'INVITADO', 'MED.VILESP.14.92.97.MED-501.5.M.PH / 25.', NULL, NULL, '', 'PENDIENTE', 'VILLA ESPERANZA', 90795, 75926, 92, '2018'),
(790, 7, 838, 113, 3298, 'PH', 'M', 36, 'INVITADO', 'MED.VILESP.14.92.97.MED - 503.5.M.PH / 57.', NULL, NULL, '', 'PENDIENTE', 'VILLA ESPERANZA', 90796, 75927, 92, '2018'),
(791, 7, 1360, 209, 49718, 'PH', 'M', 40, 'INVITADO', 'MED.VILESP.14.92.97.MED-501.5.M.PH / 122.', NULL, NULL, '', 'PENDIENTE', 'VILLA ESPERANZA', 90797, 75935, 92, '2018'),
(792, 7, 1360, 195, 42857, 'PH', 'M', 36, 'INVITADO', 'MED.VILESP.14.92.97.MED-501.5.M.PH / 81.', NULL, NULL, '', 'PENDIENTE', 'VILLA ESPERANZA', 90798, 75933, 92, '2018'),
(793, 7, 840, 202, 46538, 'B', 'T', 18, 'INVITADO', 'MED.VILESP.14.92.97.MED - 505.5.T.B / 52.', NULL, NULL, '', 'PENDIENTE', 'VILLA ESPERANZA', 90799, 75929, 92, '2018'),
(794, 7, 840, 208, 49717, 'A', 'T', 18, 'INVITADO', 'MED.VILESP.14.92.97.MED - 505.5.T.A / 56.', NULL, NULL, '', 'PENDIENTE', 'VILLA ESPERANZA', 90800, 75931, 92, '2018'),
(795, 7, 833, 120, 3309, 'PH', 'M', 36, 'INVITADO', 'MED.VILESP.14.92.97.MED-404.4.M.PH / 116.', NULL, NULL, '', 'PENDIENTE', 'VILLA ESPERANZA', 90801, 75718, 92, '2018'),
(796, 7, 828, 180, 35315, 'B', 'T', 16, 'INVITADO', 'MED.VILESP.14.92.97.MED - 305.3.T.B / 46.', NULL, NULL, '', 'PENDIENTE', 'VILLA ESPERANZA', 91011, 75730, 92, '2018'),
(797, 7, 2549, 194, 40190, 'A', 'T', 40, 'INVITADO', 'MED.VILESP.14.92.97.MED-600.6.T.A / 118.', NULL, NULL, '', 'PENDIENTE', 'VILLA ESPERANZA', 92042, 76410, 92, '2018'),
(798, 7, 1354, 234, 66892, 'PH', 'M', 36, 'INVITADO', 'MED.VILESP.14.92.97.MED-401 .4.M.PH / 115.', NULL, NULL, '', 'PENDIENTE', 'VILLA ESPERANZA', 92273, 77570, 92, '2018'),
(799, 7, 827, 231, 65953, 'PH', 'M', 20, 'INVITADO', 'MED.VILESP.14.92.97.MED-304.3.M.PH / 126.', NULL, NULL, '', 'PENDIENTE', 'VILLA ESPERANZA', 94181, 78864, 92, '2018'),
(800, 7, 1344, 156, 4963, 'PH', 'M', 40, 'INVITADO', 'MED.VILESP.14.92.97.MED-301-03.3.M.PH / 128.', NULL, NULL, '', 'PENDIENTE', 'VILLA ESPERANZA', 94360, 78863, 92, '2018'),
(801, 7, 1350, 242, 72288, 'PH', 'M', 40, 'INVITADO', 'MED.VILESP.14.92.97.MED-400 .4.M.PH / 129.', NULL, NULL, '', 'PENDIENTE', 'VILLA ESPERANZA', 94361, 78867, 92, '2018'),
(802, 7, 838, 240, 71049, 'PH', 'M', 40, 'INVITADO', 'MED.VILESP.14.92.97.MED - 503.5.M.PH / 130.', NULL, NULL, '', 'PENDIENTE', 'VILLA ESPERANZA', 94362, 78872, 92, '2018'),
(803, 7, 1363, 238, 70911, 'PH', 'M', 40, 'INVITADO', 'MED.VILESP.14.92.97.MED-501.5.M.PH / 150.', NULL, NULL, '', 'PENDIENTE', 'VILLA ESPERANZA', 94367, 75474, 92, '2018'),
(804, 7, 820, 133, 4365, 'H', 'M', 20, 'INVITADO', 'MED.VILESP.14.92.97.MED - 203.2.M.H / 124.', NULL, NULL, '', 'PENDIENTE', 'VILLA ESPERANZA', 94484, 75697, 92, '2018'),
(805, 7, 1342, 131, 4363, 'PH', 'T', 40, 'INVITADO', 'MED.VILESP.14.92.97.MED-301-01.3.T.PH / 125.', NULL, NULL, '', 'PENDIENTE', 'VILLA ESPERANZA', 94808, 79550, 92, '2018'),
(806, 7, 1355, 80, 1456, 'PH', 'M', 40, 'INVITADO', 'MED.VILESP.14.92.97.MED-500.5.M.PH / 121.', NULL, NULL, '', 'PENDIENTE', 'VILLA ESPERANZA', 94809, 75909, 92, '2018'),
(807, 7, 1357, 241, 71988, 'PH', 'M', 40, 'INVITADO', 'MED.VILESP.14.92.97.MED-500.5.M.PH / 131.', NULL, NULL, '', 'PENDIENTE', 'VILLA ESPERANZA', 94813, 78873, 92, '2018'),
(808, 7, 825, 95, 1760, 'E', 'T', 24, 'INVITADO', 'MED.VILESP.14.92.97.MED - 303.3.T.E / 123.', NULL, NULL, '', 'PENDIENTE', 'VILLA ESPERANZA', 94914, 79596, 92, '2018'),
(809, 7, 817, 243, 73192, 'C', 'T', 16, 'INVITADO', 'MED.VILESP.14.92.97.MED - 103.1.T.C / 134.', NULL, NULL, '', 'PENDIENTE', 'VILLA ESPERANZA', 95479, 79888, 92, '2018'),
(810, 7, 822, 146, 4483, 'B', 'T', 20, 'INVITADO', 'MED.VILESP.14.92.97.MED-204.2.T.B / 132.', NULL, NULL, '', 'PENDIENTE', 'VILLA ESPERANZA', 95480, 79889, 92, '2018'),
(811, 7, 827, 245, 73257, 'PH', 'M', 20, 'INVITADO', 'MED.VILESP.14.92.97.MED-304.3.M.PH / 133.', NULL, NULL, '', 'PENDIENTE', 'VILLA ESPERANZA', 95481, 79890, 92, '2018'),
(812, 7, 1354, 251, 76262, 'PH', 'M', 40, 'INVITADO', 'MED.VILESP.14.92.97.MED-401 .4.M.PH / 151.', NULL, NULL, '', 'PENDIENTE', 'VILLA ESPERANZA', 95854, 80113, 92, '2018'),
(813, 7, 1361, 244, 73256, 'PH', 'M', 40, 'INVITADO', 'MED.VILESP.14.92.97.MED-501.5.M.PH / 147.', NULL, NULL, '', 'PENDIENTE', 'VILLA ESPERANZA', 95856, 80115, 92, '2018'),
(814, 7, 1363, 236, 70394, 'PH', 'M', 40, 'INVITADO', 'MED.VILESP.14.92.97.MED-501.5.M.PH / 149.', NULL, NULL, '', 'PENDIENTE', 'VILLA ESPERANZA', 95857, 80117, 92, '2018'),
(815, 7, 1342, 200, 46370, 'PH', 'M', 40, 'INVITADO', 'MED.VILESP.14.92.97.MED-301-01.3.M.PH / 137.', NULL, NULL, '', 'PENDIENTE', 'VILLA ESPERANZA', 95858, 80110, 92, '2018'),
(816, 7, 827, 136, 4381, 'PH', 'M', 20, 'INVITADO', 'MED.VILESP.14.92.97.MED-304.3.M.PH / 138.', NULL, NULL, '', 'PENDIENTE', 'VILLA ESPERANZA', 95859, 80120, 92, '2018'),
(817, 7, 827, 69, 1284, 'PH', 'M', 20, 'INVITADO', 'MED.VILESP.14.92.97.MED-304.3.M.PH / 139.', NULL, NULL, '', 'PENDIENTE', 'VILLA ESPERANZA', 95860, 78866, 92, '2018'),
(818, 7, 1343, 130, 4107, 'PH', 'M', 40, 'INVITADO', 'MED.VILESP.14.92.97.MED-301-02.3.M.PH / 140.', NULL, NULL, '', 'PENDIENTE', 'VILLA ESPERANZA', 95861, 80121, 92, '2018'),
(819, 7, 825, 148, 4486, 'C', 'T', 24, 'INVITADO', 'MED.VILESP.14.92.97.MED - 303.3.T.C / 136.', NULL, NULL, '', 'PENDIENTE', 'VILLA ESPERANZA', 95862, 80122, 92, '2018'),
(820, 7, 821, 133, 4365, 'D', 'T', 15, 'INVITADO', 'MED.VILESP.14.92.97.MED - 201.2.T.D / 135.', NULL, NULL, '', 'PENDIENTE', 'VILLA ESPERANZA', 95886, 78869, 92, '2018'),
(821, 7, 822, 39, 520, 'D', 'T', 10, 'INVITADO', 'MED.VILESP.14.92.97.MED-204.2.T.D / 148.', NULL, NULL, '', 'PENDIENTE', 'VILLA ESPERANZA', 96321, 80437, 92, '2018'),
(822, 7, 823, 250, 75843, 'B', 'M', 24, 'INVITADO', 'MED.VILESP.14.92.97.MED-300.3.M.B / 142.', NULL, NULL, '', 'PENDIENTE', 'VILLA ESPERANZA', 96576, 80596, 92, '2018'),
(823, 7, 825, 249, 75075, 'D', 'M', 24, 'INVITADO', 'MED.VILESP.14.92.97.MED - 303.3.M.D / 145.', NULL, NULL, '', 'PENDIENTE', 'VILLA ESPERANZA', 96577, 80597, 92, '2018'),
(824, 7, 827, 235, 70366, 'PH', 'M', 20, 'INVITADO', 'MED.VILESP.14.92.97.MED-304.3.M.PH / 144.', NULL, NULL, '', 'PENDIENTE', 'VILLA ESPERANZA', 96578, 80598, 92, '2018'),
(825, 7, 1342, 247, 74362, 'PH', 'M', 40, 'INVITADO', 'MED.VILESP.14.92.97.MED-301-01.3.M.PH / 146.', NULL, NULL, '', 'PENDIENTE', 'VILLA ESPERANZA', 96579, 80599, 92, '2018'),
(826, 7, 827, 252, 77271, 'PH', 'T', 15, 'INVITADO', 'MED.VILESP.14.92.97.MED-304.3.T.PH / 141.', NULL, NULL, '', 'PENDIENTE', 'VILLA ESPERANZA', 96580, 80600, 92, '2018'),
(827, 7, 839, 248, 75068, 'B', 'T', 24, 'INVITADO', 'MED.VILESP.14.92.97.MED - 504.5.T.B / 143.', NULL, NULL, '', 'PENDIENTE', 'VILLA ESPERANZA', 96582, 80601, 92, '2018'),
(828, 8, 2507, 41, 574, 'A', 'T', 30, 'INVESTIGADOR', 'MED.INSDEINV.14.97.97.INV.11.T.A / 1.', NULL, NULL, '', 'PENDIENTE', 'INSTITUTO DE  INVESTIGACIÓN', 96824, 80778, 97, '2018 INVESTIGACIÓN'),
(829, 7, 1359, 126, 3521, 'PH', 'M', 40, 'INVITADO', 'MED.VILESP.14.92.97.MED-501.5.M.PH / 153.', NULL, NULL, '', 'PENDIENTE', 'VILLA ESPERANZA', 96825, 80780, 92, '2018'),
(830, 7, 1351, 62, 1275, 'PH', 'M', 30, 'INVITADO', 'MED.VILESP.14.92.97.MED-400 .4.M.PH / 152.', NULL, NULL, '', 'PENDIENTE', 'VILLA ESPERANZA', 96840, 80781, 92, '2018'),
(831, 8, 2507, 125, 3497, 'C', 'M', 40, 'INVESTIGADOR', 'MED.INSDEINV.14.97.140.INV.11.M.C / 3.', NULL, NULL, '', 'PENDIENTE', 'INSTITUTO DE  INVESTIGACIÓN', 98697, 82973, 97, '2018 INVESTIGACIÓN'),
(832, 8, 2507, 29, 372, 'D', 'M', 40, 'INVESTIGADOR', 'MED.INSDEINV.14.97.140.INV.11.M.D / 2.', NULL, NULL, '', 'PENDIENTE', 'INSTITUTO DE  INVESTIGACIÓN', 98698, 82974, 97, '2018 INVESTIGACIÓN'),
(833, 7, 1342, 253, 78669, 'PH', 'M', 32, 'INVITADO', 'MED.VILESP.14.92.342.MED-301-01.3.M.PH / 154.', NULL, NULL, '', 'PENDIENTE', 'VILLA ESPERANZA', 102312, 85104, 92, '2018'),
(834, 9, 820, 114, 3299, 'B', 'M', 20, 'CONTRATADO', 'MED.VILESP.14.131.342.MED - 203.2.M.B / 2.', NULL, NULL, '', 'PENDIENTE', 'VILLA ESPERANZA', 103391, 86064, 131, '2019'),
(835, 9, 822, 41, 574, 'A', 'M', 20, 'CONTRATADO', 'MED.VILESP.14.131.342.MED-204.2.M.A / 3.', NULL, NULL, '', 'PENDIENTE', 'VILLA ESPERANZA', 103395, 86071, 131, '2019'),
(836, 9, 1362, 59, 1267, 'PH', 'M', 40, 'CONTRATADO', 'MED.VILESP.14.131.342.MED-501.5.M.PH / 32.', NULL, NULL, '', 'PENDIENTE', 'VILLA ESPERANZA', 103448, 86111, 131, '2019'),
(837, 9, 838, 52, 748, 'PH', 'M', 40, 'CONTRATADO', 'MED.VILESP.14.131.342.MED - 503.5.M.PH / 34.', NULL, NULL, '', 'PENDIENTE', 'VILLA ESPERANZA', 103449, 86083, 131, '2019'),
(838, 9, 816, 29, 372, 'C', 'M', 16, 'CONTRATADO', 'MED.VILESP.14.131.342.MED - 102.1.M.C / 4.', NULL, NULL, '', 'PENDIENTE', 'VILLA ESPERANZA', 103450, 86084, 131, '2019'),
(839, 9, 821, 37, 485, 'C', 'M', 20, 'CONTRATADO', 'MED.VILESP.14.131.342.MED - 201.2.M.C / 35.', NULL, NULL, '', 'PENDIENTE', 'VILLA ESPERANZA', 103451, 86086, 131, '2019'),
(840, 9, 1348, 1, 6, 'PH', 'M', 40, 'CONTRATADO', 'MED.VILESP.14.131.342.MED-400 .4.M.PH / 6.', NULL, NULL, '', 'PENDIENTE', 'VILLA ESPERANZA', 103457, 86089, 131, '2019'),
(841, 9, 816, 4, 74, 'B', 'M', 18, 'CONTRATADO', 'MED.VILESP.14.131.342.MED - 102.1.M.B / 43.', NULL, NULL, '', 'PENDIENTE', 'VILLA ESPERANZA', 103461, 86091, 131, '2019'),
(842, 9, 1344, 24, 328, 'PH', 'M', 40, 'CONTRATADO', 'MED.VILESP.14.131.342.MED-301-03.3.M.PH / 7.', NULL, NULL, '', 'PENDIENTE', 'VILLA ESPERANZA', 103463, 86092, 131, '2019'),
(843, 9, 820, 70, 1290, 'A', 'M', 20, 'CONTRATADO', 'MED.VILESP.14.131.342.MED - 203.2.M.A / 36.', NULL, NULL, '', 'PENDIENTE', 'VILLA ESPERANZA', 103465, 86093, 131, '2019'),
(844, 9, 831, 51, 736, 'PH', 'M', 40, 'CONTRATADO', 'MED.VILESP.14.131.342.MED - 402.4.M.PH / 8.', NULL, NULL, '', 'PENDIENTE', 'VILLA ESPERANZA', 103468, 86094, 131, '2019'),
(845, 9, 815, 38, 488, 'B', 'M', 20, 'CONTRATADO', 'MED.VILESP.14.131.342.MED - 101.1.M.B / 9.', NULL, NULL, '', 'PENDIENTE', 'VILLA ESPERANZA', 103469, 86095, 131, '2019'),
(846, 9, 816, 83, 1472, 'A', 'M', 16, 'CONTRATADO', 'MED.VILESP.14.131.342.MED - 102.1.M.A / 11.', NULL, NULL, '', 'PENDIENTE', 'VILLA ESPERANZA', 103471, 86097, 131, '2019'),
(847, 9, 817, 45, 630, 'A', 'M', 16, 'CONTRATADO', 'MED.VILESP.14.131.342.MED - 103.1.M.A / 12.', NULL, NULL, '', 'PENDIENTE', 'VILLA ESPERANZA', 103472, 86098, 131, '2019'),
(848, 9, 821, 15, 229, 'G', 'M', 20, 'CONTRATADO', 'MED.VILESP.14.131.342.MED - 201.2.M.G / 13.', NULL, NULL, '', 'PENDIENTE', 'VILLA ESPERANZA', 103473, 86099, 131, '2019'),
(849, 9, 820, 22, 309, 'F', 'M', 20, 'CONTRATADO', 'MED.VILESP.14.131.342.MED - 203.2.M.F / 14.', NULL, NULL, '', 'PENDIENTE', 'VILLA ESPERANZA', 103484, 86102, 131, '2019'),
(850, 9, 816, 35, 475, 'F', 'T', 20, 'CONTRATADO', 'MED.VILESP.14.131.342.MED - 102.1.T.F / 41.', NULL, NULL, '', 'PENDIENTE', 'VILLA ESPERANZA', 103486, 86103, 131, '2019'),
(851, 9, 816, 35, 475, 'D', 'T', 10, 'CONTRATADO', 'MED.VILESP.14.131.342.MED - 102.1.T.D / 42.', NULL, NULL, '', 'PENDIENTE', 'VILLA ESPERANZA', 103487, 86104, 131, '2019'),
(852, 9, 819, 63, 1276, 'C', 'M', 20, 'CONTRATADO', 'MED.VILESP.14.131.342.MED - 202.2.M.C / 15.', NULL, NULL, '', 'PENDIENTE', 'VILLA ESPERANZA', 103491, 86105, 131, '2019'),
(853, 9, 824, 21, 277, 'B', 'T', 24, 'CONTRATADO', 'MED.VILESP.14.131.342.MED - 302.3.T.B / 16.', NULL, NULL, '', 'PENDIENTE', 'VILLA ESPERANZA', 103492, 86106, 131, '2019'),
(854, 9, 819, 6, 124, 'F', 'T', 20, 'CONTRATADO', 'MED.VILESP.14.131.342.MED - 202.2.T.F / 17.', NULL, NULL, '', 'PENDIENTE', 'VILLA ESPERANZA', 103494, 86107, 131, '2019'),
(855, 9, 1342, 27, 359, 'PH', 'M', 40, 'CONTRATADO', 'MED.VILESP.14.131.342.MED-301-01.3.M.PH / 37.', NULL, NULL, '', 'PENDIENTE', 'VILLA ESPERANZA', 103496, 86108, 131, '2019'),
(856, 9, 818, 44, 629, 'G', 'T', 28, 'CONTRATADO', 'MED.VILESP.14.131.342.MED-200.2.T.G / 19.', NULL, NULL, '', 'PENDIENTE', 'VILLA ESPERANZA', 103497, 86109, 131, '2019'),
(857, 9, 1352, 44, 629, 'PH', 'M', 40, 'CONTRATADO', 'MED.VILESP.14.131.342.MED-401 .4.M.PH / 18.', NULL, NULL, '', 'PENDIENTE', 'VILLA ESPERANZA', 103499, 86110, 131, '2019'),
(858, 9, 1362, 53, 755, 'PH', 'M', 40, 'CONTRATADO', 'MED.VILESP.14.131.342.MED-501.5.M.PH / 20.', NULL, NULL, '', 'PENDIENTE', 'VILLA ESPERANZA', 103501, 86080, 131, '2019'),
(859, 9, 823, 13, 227, 'F', 'T', 24, 'CONTRATADO', 'MED.VILESP.14.131.342.MED-300.3.T.F / 38.', NULL, NULL, '', 'PENDIENTE', 'VILLA ESPERANZA', 103502, 86112, 131, '2019'),
(860, 9, 819, 43, 590, 'B', 'M', 20, 'CONTRATADO', 'MED.VILESP.14.131.342.MED - 202.2.M.B / 21.', NULL, NULL, '', 'PENDIENTE', 'VILLA ESPERANZA', 103506, 86114, 131, '2019'),
(861, 9, 819, 43, 590, 'A', 'T', 20, 'CONTRATADO', 'MED.VILESP.14.131.342.MED - 202.2.T.A / 22.', NULL, NULL, '', 'PENDIENTE', 'VILLA ESPERANZA', 103508, 86115, 131, '2019'),
(862, 9, 1347, 79, 1396, 'PH', 'M', 40, 'CONTRATADO', 'MED.VILESP.14.131.342.MED-400 .4.M.PH / 23.', NULL, NULL, '', 'PENDIENTE', 'VILLA ESPERANZA', 103510, 86117, 131, '2019'),
(863, 9, 822, 68, 1282, 'C', 'T', 20, 'CONTRATADO', 'MED.VILESP.14.131.342.MED-204.2.T.C / 24.', NULL, NULL, '', 'PENDIENTE', 'VILLA ESPERANZA', 103512, 86118, 131, '2019'),
(864, 9, 815, 16, 232, 'A', 'M', 20, 'CONTRATADO', 'MED.VILESP.14.131.342.MED - 101.1.M.A / 25.', NULL, NULL, '', 'PENDIENTE', 'VILLA ESPERANZA', 103513, 86119, 131, '2019'),
(865, 9, 815, 16, 232, 'F', 'T', 20, 'CONTRATADO', 'MED.VILESP.14.131.342.MED - 101.1.T.F / 26.', NULL, NULL, '', 'PENDIENTE', 'VILLA ESPERANZA', 103516, 86120, 131, '2019'),
(866, 9, 818, 48, 681, 'A', 'T', 28, 'CONTRATADO', 'MED.VILESP.14.131.342.MED-200.2.T.A / 27.', NULL, NULL, '', 'PENDIENTE', 'VILLA ESPERANZA', 103517, 86122, 131, '2019'),
(867, 9, 825, 20, 268, 'G', 'T', 24, 'CONTRATADO', 'MED.VILESP.14.131.342.MED - 303.3.T.G / 28.', NULL, NULL, '', 'PENDIENTE', 'VILLA ESPERANZA', 103519, 86123, 131, '2019'),
(868, 9, 814, 10, 187, 'A', 'T', 40, 'CONTRATADO', 'MED.VILESP.14.131.342.MED - 100.1.T.A / 29.', NULL, NULL, '', 'PENDIENTE', 'VILLA ESPERANZA', 103521, 86127, 131, '2019'),
(869, 9, 814, 26, 351, 'C', 'T', 40, 'CONTRATADO', 'MED.VILESP.14.131.342.MED - 100.1.T.C / 30.', NULL, NULL, '', 'PENDIENTE', 'VILLA ESPERANZA', 103526, 86125, 131, '2019'),
(870, 9, 825, 90, 1706, 'F', 'T', 24, 'CONTRATADO', 'MED.VILESP.14.131.342.MED - 303.3.T.F / 31.', NULL, NULL, '', 'PENDIENTE', 'VILLA ESPERANZA', 103529, 86126, 131, '2019'),
(871, 9, 814, 57, 808, 'G', 'M', 40, 'CONTRATADO', 'MED.VILESP.14.131.342.MED - 100.1.M.G / 1.', NULL, NULL, '', 'PENDIENTE', 'VILLA ESPERANZA', 103597, 86679, 131, '2019'),
(872, 9, 824, 56, 800, 'D', 'M', 24, 'CONTRATADO', 'MED.VILESP.14.131.342.MED - 302.3.M.D / 44.', NULL, NULL, '', 'PENDIENTE', 'VILLA ESPERANZA', 103609, 86100, 131, '2019'),
(873, 9, 824, 8, 169, 'F', 'T', 24, 'CONTRATADO', 'MED.VILESP.14.131.342.MED - 302.3.T.F / 5.', NULL, NULL, '', 'PENDIENTE', 'VILLA ESPERANZA', 104086, 86088, 131, '2019'),
(874, 9, 834, 2, 46, 'A', 'T', 24, 'CONTRATADO', 'MED.VILESP.14.131.342.MED-405.4.T.A / 40.', NULL, NULL, '', 'PENDIENTE', 'VILLA ESPERANZA', 104087, 86124, 131, '2019'),
(875, 9, 839, 28, 368, 'A', 'T', 24, 'CONTRATADO', 'MED.VILESP.14.131.342.MED - 504.5.T.A / 10.', NULL, NULL, '', 'PENDIENTE', 'VILLA ESPERANZA', 104088, 86096, 131, '2019'),
(876, 9, 1358, 105, 2314, 'PH', 'M', 40, 'CONTRATADO', 'MED.VILESP.14.131.342.MED-500.5.M.PH / 33.', NULL, NULL, '', 'PENDIENTE', 'VILLA ESPERANZA', 104092, 86082, 131, '2019'),
(877, 9, 814, 58, 1251, 'K', 'N', 40, 'CONTRATADO', 'MED.VILESP.14.131.342.MED - 100.1.N.K / 39.', NULL, NULL, '', 'PENDIENTE', 'VILLA ESPERANZA', 104249, 87287, 131, '2019'),
(878, 9, 816, 134, 4368, 'E', 'T', 20, 'INTERINO', 'MED.VILESP.14.131.342.MED - 102.1.T.E / 6.', NULL, NULL, '', 'PENDIENTE', 'VILLA ESPERANZA', 104251, 87183, 131, '2019'),
(879, 9, 833, 47, 677, 'PH', 'M', 40, 'INTERINO', 'MED.VILESP.14.131.342.MED-404.4.M.PH / 1.', NULL, NULL, '', 'PENDIENTE', 'VILLA ESPERANZA', 104254, 87200, 131, '2019'),
(880, 9, 816, 134, 4368, 'I', 'T', 20, 'INTERINO', 'MED.VILESP.14.131.342.MED - 102.1.T.I / 5.', NULL, NULL, '', 'PENDIENTE', 'VILLA ESPERANZA', 104258, 87290, 131, '2019');
INSERT INTO `asignacion` (`id_asignacion`, `id_gestion`, `id_asignatura`, `id_docente`, `siacop_id_persona`, `paralelo`, `turno`, `horas_asignadas`, `categoria`, `nombramiento`, `nombramiento_archivo_digital`, `evaluacion_nota`, `evaluacion_archivo_digital`, `estado`, `nombre_sede`, `siacop_id_asignacion_docente`, `siacop_id_asignacion`, `siacop_id_gestion`, `siacop_gestion`) VALUES
(881, 9, 814, 135, 4380, 'N', 'M', 40, 'INTERINO', 'MED.VILESP.14.131.342.MED - 100.1.M.N / 4.', NULL, NULL, '', 'PENDIENTE', 'VILLA ESPERANZA', 104265, 87294, 131, '2019'),
(882, 9, 814, 159, 5491, 'I', 'T', 40, 'INTERINO', 'MED.VILESP.14.131.342.MED - 100.1.T.I / 2.', NULL, NULL, '', 'PENDIENTE', 'VILLA ESPERANZA', 104272, 87296, 131, '2019'),
(883, 9, 814, 159, 5491, 'M', 'N', 40, 'INTERINO', 'MED.VILESP.14.131.342.MED - 100.1.N.M / 3.', NULL, NULL, '', 'PENDIENTE', 'VILLA ESPERANZA', 104273, 87297, 131, '2019'),
(884, 9, 1365, 9, 177, 'A', 'M', 40, 'CONTRATADO', 'MED.VILESP.14.131.342.MED-502.5.M.A / 45.', NULL, NULL, '', 'PENDIENTE', 'VILLA ESPERANZA', 104584, 87553, 131, '2019'),
(885, 9, 815, 115, 3301, 'I', 'T', 20, 'INVITADO', 'MED.VILESP.14.131.176.MED - 101.1.T.I / 11.', NULL, NULL, '', 'PENDIENTE', 'VILLA ESPERANZA', 105805, 88138, 131, '2019'),
(886, 9, 815, 115, 3301, 'H', 'T', 20, 'INVITADO', 'MED.VILESP.14.131.176.MED - 101.1.T.H / 8.', NULL, NULL, '', 'PENDIENTE', 'VILLA ESPERANZA', 105806, 88139, 131, '2019'),
(887, 9, 816, 29, 372, 'H', 'M', 20, 'INVITADO', 'MED.VILESP.14.131.176.MED - 102.1.M.H / 9.', NULL, NULL, '', 'PENDIENTE', 'VILLA ESPERANZA', 105807, 88140, 131, '2019'),
(888, 9, 816, 103, 2246, 'J', 'T', 16, 'INVITADO', 'MED.VILESP.14.131.176.MED - 102.1.T.J / 22.', NULL, NULL, '', 'PENDIENTE', 'VILLA ESPERANZA', 105809, 88142, 131, '2019'),
(889, 9, 815, 125, 3497, 'E', 'M', 20, 'INVITADO', 'MED.VILESP.14.131.176.MED - 101.1.M.E / 5.', NULL, NULL, '', 'PENDIENTE', 'VILLA ESPERANZA', 105810, 88143, 131, '2019'),
(890, 9, 817, 129, 3868, 'H', 'T', 16, 'INVITADO', 'MED.VILESP.14.131.176.MED - 103.1.T.H / 10.', NULL, NULL, '', 'PENDIENTE', 'VILLA ESPERANZA', 105811, 88144, 131, '2019'),
(891, 9, 817, 129, 3868, 'G', 'M', 16, 'INVITADO', 'MED.VILESP.14.131.176.MED - 103.1.M.G / 6.', NULL, NULL, '', 'PENDIENTE', 'VILLA ESPERANZA', 105812, 88145, 131, '2019'),
(892, 9, 814, 82, 1458, 'H', 'T', 40, 'INVITADO', 'MED.VILESP.14.131.176.MED - 100.1.T.H / 7.', NULL, NULL, '', 'PENDIENTE', 'VILLA ESPERANZA', 105814, 88147, 131, '2019'),
(893, 9, 814, 36, 477, 'L', 'T', 40, 'INVITADO', 'MED.VILESP.14.131.176.MED - 100.1.T.L / 24.', NULL, NULL, '', 'PENDIENTE', 'VILLA ESPERANZA', 105816, 88149, 131, '2019'),
(894, 9, 817, 45, 630, 'B', 'T', 16, 'INVITADO', 'MED.VILESP.14.131.176.MED - 103.1.T.B / 1.', NULL, NULL, '', 'PENDIENTE', 'VILLA ESPERANZA', 105818, 88154, 131, '2019'),
(895, 9, 814, 161, 5738, 'P', 'T', 40, 'INVITADO', 'MED.VILESP.14.131.176.MED - 100.1.T.P / 27.', NULL, NULL, '', 'PENDIENTE', 'VILLA ESPERANZA', 105819, 88156, 131, '2019'),
(896, 9, 814, 161, 5738, 'D', 'T', 40, 'INVITADO', 'MED.VILESP.14.131.176.MED - 100.1.T.D / 2.', NULL, NULL, '', 'PENDIENTE', 'VILLA ESPERANZA', 105820, 88159, 131, '2019'),
(897, 9, 814, 5, 115, 'F', 'T', 40, 'INVITADO', 'MED.VILESP.14.131.176.MED - 100.1.T.F / 44.', NULL, NULL, '', 'PENDIENTE', 'VILLA ESPERANZA', 105823, 88161, 131, '2019'),
(898, 9, 814, 152, 4633, 'E', 'M', 40, 'INVITADO', 'MED.VILESP.14.131.176.MED - 100.1.M.E / 4.', NULL, NULL, '', 'PENDIENTE', 'VILLA ESPERANZA', 105826, 88162, 131, '2019'),
(899, 9, 817, 199, 45552, 'D', 'T', 16, 'INVITADO', 'MED.VILESP.14.131.176.MED - 103.1.T.D / 94.', NULL, NULL, '', 'PENDIENTE', 'VILLA ESPERANZA', 105827, 88163, 131, '2019'),
(900, 9, 817, 199, 45552, 'E', 'T', 16, 'INVITADO', 'MED.VILESP.14.131.176.MED - 103.1.T.E / 93.', NULL, NULL, '', 'PENDIENTE', 'VILLA ESPERANZA', 105828, 88164, 131, '2019'),
(901, 9, 815, 34, 472, 'K', 'T', 20, 'INVITADO', 'MED.VILESP.14.131.176.MED - 101.1.T.K / 23.', NULL, NULL, '', 'PENDIENTE', 'VILLA ESPERANZA', 105829, 88165, 131, '2019'),
(902, 9, 815, 34, 472, 'J', 'M', 20, 'INVITADO', 'MED.VILESP.14.131.176.MED - 101.1.M.J / 12.', NULL, NULL, '', 'PENDIENTE', 'VILLA ESPERANZA', 105830, 88168, 131, '2019'),
(903, 9, 815, 38, 488, 'C', 'M', 20, 'INVITADO', 'MED.VILESP.14.131.176.MED - 101.1.M.C / 43.', NULL, NULL, '', 'PENDIENTE', 'VILLA ESPERANZA', 105832, 88148, 131, '2019'),
(904, 9, 815, 172, 35254, 'D', 'M', 20, 'INVITADO', 'MED.VILESP.14.131.176.MED - 101.1.M.D / 3.', NULL, NULL, '', 'PENDIENTE', 'VILLA ESPERANZA', 105833, 88937, 131, '2019'),
(905, 9, 815, 172, 35254, 'L', 'T', 20, 'INVITADO', 'MED.VILESP.14.131.176.MED - 101.1.T.L / 25.', NULL, NULL, '', 'PENDIENTE', 'VILLA ESPERANZA', 105834, 88170, 131, '2019'),
(906, 9, 814, 135, 4380, 'N', 'T', 40, 'INVITADO', 'MED.VILESP.14.131.176.MED - 100.1.T.N / 51.', NULL, NULL, '', 'PENDIENTE', 'VILLA ESPERANZA', 105835, 88171, 131, '2019'),
(907, 9, 814, 117, 3303, 'O', 'T', 25, 'INVITADO', 'MED.VILESP.14.131.176.MED - 100.1.T.O / 26.', NULL, NULL, '', 'PENDIENTE', 'VILLA ESPERANZA', 105838, 88172, 131, '2019'),
(908, 9, 816, 144, 4414, 'K', 'T', 20, 'INVITADO', 'MED.VILESP.14.131.176.MED - 102.1.T.K / 50.', NULL, NULL, '', 'PENDIENTE', 'VILLA ESPERANZA', 105839, 88173, 131, '2019'),
(909, 9, 820, 114, 3299, 'C', 'T', 20, 'INVITADO', 'MED.VILESP.14.131.176.MED - 203.2.T.C / 31.', NULL, NULL, '', 'PENDIENTE', 'VILLA ESPERANZA', 105841, 88175, 131, '2019'),
(910, 9, 821, 60, 1268, 'E', 'T', 20, 'INVITADO', 'MED.VILESP.14.131.176.MED - 201.2.T.E / 35.', NULL, NULL, '', 'PENDIENTE', 'VILLA ESPERANZA', 105842, 88176, 131, '2019'),
(911, 9, 821, 60, 1268, 'F', 'T', 20, 'INVITADO', 'MED.VILESP.14.131.176.MED - 201.2.T.F / 36.', NULL, NULL, '', 'PENDIENTE', 'VILLA ESPERANZA', 105843, 88177, 131, '2019'),
(912, 9, 821, 50, 729, 'B', 'M', 20, 'INVITADO', 'MED.VILESP.14.131.176.MED - 201.2.M.B / 29.', NULL, NULL, '', 'PENDIENTE', 'VILLA ESPERANZA', 105844, 88178, 131, '2019'),
(913, 9, 818, 97, 1764, 'E', 'T', 28, 'INVITADO', 'MED.VILESP.14.131.176.MED-200.2.T.E / 34.', NULL, NULL, '', 'PENDIENTE', 'VILLA ESPERANZA', 105845, 88179, 131, '2019'),
(914, 9, 818, 97, 1764, 'D', 'T', 28, 'INVITADO', 'MED.VILESP.14.131.176.MED-200.2.T.D / 32.', NULL, NULL, '', 'PENDIENTE', 'VILLA ESPERANZA', 105846, 88180, 131, '2019'),
(915, 9, 820, 133, 4365, 'H', 'M', 20, 'INVITADO', 'MED.VILESP.14.131.176.MED - 203.2.M.H / 37.', NULL, NULL, '', 'PENDIENTE', 'VILLA ESPERANZA', 105847, 88181, 131, '2019'),
(916, 9, 821, 133, 4365, 'D', 'T', 20, 'INVITADO', 'MED.VILESP.14.131.176.MED - 201.2.T.D / 33.', NULL, NULL, '', 'PENDIENTE', 'VILLA ESPERANZA', 105848, 88183, 131, '2019'),
(917, 9, 818, 160, 5737, 'C', 'T', 28, 'INVITADO', 'MED.VILESP.14.131.176.MED-200.2.T.C / 30.', NULL, NULL, '', 'PENDIENTE', 'VILLA ESPERANZA', 105852, 88187, 131, '2019'),
(918, 9, 818, 86, 1550, 'I', 'T', 28, 'INVITADO', 'MED.VILESP.14.131.176.MED-200.2.T.I / 39.', NULL, NULL, '', 'PENDIENTE', 'VILLA ESPERANZA', 105868, 88194, 131, '2019'),
(919, 9, 818, 86, 1550, 'B', 'T', 28, 'INVITADO', 'MED.VILESP.14.131.176.MED-200.2.T.B / 28.', NULL, NULL, '', 'PENDIENTE', 'VILLA ESPERANZA', 105869, 88195, 131, '2019'),
(920, 9, 821, 130, 4107, 'H', 'M', 20, 'INVITADO', 'MED.VILESP.14.131.176.MED - 201.2.M.H / 38.', NULL, NULL, '', 'PENDIENTE', 'VILLA ESPERANZA', 105871, 88196, 131, '2019'),
(921, 9, 1342, 173, 35284, 'PH', 'M', 40, 'INVITADO', 'MED.VILESP.14.131.176.MED-301-01.3.M.PH / 45.', NULL, NULL, '', 'PENDIENTE', 'VILLA ESPERANZA', 105883, 88235, 131, '2019'),
(922, 9, 1342, 171, 35253, 'PH', 'M', 40, 'INVITADO', 'MED.VILESP.14.131.176.MED-301-01.3.M.PH / 13.', NULL, NULL, '', 'PENDIENTE', 'VILLA ESPERANZA', 105884, 88213, 131, '2019'),
(923, 9, 825, 148, 4486, 'A', 'M', 24, 'INVITADO', 'MED.VILESP.14.131.176.MED - 303.3.M.A / 40.', NULL, NULL, '', 'PENDIENTE', 'VILLA ESPERANZA', 105887, 88206, 131, '2019'),
(924, 9, 827, 69, 1284, 'PH', 'M', 20, 'INVITADO', 'MED.VILESP.14.131.176.MED-304.3.M.PH / 41.', NULL, NULL, '', 'PENDIENTE', 'VILLA ESPERANZA', 105901, 88247, 131, '2019'),
(925, 9, 1343, 130, 4107, 'PH', 'M', 40, 'INVITADO', 'MED.VILESP.14.131.176.MED-301-02.3.M.PH / 42.', NULL, NULL, '', 'PENDIENTE', 'VILLA ESPERANZA', 105903, 88198, 131, '2019'),
(926, 9, 832, 197, 43272, 'PH', 'M', 40, 'INVITADO', 'MED.VILESP.14.131.176.MED - 403.4.M.PH / 20.', NULL, NULL, '', 'PENDIENTE', 'VILLA ESPERANZA', 106127, 88290, 131, '2019'),
(927, 9, 1347, 61, 1271, 'PH', 'M', 40, 'INVITADO', 'MED.VILESP.14.131.176.MED-400 .4.M.PH / 21.', NULL, NULL, '', 'PENDIENTE', 'VILLA ESPERANZA', 106130, 88295, 131, '2019'),
(928, 9, 833, 47, 677, 'PH', 'M', 40, 'INVITADO', 'MED.VILESP.14.131.176.MED-404.4.M.PH / 48.', NULL, NULL, '', 'PENDIENTE', 'VILLA ESPERANZA', 106136, 88301, 131, '2019'),
(929, 9, 832, 141, 4392, 'PH', 'M', 40, 'INVITADO', 'MED.VILESP.14.131.176.MED - 403.4.M.PH / 19.', NULL, NULL, '', 'PENDIENTE', 'VILLA ESPERANZA', 106141, 88310, 131, '2019'),
(930, 9, 1346, 138, 4387, 'PH', 'M', 40, 'INVITADO', 'MED.VILESP.14.131.176.MED-400 .4.M.PH / 134.', NULL, NULL, '', 'PENDIENTE', 'VILLA ESPERANZA', 106150, 88325, 131, '2019'),
(931, 9, 837, 104, 2313, 'PH', 'M', 40, 'INVITADO', 'MED.VILESP.14.131.176.MED - 502.5.M.PH / 47.', NULL, NULL, '', 'PENDIENTE', 'VILLA ESPERANZA', 106353, 88348, 131, '2019'),
(932, 9, 837, 71, 1291, 'PH', 'M', 40, 'INVITADO', 'MED.VILESP.14.131.176.MED - 502.5.M.PH / 49.', NULL, NULL, '', 'PENDIENTE', 'VILLA ESPERANZA', 106355, 88360, 131, '2019'),
(933, 9, 817, 84, 1475, 'F', 'T', 16, 'INVITADO', 'MED.VILESP.14.131.176.MED - 103.1.T.F / 15.', NULL, NULL, '', 'PENDIENTE', 'VILLA ESPERANZA', 107581, 88141, 131, '2019'),
(934, 9, 1342, 170, 35252, 'PH', 'M', 40, 'INVITADO', 'MED.VILESP.14.131.176.MED-301-01.3.M.PH / 18.', NULL, NULL, '', 'PENDIENTE', 'VILLA ESPERANZA', 108026, 88255, 131, '2019'),
(935, 9, 819, 63, 1276, 'H', 'M', 12, 'INVITADO', 'MED.VILESP.14.131.176.MED - 202.2.M.H / 16.', NULL, NULL, '', 'PENDIENTE', 'VILLA ESPERANZA', 108030, 88191, 131, '2019'),
(936, 9, 818, 229, 63325, 'H', 'T', 28, 'INVITADO', 'MED.VILESP.14.131.176.MED-200.2.T.H / 17.', NULL, NULL, '', 'PENDIENTE', 'VILLA ESPERANZA', 108032, 88189, 131, '2019'),
(937, 9, 814, 233, 66789, 'B', 'M', 40, 'INVITADO', 'MED.VILESP.14.131.176.MED - 100.1.M.B / 14.', NULL, NULL, '', 'PENDIENTE', 'VILLA ESPERANZA', 108034, 88174, 131, '2019'),
(938, 9, 822, 39, 520, 'D', 'T', 20, 'INVITADO', 'MED.VILESP.14.131.176.MED-204.2.T.D / 46.', NULL, NULL, '', 'PENDIENTE', 'VILLA ESPERANZA', 108040, 90386, 131, '2019'),
(939, 9, 816, 83, 1472, 'L', 'T', 20, 'INVITADO', 'MED.VILESP.14.131.176.MED - 102.1.T.L / 53.', NULL, NULL, '', 'PENDIENTE', 'VILLA ESPERANZA', 108199, 90456, 131, '2019'),
(940, 9, 816, 4, 74, 'G', 'T', 20, 'INVITADO', 'MED.VILESP.14.131.176.MED - 102.1.T.G / 52.', NULL, NULL, '', 'PENDIENTE', 'VILLA ESPERANZA', 108280, 88146, 131, '2019'),
(941, 9, 820, 70, 1290, 'E', 'M', 20, 'INVITADO', 'MED.VILESP.14.131.176.MED - 203.2.M.E / 55.', NULL, NULL, '', 'PENDIENTE', 'VILLA ESPERANZA', 108305, 88186, 131, '2019'),
(942, 9, 820, 22, 309, 'D', 'T', 20, 'INVITADO', 'MED.VILESP.14.131.176.MED - 203.2.T.D / 54.', NULL, NULL, '', 'PENDIENTE', 'VILLA ESPERANZA', 108307, 88190, 131, '2019'),
(943, 9, 1343, 192, 40101, 'PH', 'M', 40, 'INVITADO', 'MED.VILESP.14.131.176.MED-301-02.3.M.PH / 59.', NULL, NULL, '', 'PENDIENTE', 'VILLA ESPERANZA', 108316, 88253, 131, '2019'),
(944, 9, 1342, 131, 4363, 'PH', 'T', 40, 'INVITADO', 'MED.VILESP.14.131.176.MED-301-01.3.T.PH / 60.', NULL, NULL, '', 'PENDIENTE', 'VILLA ESPERANZA', 108325, 88232, 131, '2019'),
(945, 9, 1350, 102, 2229, 'PH', 'M', 40, 'INVITADO', 'MED.VILESP.14.131.176.MED-400 .4.M.PH / 66.', NULL, NULL, '', 'PENDIENTE', 'VILLA ESPERANZA', 108365, 88320, 131, '2019'),
(946, 9, 831, 188, 39931, 'PH', 'M', 40, 'INVITADO', 'MED.VILESP.14.131.176.MED - 402.4.M.PH / 69.', NULL, NULL, '', 'PENDIENTE', 'VILLA ESPERANZA', 108366, 88322, 131, '2019'),
(947, 9, 1359, 189, 39937, 'PH', 'M', 40, 'INVITADO', 'MED.VILESP.14.131.176.MED-501.5.M.PH / 70.', NULL, NULL, '', 'PENDIENTE', 'VILLA ESPERANZA', 108370, 88350, 131, '2019'),
(948, 9, 819, 78, 1383, 'D', 'T', 20, 'INVITADO', 'MED.VILESP.14.131.176.MED - 202.2.T.D / 75.', NULL, NULL, '', 'PENDIENTE', 'VILLA ESPERANZA', 108375, 90628, 131, '2019'),
(949, 9, 1349, 62, 1275, 'PH', 'M', 40, 'INVITADO', 'MED.VILESP.14.131.176.MED-400 .4.M.PH / 77.', NULL, NULL, '', 'PENDIENTE', 'VILLA ESPERANZA', 108383, 88331, 131, '2019'),
(950, 9, 824, 56, 800, 'F', 'T', 9, 'INVITADO', 'MED.VILESP.14.131.176.MED - 302.3.T.F / 76.', NULL, NULL, '', 'PENDIENTE', 'VILLA ESPERANZA', 108384, 90119, 131, '2019'),
(951, 9, 2549, 8, 169, 'A', 'M', 40, 'INVITADO', 'MED.VILESP.14.131.176.MED-600.6.M.A / 79.', NULL, NULL, '', 'PENDIENTE', 'VILLA ESPERANZA', 108436, 87977, 131, '2019'),
(952, 9, 1342, 11, 198, 'PH', 'M', 40, 'INVITADO', 'MED.VILESP.14.131.176.MED-301-01.3.M.PH / 63.', NULL, NULL, '', 'PENDIENTE', 'VILLA ESPERANZA', 108439, 88200, 131, '2019'),
(953, 9, 823, 132, 4364, 'E', 'T', 24, 'INVITADO', 'MED.VILESP.14.131.176.MED-300.3.T.E / 57.', NULL, NULL, '', 'PENDIENTE', 'VILLA ESPERANZA', 108442, 88211, 131, '2019'),
(954, 9, 823, 73, 1314, 'D', 'M', 24, 'INVITADO', 'MED.VILESP.14.131.176.MED-300.3.M.D / 56.', NULL, NULL, '', 'PENDIENTE', 'VILLA ESPERANZA', 108443, 88218, 131, '2019'),
(955, 9, 827, 65, 1278, 'PH', 'M', 20, 'INVITADO', 'MED.VILESP.14.131.176.MED-304.3.M.PH / 58.', NULL, NULL, '', 'PENDIENTE', 'VILLA ESPERANZA', 108444, 88257, 131, '2019'),
(956, 9, 1342, 150, 4507, 'PH', 'M', 40, 'INVITADO', 'MED.VILESP.14.131.176.MED-301-01.3.M.PH / 62.', NULL, NULL, '', 'PENDIENTE', 'VILLA ESPERANZA', 108445, 88214, 131, '2019'),
(957, 9, 1342, 119, 3308, 'PH', 'M', 40, 'INVITADO', 'MED.VILESP.14.131.176.MED-301-01.3.M.PH / 61.', NULL, NULL, '', 'PENDIENTE', 'VILLA ESPERANZA', 108446, 88199, 131, '2019'),
(958, 9, 1348, 95, 1760, 'PH', 'M', 40, 'INVITADO', 'MED.VILESP.14.131.176.MED-400 .4.M.PH / 67.', NULL, NULL, '', 'PENDIENTE', 'VILLA ESPERANZA', 108447, 88293, 131, '2019'),
(959, 9, 1351, 72, 1313, 'PH', 'M', 40, 'INVITADO', 'MED.VILESP.14.131.176.MED-400 .4.M.PH / 68.', NULL, NULL, '', 'PENDIENTE', 'VILLA ESPERANZA', 108448, 88302, 131, '2019'),
(960, 9, 1345, 23, 313, 'PH', 'M', 40, 'INVITADO', 'MED.VILESP.14.131.176.MED-400 .4.M.PH / 64.', NULL, NULL, '', 'PENDIENTE', 'VILLA ESPERANZA', 108449, 88317, 131, '2019'),
(961, 9, 1353, 76, 1349, 'PH', 'M', 40, 'INVITADO', 'MED.VILESP.14.131.176.MED-401 .4.M.PH / 65.', NULL, NULL, '', 'PENDIENTE', 'VILLA ESPERANZA', 108450, 88327, 131, '2019'),
(962, 9, 1355, 80, 1456, 'PH', 'M', 40, 'INVITADO', 'MED.VILESP.14.131.176.MED-500.5.M.PH / 74.', NULL, NULL, '', 'PENDIENTE', 'VILLA ESPERANZA', 108451, 88344, 131, '2019'),
(963, 9, 1355, 143, 4397, 'PH', 'M', 40, 'INVITADO', 'MED.VILESP.14.131.176.MED-500.5.M.PH / 73.', NULL, NULL, '', 'PENDIENTE', 'VILLA ESPERANZA', 108455, 88342, 131, '2019'),
(964, 9, 1356, 211, 51270, 'PH', 'M', 40, 'INVITADO', 'MED.VILESP.14.131.176.MED-500.5.M.PH / 72.', NULL, NULL, '', 'PENDIENTE', 'VILLA ESPERANZA', 108456, 88374, 131, '2019'),
(965, 9, 1356, 226, 62996, 'PH', 'M', 40, 'INVITADO', 'MED.VILESP.14.131.176.MED-500.5.M.PH / 71.', NULL, NULL, '', 'PENDIENTE', 'VILLA ESPERANZA', 108457, 88366, 131, '2019'),
(966, 9, 839, 248, 75068, 'B', 'T', 18, 'INVITADO', 'MED.VILESP.14.131.176.MED - 504.5.T.B / 78.', NULL, NULL, '', 'PENDIENTE', 'VILLA ESPERANZA', 108639, 90919, 131, '2019'),
(967, 9, 814, 36, 477, 'J', 'T', 40, 'INVITADO', 'MED.VILESP.14.131.176.MED - 100.1.T.J / 81.', NULL, NULL, '', 'PENDIENTE', 'VILLA ESPERANZA', 108649, 90945, 131, '2019'),
(968, 9, 818, 198, 44407, 'F', 'T', 9, 'INVITADO', 'MED.VILESP.14.131.176.MED-200.2.T.F / 92.', NULL, NULL, '', 'PENDIENTE', 'VILLA ESPERANZA', 108975, 90117, 131, '2019'),
(969, 9, 815, 210, 51246, 'G', 'T', 20, 'INVITADO', 'MED.VILESP.14.131.176.MED - 101.1.T.G / 80.', NULL, NULL, '', 'PENDIENTE', 'VILLA ESPERANZA', 109024, 88160, 131, '2019'),
(970, 9, 828, 180, 35315, 'B', 'T', 16, 'INVITADO', 'MED.VILESP.14.131.176.MED - 305.3.T.B / 82.', NULL, NULL, '', 'PENDIENTE', 'VILLA ESPERANZA', 109027, 88209, 131, '2019'),
(971, 9, 1342, 200, 46370, 'PH', 'M', 40, 'INVITADO', 'MED.VILESP.14.131.176.MED-301-01.3.M.PH / 83.', NULL, NULL, '', 'PENDIENTE', 'VILLA ESPERANZA', 109029, 88208, 131, '2019'),
(972, 9, 1346, 221, 56132, 'PH', 'M', 40, 'INVITADO', 'MED.VILESP.14.131.176.MED-400 .4.M.PH / 86.', NULL, NULL, '', 'PENDIENTE', 'VILLA ESPERANZA', 109032, 88288, 131, '2019'),
(973, 9, 1354, 234, 66892, 'PH', 'M', 40, 'INVITADO', 'MED.VILESP.14.131.176.MED-401 .4.M.PH / 85.', NULL, NULL, '', 'PENDIENTE', 'VILLA ESPERANZA', 109033, 88315, 131, '2019'),
(974, 9, 833, 120, 3309, 'PH', 'M', 40, 'INVITADO', 'MED.VILESP.14.131.176.MED-404.4.M.PH / 88.', NULL, NULL, '', 'PENDIENTE', 'VILLA ESPERANZA', 109035, 88298, 131, '2019'),
(975, 9, 1352, 187, 38727, 'PH', 'M', 40, 'INVITADO', 'MED.VILESP.14.131.176.MED-401 .4.M.PH / 87.', NULL, NULL, '', 'PENDIENTE', 'VILLA ESPERANZA', 109036, 88333, 131, '2019'),
(976, 9, 1345, 176, 35299, 'PH', 'M', 40, 'INVITADO', 'MED.VILESP.14.131.176.MED-400 .4.M.PH / 84.', NULL, NULL, '', 'PENDIENTE', 'VILLA ESPERANZA', 109037, 88335, 131, '2019'),
(977, 9, 840, 202, 46538, 'B', 'T', 24, 'INVITADO', 'MED.VILESP.14.131.176.MED - 505.5.T.B / 89.', NULL, NULL, '', 'PENDIENTE', 'VILLA ESPERANZA', 109040, 91001, 131, '2019'),
(978, 9, 1364, 220, 54780, 'PH', 'M', 40, 'INVITADO', 'MED.VILESP.14.131.176.MED-502.5.M.PH / 90.', NULL, NULL, '', 'PENDIENTE', 'VILLA ESPERANZA', 109042, 88347, 131, '2019'),
(979, 9, 1360, 195, 42857, 'PH', 'M', 40, 'INVITADO', 'MED.VILESP.14.131.176.MED-501.5.M.PH / 91.', NULL, NULL, '', 'PENDIENTE', 'VILLA ESPERANZA', 109045, 88364, 131, '2019'),
(980, 9, 1342, 184, 38686, 'PH', 'M', 40, 'INVITADO', 'MED.VILESP.14.131.176.MED-301-01.3.M.PH / 100.', NULL, NULL, '', 'PENDIENTE', 'VILLA ESPERANZA', 109612, 88262, 131, '2019'),
(981, 9, 838, 113, 3298, 'PH', 'M', 40, 'INVITADO', 'MED.VILESP.14.131.176.MED - 503.5.M.PH / 110.', NULL, NULL, '', 'PENDIENTE', 'VILLA ESPERANZA', 109790, 88356, 131, '2019'),
(982, 9, 1359, 136, 4381, 'PH', 'M', 40, 'INVITADO', 'MED.VILESP.14.131.176.MED-501.5.M.PH / 96.', NULL, NULL, '', 'PENDIENTE', 'VILLA ESPERANZA', 109798, 91474, 131, '2019'),
(983, 9, 1342, 207, 49708, 'PH', 'M', 40, 'INVITADO', 'MED.VILESP.14.131.176.MED-301-01.3.M.PH / 101.', NULL, NULL, '', 'PENDIENTE', 'VILLA ESPERANZA', 109802, 91573, 131, '2019'),
(984, 9, 828, 180, 35315, 'A', 'T', 16, 'INVITADO', 'MED.VILESP.14.131.176.MED - 305.3.T.A / 102.', NULL, NULL, '', 'PENDIENTE', 'VILLA ESPERANZA', 109804, 88210, 131, '2019'),
(985, 9, 825, 95, 1760, 'E', 'M', 24, 'INVITADO', 'MED.VILESP.14.131.176.MED - 303.3.M.E / 98.', NULL, NULL, '', 'PENDIENTE', 'VILLA ESPERANZA', 109909, 91638, 131, '2019'),
(986, 9, 827, 40, 534, 'PH', 'T', 20, 'INVITADO', 'MED.VILESP.14.131.176.MED-304.3.T.PH / 99.', NULL, NULL, '', 'PENDIENTE', 'VILLA ESPERANZA', 109942, 91574, 131, '2019'),
(987, 9, 820, 186, 38695, 'G', 'T', 20, 'INVITADO', 'MED.VILESP.14.131.176.MED - 203.2.T.G / 103.', NULL, NULL, '', 'PENDIENTE', 'VILLA ESPERANZA', 110137, 91468, 131, '2019'),
(988, 9, 834, 98, 1783, 'B', 'N', 24, 'INVITADO', 'MED.VILESP.14.131.176.MED-405.4.N.B / 95.', NULL, NULL, '', 'PENDIENTE', 'VILLA ESPERANZA', 110553, 91982, 131, '2019'),
(989, 9, 817, 243, 73192, 'C', 'T', 16, 'INVITADO', 'MED.VILESP.14.131.176.MED - 103.1.T.C / 104.', NULL, NULL, '', 'PENDIENTE', 'VILLA ESPERANZA', 110555, 91687, 131, '2019'),
(990, 9, 822, 146, 4483, 'B', 'T', 20, 'INVITADO', 'MED.VILESP.14.131.176.MED-204.2.T.B / 111.', NULL, NULL, '', 'PENDIENTE', 'VILLA ESPERANZA', 110563, 92031, 131, '2019'),
(991, 9, 827, 245, 73257, 'PH', 'T', 20, 'INVITADO', 'MED.VILESP.14.131.176.MED-304.3.T.PH / 108.', NULL, NULL, '', 'PENDIENTE', 'VILLA ESPERANZA', 110565, 92033, 131, '2019'),
(992, 9, 819, 255, 84018, 'E', 'T', 20, 'INVITADO', 'MED.VILESP.14.131.176.MED - 202.2.T.D / 112.', NULL, NULL, '', 'PENDIENTE', 'VILLA ESPERANZA', 110600, 91467, 131, '2019'),
(993, 9, 819, 158, 5166, 'G', 'M', 20, 'INVITADO', 'MED.VILESP.14.131.176.MED - 202.2.M.G / 107.', NULL, NULL, '', 'PENDIENTE', 'VILLA ESPERANZA', 110601, 92077, 131, '2019'),
(994, 9, 818, 166, 31552, 'B', 'T', 24, 'INVITADO', 'MED.VILESP.14.131.176.MED-200.2.T.B / 106.', NULL, NULL, '', 'PENDIENTE', 'VILLA ESPERANZA', 110603, 91824, 131, '2019'),
(995, 9, 821, 206, 48236, 'A', 'M', 20, 'INVITADO', 'MED.VILESP.14.131.176.MED - 201.2.M.A / 105.', NULL, NULL, '', 'PENDIENTE', 'VILLA ESPERANZA', 110604, 92078, 131, '2019'),
(996, 9, 1342, 185, 38689, 'PH', 'M', 40, 'INVITADO', 'MED.VILESP.14.131.176.MED-301-01.3.M.PH / 117.', NULL, NULL, '', 'PENDIENTE', 'VILLA ESPERANZA', 110605, 88201, 131, '2019'),
(997, 9, 824, 246, 73258, 'E', 'M', 24, 'INVITADO', 'MED.VILESP.14.131.176.MED - 302.3.M.E / 130.', NULL, NULL, '', 'PENDIENTE', 'VILLA ESPERANZA', 110611, 88240, 131, '2019'),
(998, 9, 824, 259, 84678, 'C', 'M', 24, 'INVITADO', 'MED.VILESP.14.131.176.MED - 302.3.M.C / 114.', NULL, NULL, '', 'PENDIENTE', 'VILLA ESPERANZA', 110614, 88242, 131, '2019'),
(999, 9, 827, 252, 77271, 'PH', 'M', 20, 'INVITADO', 'MED.VILESP.14.131.176.MED-304.3.M.PH / 109.', NULL, NULL, '', 'PENDIENTE', 'VILLA ESPERANZA', 110615, 92092, 131, '2019'),
(1000, 9, 1342, 253, 78669, 'PH', 'T', 40, 'INVITADO', 'MED.VILESP.14.131.176.MED-301-01.3.T.PH / 119.', NULL, NULL, '', 'PENDIENTE', 'VILLA ESPERANZA', 110616, 88229, 131, '2019'),
(1001, 9, 827, 235, 70366, 'PH', 'M', 20, 'INVITADO', 'MED.VILESP.14.131.176.MED-304.3.M.PH / 115.', NULL, NULL, '', 'PENDIENTE', 'VILLA ESPERANZA', 110621, 92112, 131, '2019'),
(1002, 9, 1342, 247, 74362, 'PH', 'M', 40, 'INVITADO', 'MED.VILESP.14.131.176.MED-301-01.3.M.PH / 118.', NULL, NULL, '', 'PENDIENTE', 'VILLA ESPERANZA', 110623, 92117, 131, '2019'),
(1003, 9, 1344, 156, 4963, 'PH', 'M', 40, 'INVITADO', 'MED.VILESP.14.131.176.MED-301-03.3.M.PH / 116.', NULL, NULL, '', 'PENDIENTE', 'VILLA ESPERANZA', 110635, 92035, 131, '2019'),
(1004, 9, 1350, 242, 72288, 'PH', 'T', 40, 'INVITADO', 'MED.VILESP.14.131.176.MED-400 .4.T.PH / 123.', NULL, NULL, '', 'PENDIENTE', 'VILLA ESPERANZA', 110637, 92039, 131, '2019'),
(1005, 9, 1353, 106, 2400, 'PH', 'M', 40, 'INVITADO', 'MED.VILESP.14.131.176.MED-401 .4.M.PH / 120.', NULL, NULL, '', 'PENDIENTE', 'VILLA ESPERANZA', 110638, 92043, 131, '2019'),
(1006, 9, 1349, 260, 84698, 'PH', 'M', 40, 'INVITADO', 'MED.VILESP.14.131.176.MED-400 .4.M.PH / 122.', NULL, NULL, '', 'PENDIENTE', 'VILLA ESPERANZA', 110639, 90121, 131, '2019'),
(1007, 9, 1363, 236, 70394, 'PH', 'M', 40, 'INVITADO', 'MED.VILESP.14.131.176.MED-501.5.M.PH / 126.', NULL, NULL, '', 'PENDIENTE', 'VILLA ESPERANZA', 110646, 92066, 131, '2019'),
(1008, 9, 840, 263, 84797, 'A', 'T', 24, 'INVITADO', 'MED.VILESP.14.131.176.MED - 505.5.T.A / 125.', NULL, NULL, '', 'PENDIENTE', 'VILLA ESPERANZA', 110647, 88355, 131, '2019'),
(1009, 9, 1357, 256, 84037, 'PH', 'M', 40, 'INVITADO', 'MED.VILESP.14.131.176.MED-500.5.M.PH / 131.', NULL, NULL, '', 'PENDIENTE', 'VILLA ESPERANZA', 110649, 88370, 131, '2019'),
(1010, 9, 1357, 241, 71988, 'PH', 'T', 40, 'INVITADO', 'MED.VILESP.14.131.176.MED-500.5.T.PH / 128.', NULL, NULL, '', 'PENDIENTE', 'VILLA ESPERANZA', 110650, 91697, 131, '2019'),
(1011, 9, 1358, 216, 53065, 'PH', 'M', 40, 'INVITADO', 'MED.VILESP.14.131.176.MED-500.5.M.PH / 127.', NULL, NULL, '', 'PENDIENTE', 'VILLA ESPERANZA', 110651, 90123, 131, '2019'),
(1012, 9, 1351, 257, 84159, 'PH', 'M', 40, 'INVITADO', 'MED.VILESP.14.131.176.MED-400 .4.M.PH / 124.', NULL, NULL, '', 'PENDIENTE', 'VILLA ESPERANZA', 110677, 88297, 131, '2019'),
(1013, 9, 1354, 251, 76262, 'PH', 'M', 40, 'INVITADO', 'MED.VILESP.14.131.176.MED-401 .4.M.PH / 121.', NULL, NULL, '', 'PENDIENTE', 'VILLA ESPERANZA', 110678, 91833, 131, '2019'),
(1014, 9, 825, 218, 53623, 'C', 'T', 24, 'INVITADO', 'MED.VILESP.14.131.176.MED - 303.3.T.C / 113.', NULL, NULL, '', 'PENDIENTE', 'VILLA ESPERANZA', 110741, 92184, 131, '2019'),
(1015, 9, 1360, 209, 49718, 'PH', 'M', 40, 'INVITADO', 'MED.VILESP.14.131.176.MED-501.5.M.PH / 97.', NULL, NULL, '', 'PENDIENTE', 'VILLA ESPERANZA', 110787, 88345, 131, '2019'),
(1016, 9, 1361, 261, 84709, 'PH', 'M', 40, 'INVITADO', 'MED.VILESP.14.131.176.MED-501.5.M.PH / 129.', NULL, NULL, '', 'PENDIENTE', 'VILLA ESPERANZA', 110857, 92238, 131, '2019'),
(1017, 9, 1363, 238, 70911, 'PH', 'M', 40, 'INVITADO', 'MED.VILESP.14.131.176.MED-501.5.M.PH / 133.', NULL, NULL, '', 'PENDIENTE', 'VILLA ESPERANZA', 110962, 92277, 131, '2019'),
(1018, 9, 838, 240, 71049, 'PH', 'M', 40, 'INVITADO', 'MED.VILESP.14.131.176.MED - 503.5.M.PH / 132.', NULL, NULL, '', 'PENDIENTE', 'VILLA ESPERANZA', 110976, 92261, 131, '2019'),
(1019, 9, 823, 86, 1550, 'C', 'M', 24, 'INVITADO', 'MED.VILESP.14.131.176.MED-300.3.M.C / 144.', NULL, NULL, '', 'PENDIENTE', 'VILLA ESPERANZA', 111385, 92526, 131, '2019'),
(1020, 9, 1365, 142, 4396, 'PH', 'M', 40, 'INVITADO', 'MED.VILESP.14.131.176.MED-502.5.M.PH / 143.', NULL, NULL, '', 'PENDIENTE', 'VILLA ESPERANZA', 111395, 92531, 131, '2019'),
(1021, 9, 1364, 140, 4391, 'PH', 'M', 40, 'INVITADO', 'MED.VILESP.14.131.176.MED-502.5.M.PH / 146.', NULL, NULL, '', 'PENDIENTE', 'VILLA ESPERANZA', 111396, 92532, 131, '2019'),
(1022, 9, 825, 249, 75075, 'B', 'T', 24, 'INVITADO', 'MED.VILESP.14.131.176.MED - 303.3.T.B / 151.', NULL, NULL, '', 'PENDIENTE', 'VILLA ESPERANZA', 111642, 92190, 131, '2019'),
(1023, 9, 823, 132, 4364, 'A', 'M', 15, 'INVITADO', 'MED.VILESP.14.131.176.MED-300.3.M.A / 139.', NULL, NULL, '', 'PENDIENTE', 'VILLA ESPERANZA', 111647, 88212, 131, '2019'),
(1024, 9, 827, 147, 4485, 'PH', 'M', 20, 'INVITADO', 'MED.VILESP.14.131.176.MED-304.3.M.PH / 140.', NULL, NULL, '', 'PENDIENTE', 'VILLA ESPERANZA', 111648, 92525, 131, '2019'),
(1025, 9, 827, 69, 1284, 'PH', 'M', 20, 'INVITADO', 'MED.VILESP.14.131.176.MED-304.3.M.PH / 142.', NULL, NULL, '', 'PENDIENTE', 'VILLA ESPERANZA', 111650, 92524, 131, '2019'),
(1026, 9, 823, 132, 4364, 'E', 'T', 24, 'INVITADO', 'MED.VILESP.14.131.176.MED-300.3.T.E / 141.', NULL, NULL, '', 'PENDIENTE', 'VILLA ESPERANZA', 111651, 92678, 131, '2019'),
(1027, 9, 1342, 215, 53060, 'PH', 'M', 32, 'INVITADO', 'MED.VILESP.14.131.176.MED-301-01.3.M.PH / 152.', NULL, NULL, '', 'PENDIENTE', 'VILLA ESPERANZA', 111653, 92679, 131, '2019'),
(1028, 9, 1342, 258, 84650, 'PH', 'M', 32, 'INVITADO', 'MED.VILESP.14.131.176.MED-301-01.3.M.PH / 147.', NULL, NULL, '', 'PENDIENTE', 'VILLA ESPERANZA', 111654, 92680, 131, '2019'),
(1029, 9, 1345, 265, 85374, 'PH', 'M', 32, 'INVITADO', 'MED.VILESP.14.131.176.MED-400 .4.M.PH / 148.', NULL, NULL, '', 'PENDIENTE', 'VILLA ESPERANZA', 111655, 92529, 131, '2019'),
(1030, 9, 1355, 80, 1456, 'PH', 'M', 40, 'INVITADO', 'MED.VILESP.14.131.176.MED-500.5.M.PH / 145.', NULL, NULL, '', 'PENDIENTE', 'VILLA ESPERANZA', 111659, 88354, 131, '2019'),
(1031, 9, 1361, 264, 84819, 'PH', 'M', 32, 'INVITADO', 'MED.VILESP.14.131.176.MED-501.5.M.PH / 153.', NULL, NULL, '', 'PENDIENTE', 'VILLA ESPERANZA', 111661, 92152, 131, '2019'),
(1032, 9, 838, 217, 53081, 'PH', 'M', 32, 'INVITADO', 'MED.VILESP.14.131.176.MED - 503.5.M.PH / 154.', NULL, NULL, '', 'PENDIENTE', 'VILLA ESPERANZA', 111662, 92681, 131, '2019'),
(1033, 9, 823, 267, 90360, 'B', 'M', 24, 'INVITADO', 'MED.VILESP.14.131.176.MED-300.3.M.B / 150.', NULL, NULL, '', 'PENDIENTE', 'VILLA ESPERANZA', 111681, 92683, 131, '2019'),
(1034, 9, 1363, 247, 74362, 'PH', 'M', 32, 'INVITADO', 'MED.VILESP.14.131.176.MED-501.5.M.PH / 149.', NULL, NULL, '', 'PENDIENTE', 'VILLA ESPERANZA', 111742, 92530, 131, '2019'),
(1035, 9, 1359, 266, 90354, 'PH', 'M', 40, 'INVITADO', 'MED.VILESP.14.131.730.MED-501.5.M.PH / 138.', NULL, NULL, '', 'PENDIENTE', 'VILLA ESPERANZA', 111748, 91072, 131, '2019'),
(1036, 10, 2507, 129, 3868, 'A', 'M', 40, 'INVESTIGADOR', 'MED.INSDEINV.14.135.176.INV.11.M.A / 1.', NULL, NULL, '', 'PENDIENTE', 'INSTITUTO DE  INVESTIGACIÓN', 111846, 92766, 135, '2019 INVESTIGACIÓN'),
(1037, 10, 2507, 172, 35254, 'C', 'M', 40, 'INVESTIGADOR', 'MED.INSDEINV.14.135.176.INV.11.M.C / 3.', NULL, NULL, '', 'PENDIENTE', 'INSTITUTO DE  INVESTIGACIÓN', 111848, 92796, 135, '2019 INVESTIGACIÓN'),
(1038, 10, 2507, 133, 4365, 'D', 'M', 40, 'INVESTIGADOR', 'MED.INSDEINV.14.135.176.INV.11.M.D / 2.', NULL, NULL, '', 'PENDIENTE', 'INSTITUTO DE  INVESTIGACIÓN', 111849, 92797, 135, '2019 INVESTIGACIÓN'),
(1039, 9, 1342, 262, 84796, 'PH', 'M', 40, 'INVITADO', 'MED.VILESP.14.131.176.MED-301-01.3.M.PH / 155.', NULL, NULL, '', 'PENDIENTE', 'VILLA ESPERANZA', 111954, 92842, 131, '2019'),
(1040, 9, 816, 144, 4414, 'I', 'T', 20, 'INVITADO', 'MED.VILESP.14.131.176.MED - 102.1.T.I / 156.', NULL, NULL, '', 'PENDIENTE', 'VILLA ESPERANZA', 113249, 94387, 131, '2019'),
(1041, 9, 827, 239, 71047, 'PH', 'M', 20, 'INVITADO', 'MED.VILESP.14.131.176.MED-304.3.M.PH / 157.', NULL, NULL, '', 'PENDIENTE', 'VILLA ESPERANZA', 115078, 94402, 131, '2019'),
(1042, 9, 818, 156, 4963, 'G', 'T', 28, 'INVITADO', 'MED.VILESP.14.131.176.MED-200.2.T.G / 158.', NULL, NULL, '', 'PENDIENTE', 'VILLA ESPERANZA', 115609, 95619, 131, '2019'),
(1043, 9, 1361, 128, 3784, 'A', 'T', 32, 'INVITADO', 'MED.VILESP.14.131.176.MED-501.5.T.A / 161.', NULL, NULL, '', 'PENDIENTE', 'VILLA ESPERANZA', 117385, 97223, 131, '2019'),
(1044, 9, 1344, 268, 94931, 'PH', 'M', 32, 'INVITADO', 'MED.VILESP.14.131.176.MED-301-03.3.M.PH / 160.', NULL, NULL, '', 'PENDIENTE', 'VILLA ESPERANZA', 117386, 97224, 131, '2019'),
(1045, 9, 1342, 158, 5166, 'PH', 'M', 40, 'INVITADO', 'MED.VILESP.14.131.176.MED-301-01.3.M.PH / 159.', NULL, NULL, '', 'PENDIENTE', 'VILLA ESPERANZA', 117406, 97225, 131, '2019'),
(1046, 10, 2507, 233, 66789, 'B', 'M', 40, 'INVESTIGADOR', 'MED.INSDEINV.14.135.176.INV.11.M.B / 4.', NULL, NULL, '', 'PENDIENTE', 'INSTITUTO DE  INVESTIGACIÓN', 117428, 92809, 135, '2019 INVESTIGACIÓN'),
(1047, 11, 815, 125, 3497, 'A', 'M', 20, 'INTENSIVO', 'MED.VILESP.14.154.176.MED - 101.1.M.A / 1.', NULL, NULL, '', 'PENDIENTE', 'VILLA ESPERANZA', 118458, 99114, 154, '2019-VERANO'),
(1048, 11, 816, 103, 2246, 'A', 'M', 20, 'INTENSIVO', 'MED.VILESP.14.154.176.MED - 102.1.M.A / 2.', NULL, NULL, '', 'PENDIENTE', 'VILLA ESPERANZA', 118459, 99113, 154, '2019-VERANO'),
(1049, 12, 822, 41, 574, 'A', 'T', 20, 'CONTRATADO', 'MED.VILESP.14.156.176.MED-204.2.T.A / 10.', NULL, NULL, '', 'PENDIENTE', 'VILLA ESPERANZA', 119024, 99513, 156, '2020'),
(1050, 12, 822, 68, 1282, 'C', 'M', 20, 'CONTRATADO', 'MED.VILESP.14.156.176.MED-204.2.M.C / 14.', NULL, NULL, '', 'PENDIENTE', 'VILLA ESPERANZA', 119027, 99514, 156, '2020'),
(1051, 12, 817, 45, 630, 'A', 'M', 16, 'CONTRATADO', 'MED.VILESP.14.156.176.MED - 103.1.M.A / 4.', NULL, NULL, '', 'PENDIENTE', 'VILLA ESPERANZA', 119049, 99531, 156, '2020'),
(1052, 12, 814, 10, 187, 'A', 'M', 40, 'CONTRATADO', 'MED.VILESP.14.156.176.MED - 100.1.M.A / 1.', NULL, NULL, '', 'PENDIENTE', 'VILLA ESPERANZA', 119051, 99533, 156, '2020'),
(1053, 12, 815, 38, 488, 'B', 'M', 16, 'CONTRATADO', 'MED.VILESP.14.156.176.MED - 101.1.M.B / 5.', NULL, NULL, '', 'PENDIENTE', 'VILLA ESPERANZA', 119061, 99539, 156, '2020'),
(1054, 12, 816, 29, 372, 'C', 'M', 20, 'CONTRATADO', 'MED.VILESP.14.156.176.MED - 102.1.M.C / 6.', NULL, NULL, '', 'PENDIENTE', 'VILLA ESPERANZA', 119086, 99548, 156, '2020'),
(1055, 12, 820, 114, 3299, 'B', 'T', 20, 'CONTRATADO', 'MED.VILESP.14.156.176.MED - 203.2.T.B / 12.', NULL, NULL, '', 'PENDIENTE', 'VILLA ESPERANZA', 119100, 99558, 156, '2020'),
(1056, 12, 815, 16, 232, 'A', 'M', 20, 'CONTRATADO', 'MED.VILESP.14.156.176.MED - 101.1.M.A / 2.', NULL, NULL, '', 'PENDIENTE', 'VILLA ESPERANZA', 119105, 99561, 156, '2020'),
(1057, 12, 816, 35, 475, 'D', 'T', 20, 'CONTRATADO', 'MED.VILESP.14.156.176.MED - 102.1.T.D / 7.', NULL, NULL, '', 'PENDIENTE', 'VILLA ESPERANZA', 119118, 99571, 156, '2020'),
(1058, 12, 831, 51, 736, 'PH', 'M', 40, 'CONTRATADO', 'MED.VILESP.14.156.176.MED - 402.4.M.PH / 19.', NULL, NULL, '', 'PENDIENTE', 'VILLA ESPERANZA', 119417, 99707, 156, '2020'),
(1059, 12, 819, 63, 1276, 'C', 'M', 20, 'CONTRATADO', 'MED.VILESP.14.156.176.MED - 202.2.M.C / 13.', NULL, NULL, '', 'PENDIENTE', 'VILLA ESPERANZA', 119425, 99708, 156, '2020'),
(1060, 12, 1344, 24, 328, 'PH', 'M', 40, 'CONTRATADO', 'MED.VILESP.14.156.176.MED-301-03.3.M.PH / 18.', NULL, NULL, '', 'PENDIENTE', 'VILLA ESPERANZA', 119429, 99540, 156, '2020'),
(1061, 12, 819, 43, 590, 'B', 'T', 20, 'CONTRATADO', 'MED.VILESP.14.156.176.MED - 202.2.T.B / 11.', NULL, NULL, '', 'PENDIENTE', 'VILLA ESPERANZA', 119437, 99586, 156, '2020'),
(1062, 12, 825, 20, 268, 'G', 'M', 24, 'CONTRATADO', 'MED.VILESP.14.156.176.MED - 303.3.M.G / 17.', NULL, NULL, '', 'PENDIENTE', 'VILLA ESPERANZA', 119440, 99551, 156, '2020'),
(1063, 12, 833, 47, 677, 'PH', 'M', 40, 'INVITADO', 'MED.VILESP.14.156.176.MED-404.4.M.PH / 5.', NULL, NULL, '', 'PENDIENTE', 'VILLA ESPERANZA', 119467, 99724, 156, '2020'),
(1064, 12, 814, 152, 4633, 'E', 'T', 40, 'INVITADO', 'MED.VILESP.14.156.176.MED - 100.1.T.E / 1.', NULL, NULL, '', 'PENDIENTE', 'VILLA ESPERANZA', 119482, 99735, 156, '2020'),
(1065, 12, 1347, 79, 1396, 'PH', 'M', 40, 'CONTRATADO', 'MED.VILESP.14.156.176.MED-400 .4.M.PH / 21.', NULL, NULL, '', 'PENDIENTE', 'VILLA ESPERANZA', 119483, 99521, 156, '2020'),
(1066, 12, 824, 8, 169, 'F', 'T', 24, 'CONTRATADO', 'MED.VILESP.14.156.176.MED - 302.3.T.F / 16.', NULL, NULL, '', 'PENDIENTE', 'VILLA ESPERANZA', 119501, 99740, 156, '2020'),
(1067, 12, 815, 115, 3301, 'I', 'M', 20, 'INVITADO', 'MED.VILESP.14.156.176.MED - 101.1.M.I / 4.', NULL, NULL, '', 'PENDIENTE', 'VILLA ESPERANZA', 119511, 99647, 156, '2020'),
(1068, 12, 815, 115, 3301, 'H', 'M', 20, 'INVITADO', 'MED.VILESP.14.156.176.MED - 101.1.M.H / 3.', NULL, NULL, '', 'PENDIENTE', 'VILLA ESPERANZA', 119515, 99741, 156, '2020'),
(1069, 12, 820, 22, 309, 'F', 'M', 20, 'CONTRATADO', 'MED.VILESP.14.156.176.MED - 203.2.M.F / 15.', NULL, NULL, '', 'PENDIENTE', 'VILLA ESPERANZA', 119524, 99746, 156, '2020'),
(1070, 12, 1352, 44, 629, 'PH', 'M', 40, 'CONTRATADO', 'MED.VILESP.14.156.176.MED-401 .4.M.PH / 20.', NULL, NULL, '', 'PENDIENTE', 'VILLA ESPERANZA', 119528, 99745, 156, '2020'),
(1071, 12, 814, 5, 115, 'F', 'M', 40, 'INVITADO', 'MED.VILESP.14.156.176.MED - 100.1.M.F / 2.', NULL, NULL, '', 'PENDIENTE', 'VILLA ESPERANZA', 119533, 99590, 156, '2020'),
(1072, 12, 816, 134, 4368, 'E', 'M', 16, 'INVITADO', 'MED.VILESP.14.156.176.MED - 102.1.M.E / 1.', NULL, NULL, '', 'PENDIENTE', 'VILLA ESPERANZA', 119537, 99739, 156, '2020'),
(1073, 12, 816, 134, 4368, 'I', 'T', 16, 'INVITADO', 'MED.VILESP.14.156.176.MED - 102.1.T.I / 2.', NULL, NULL, '', 'PENDIENTE', 'VILLA ESPERANZA', 119540, 99743, 156, '2020'),
(1074, 12, 816, 83, 1472, 'A', 'M', 20, 'CONTRATADO', 'MED.VILESP.14.156.176.MED - 102.1.M.A / 3.', NULL, NULL, '', 'PENDIENTE', 'VILLA ESPERANZA', 119596, 99768, 156, '2020'),
(1075, 12, 819, 43, 590, 'A', 'T', 20, 'CONTRATADO', 'MED.VILESP.14.156.176.MED - 202.2.T.A / 9.', NULL, NULL, '', 'PENDIENTE', 'VILLA ESPERANZA', 119620, 99784, 156, '2020'),
(1076, 12, 816, 35, 475, 'F', 'T', 20, 'CONTRATADO', 'MED.VILESP.14.156.176.MED - 102.1.T.F / 8.', NULL, NULL, '', 'PENDIENTE', 'VILLA ESPERANZA', 119622, 99786, 156, '2020'),
(1077, 12, 815, 16, 232, 'F', 'T', 20, 'CONTRATADO', 'MED.VILESP.14.156.176.MED - 101.1.T.F / 22.', NULL, NULL, '', 'PENDIENTE', 'VILLA ESPERANZA', 119800, 99881, 156, '2020'),
(1078, 12, 834, 2, 46, 'A', 'T', 24, 'CONTRATADO', 'MED.VILESP.14.156.176.MED-405.4.T.A / 34.', NULL, NULL, '', 'PENDIENTE', 'VILLA ESPERANZA', 119971, 99544, 156, '2020'),
(1079, 12, 821, 37, 485, 'C', 'M', 20, 'CONTRATADO', 'MED.VILESP.14.156.176.MED - 201.2.M.C / 25.', NULL, NULL, '', 'PENDIENTE', 'VILLA ESPERANZA', 119987, 99748, 156, '2020'),
(1080, 12, 1342, 27, 359, 'PH', 'M', 40, 'CONTRATADO', 'MED.VILESP.14.156.176.MED-301-01.3.M.PH / 30.', NULL, NULL, '', 'PENDIENTE', 'VILLA ESPERANZA', 120002, 99584, 156, '2020'),
(1081, 12, 1362, 59, 1267, 'PH', 'M', 40, 'CONTRATADO', 'MED.VILESP.14.156.176.MED-501.5.M.PH / 23.', NULL, NULL, '', 'PENDIENTE', 'VILLA ESPERANZA', 120058, 99535, 156, '2020'),
(1082, 12, 1358, 105, 2314, 'PH', 'M', 40, 'CONTRATADO', 'MED.VILESP.14.156.176.MED-500.5.M.PH / 24.', NULL, NULL, '', 'PENDIENTE', 'VILLA ESPERANZA', 120064, 99541, 156, '2020'),
(1083, 12, 820, 70, 1290, 'A', 'T', 20, 'CONTRATADO', 'MED.VILESP.14.156.176.MED - 203.2.T.A / 27.', NULL, NULL, '', 'PENDIENTE', 'VILLA ESPERANZA', 120068, 99587, 156, '2020'),
(1084, 12, 816, 4, 74, 'B', 'M', 20, 'CONTRATADO', 'MED.VILESP.14.156.176.MED - 102.1.M.B / 26.', NULL, NULL, '', 'PENDIENTE', 'VILLA ESPERANZA', 120073, 99546, 156, '2020'),
(1085, 12, 839, 28, 368, 'A', 'T', 24, 'CONTRATADO', 'MED.VILESP.14.156.176.MED - 504.5.T.A / 28.', NULL, NULL, '', 'PENDIENTE', 'VILLA ESPERANZA', 120079, 99564, 156, '2020'),
(1086, 12, 821, 15, 229, 'G', 'T', 20, 'CONTRATADO', 'MED.VILESP.14.156.176.MED - 201.2.T.G / 29.', NULL, NULL, '', 'PENDIENTE', 'VILLA ESPERANZA', 120085, 99529, 156, '2020'),
(1087, 12, 823, 13, 227, 'F', 'T', 24, 'CONTRATADO', 'MED.VILESP.14.156.176.MED-300.3.T.F / 31.', NULL, NULL, '', 'PENDIENTE', 'VILLA ESPERANZA', 120100, 99721, 156, '2020'),
(1088, 12, 818, 48, 681, 'A', 'T', 28, 'CONTRATADO', 'MED.VILESP.14.156.176.MED-200.2.T.A / 33.', NULL, NULL, '', 'PENDIENTE', 'VILLA ESPERANZA', 120113, 99752, 156, '2020'),
(1089, 12, 814, 26, 351, 'C', 'M', 40, 'CONTRATADO', 'MED.VILESP.14.156.176.MED - 100.1.M.C / 35.', NULL, NULL, '', 'PENDIENTE', 'VILLA ESPERANZA', 120115, 99545, 156, '2020'),
(1090, 12, 825, 90, 1706, 'F', 'T', 24, 'CONTRATADO', 'MED.VILESP.14.156.176.MED - 303.3.T.F / 36.', NULL, NULL, '', 'PENDIENTE', 'VILLA ESPERANZA', 120118, 99738, 156, '2020'),
(1091, 12, 814, 58, 1251, 'K', 'N', 40, 'CONTRATADO', 'MED.VILESP.14.156.176.MED - 100.1.N.K / 32.', NULL, NULL, '', 'PENDIENTE', 'VILLA ESPERANZA', 120136, 99704, 156, '2020'),
(1092, 12, 814, 57, 808, 'G', 'M', 40, 'CONTRATADO', 'MED.VILESP.14.156.176.MED - 100.1.M.G / 37.', NULL, NULL, '', 'PENDIENTE', 'VILLA ESPERANZA', 120455, 99588, 156, '2020'),
(1093, 12, 1365, 9, 177, 'PH', 'M', 40, 'CONTRATADO', 'MED.VILESP.14.156.176.MED-502.5.M.PH / 38.', NULL, NULL, '', 'PENDIENTE', 'VILLA ESPERANZA', 120463, 99711, 156, '2020'),
(1094, 12, 818, 86, 1550, 'C', 'M', 14, 'CONTRATADO', 'MED.VILESP.14.156.176.MED-200.2.M.C / 76.', NULL, NULL, '', 'PENDIENTE', 'VILLA ESPERANZA', 122166, 101792, 156, '2020'),
(1095, 12, 818, 97, 1764, 'F', 'M', 14, 'CONTRATADO', 'MED.VILESP.14.156.176.MED-200.2.M.F / 62.', NULL, NULL, '', 'PENDIENTE', 'VILLA ESPERANZA', 122180, 101809, 156, '2020'),
(1096, 12, 818, 166, 31552, 'H', 'M', 14, 'CONTRATADO', 'MED.VILESP.14.156.176.MED-200.2.M.H / 70.', NULL, NULL, '', 'PENDIENTE', 'VILLA ESPERANZA', 122184, 101813, 156, '2020'),
(1097, 12, 1364, 104, 2313, 'PH', 'M', 20, 'CONTRATADO', 'MED.VILESP.14.156.176.MED-502.5.M.PH / 63.', NULL, NULL, '', 'PENDIENTE', 'VILLA ESPERANZA', 122354, 101903, 156, '2020'),
(1098, 12, 838, 217, 53081, 'PH', 'M', 20, 'CONTRATADO', 'MED.VILESP.14.156.176.MED - 503.5.M.PH / 66.', NULL, NULL, '', 'PENDIENTE', 'VILLA ESPERANZA', 122360, 101904, 156, '2020'),
(1099, 12, 1360, 209, 49718, 'PH', 'M', 20, 'CONTRATADO', 'MED.VILESP.14.156.176.MED-501.5.M.PH / 61.', NULL, NULL, '', 'PENDIENTE', 'VILLA ESPERANZA', 122363, 101905, 156, '2020'),
(1100, 12, 1356, 211, 51270, 'PH', 'M', 20, 'CONTRATADO', 'MED.VILESP.14.156.176.MED-500.5.M.PH / 75.', NULL, NULL, '', 'PENDIENTE', 'VILLA ESPERANZA', 122373, 101907, 156, '2020'),
(1101, 12, 1357, 241, 71988, 'PH', 'M', 20, 'CONTRATADO', 'MED.VILESP.14.156.176.MED-500.5.M.PH / 79.', NULL, NULL, '', 'PENDIENTE', 'VILLA ESPERANZA', 122382, 101911, 156, '2020'),
(1102, 12, 832, 197, 43272, 'PH', 'M', 20, 'CONTRATADO', 'MED.VILESP.14.156.176.MED - 403.4.M.PH / 56.', NULL, NULL, '', 'PENDIENTE', 'VILLA ESPERANZA', 122395, 101919, 156, '2020'),
(1103, 12, 1349, 260, 84698, 'PH', 'M', 20, 'CONTRATADO', 'MED.VILESP.14.156.176.MED-400 .4.M.PH / 69.', NULL, NULL, '', 'PENDIENTE', 'VILLA ESPERANZA', 122396, 101920, 156, '2020'),
(1104, 12, 1347, 61, 1271, 'PH', 'M', 20, 'CONTRATADO', 'MED.VILESP.14.156.176.MED-400 .4.M.PH / 64.', NULL, NULL, '', 'PENDIENTE', 'VILLA ESPERANZA', 122398, 101922, 156, '2020'),
(1105, 12, 827, 69, 1284, 'PH', 'M', 10, 'CONTRATADO', 'MED.VILESP.14.156.176.MED-304.3.M.PH / 72.', NULL, NULL, '', 'PENDIENTE', 'VILLA ESPERANZA', 122403, 101923, 156, '2020'),
(1106, 12, 1343, 89, 1705, 'PH', 'M', 20, 'CONTRATADO', 'MED.VILESP.14.156.176.MED-301-02.3.M.PH / 53.', NULL, NULL, '', 'PENDIENTE', 'VILLA ESPERANZA', 122426, 101935, 156, '2020'),
(1107, 12, 1342, 103, 2246, 'PH', 'M', 20, 'CONTRATADO', 'MED.VILESP.14.156.176.MED-301-01.3.M.PH / 58.', NULL, NULL, '', 'PENDIENTE', 'VILLA ESPERANZA', 122433, 101945, 156, '2020'),
(1108, 12, 821, 130, 4107, 'D', 'M', 10, 'CONTRATADO', 'MED.VILESP.14.156.176.MED - 201.2.M.D / 78.', NULL, NULL, '', 'PENDIENTE', 'VILLA ESPERANZA', 122615, 101823, 156, '2020'),
(1109, 12, 821, 60, 1268, 'E', 'M', 10, 'CONTRATADO', 'MED.VILESP.14.156.176.MED - 201.2.M.E / 54.', NULL, NULL, '', 'PENDIENTE', 'VILLA ESPERANZA', 122623, 101826, 156, '2020'),
(1110, 12, 5716, 57, 808, 'G', 'M', 40, 'CONTRATADO', 'MED.VILESP.82.156.176.MED-100.1.M.G / 50.', NULL, NULL, '', 'PENDIENTE', 'VILLA ESPERANZA', 122777, 102116, 156, '2020'),
(1111, 12, 821, 50, 729, 'A', 'T', 10, 'CONTRATADO', 'MED.VILESP.14.156.176.MED - 201.2.T.A / 55.', NULL, NULL, '', 'PENDIENTE', 'VILLA ESPERANZA', 122804, 101819, 156, '2020'),
(1112, 12, 5718, 125, 3497, 'H', 'M', 8, 'CONTRATADO', 'MED.VILESP.82.156.176.MED-103.1.M.H / 59.', NULL, NULL, '', 'PENDIENTE', 'VILLA ESPERANZA', 122809, 102135, 156, '2020'),
(1113, 12, 5718, 84, 1475, 'C', 'T', 8, 'CONTRATADO', 'MED.VILESP.82.156.176.MED-103.1.T.C / 57.', NULL, NULL, '', 'PENDIENTE', 'VILLA ESPERANZA', 122813, 102136, 156, '2020'),
(1114, 12, 5719, 83, 1472, 'K', 'T', 10, 'CONTRATADO', 'MED.VILESP.82.156.176.MED-102.1.T.K / 67.', NULL, NULL, '', 'PENDIENTE', 'VILLA ESPERANZA', 122815, 102056, 156, '2020'),
(1115, 12, 5717, 34, 472, 'K', 'M', 10, 'CONTRATADO', 'MED.VILESP.82.156.176.MED-101.1.M.K / 71.', NULL, NULL, '', 'PENDIENTE', 'VILLA ESPERANZA', 122817, 102048, 156, '2020'),
(1116, 12, 5717, 125, 3497, 'D', 'T', 10, 'CONTRATADO', 'MED.VILESP.82.156.176.MED-101.1.T.D / 60.', NULL, NULL, '', 'PENDIENTE', 'VILLA ESPERANZA', 122820, 102043, 156, '2020'),
(1117, 12, 5717, 172, 35254, 'C', 'T', 10, 'CONTRATADO', 'MED.VILESP.82.156.176.MED-101.1.T.C / 74.', NULL, NULL, '', 'PENDIENTE', 'VILLA ESPERANZA', 122821, 102038, 156, '2020'),
(1118, 12, 5716, 161, 5738, 'B', 'T', 20, 'CONTRATADO', 'MED.VILESP.82.156.176.MED-100.1.T.B / 52.', NULL, NULL, '', 'PENDIENTE', 'VILLA ESPERANZA', 122822, 101460, 156, '2020'),
(1119, 12, 823, 86, 1550, 'A', 'M', 12, 'CONTRATADO', 'MED.VILESP.14.156.176.MED-300.3.M.A / 77.', NULL, NULL, '', 'PENDIENTE', 'VILLA ESPERANZA', 122830, 102137, 156, '2020'),
(1120, 12, 5716, 10, 187, 'A', 'M', 40, 'CONTRATADO', 'MED.VILESP.82.156.176.MED-100.1.M.A / 39.', NULL, NULL, '', 'PENDIENTE', 'VILLA ESPERANZA', 122844, 101985, 156, '2020'),
(1121, 12, 5719, 29, 372, 'C', 'M', 20, 'CONTRATADO', 'MED.VILESP.82.156.176.MED-102.1.M.C / 46.', NULL, NULL, '', 'PENDIENTE', 'VILLA ESPERANZA', 122848, 102139, 156, '2020'),
(1122, 12, 5719, 4, 74, 'B', 'M', 20, 'CONTRATADO', 'MED.VILESP.82.156.176.MED-102.1.M.B / 44.', NULL, NULL, '', 'PENDIENTE', 'VILLA ESPERANZA', 122849, 102140, 156, '2020'),
(1123, 12, 5717, 38, 488, 'B', 'M', 20, 'CONTRATADO', 'MED.VILESP.82.156.176.MED-101.1.M.B / 43.', NULL, NULL, '', 'PENDIENTE', 'VILLA ESPERANZA', 122850, 102141, 156, '2020'),
(1124, 12, 5719, 83, 1472, 'A', 'T', 20, 'CONTRATADO', 'MED.VILESP.82.156.176.MED-102.1.T.A / 41.', NULL, NULL, '', 'PENDIENTE', 'VILLA ESPERANZA', 122851, 102143, 156, '2020'),
(1125, 12, 5718, 45, 630, 'A', 'M', 16, 'CONTRATADO', 'MED.VILESP.82.156.176.MED-103.1.M.A / 42.', NULL, NULL, '', 'PENDIENTE', 'VILLA ESPERANZA', 122852, 102145, 156, '2020'),
(1126, 12, 5716, 58, 1251, 'K', 'N', 40, 'CONTRATADO', 'MED.VILESP.82.156.176.MED-100.1.N.K / 51.', NULL, NULL, '', 'PENDIENTE', 'VILLA ESPERANZA', 122853, 102147, 156, '2020'),
(1127, 12, 5717, 16, 232, 'A', 'M', 20, 'CONTRATADO', 'MED.VILESP.82.156.176.MED-101.1.M.A / 40.', NULL, NULL, '', 'PENDIENTE', 'VILLA ESPERANZA', 122854, 102150, 156, '2020'),
(1128, 12, 5717, 16, 232, 'F', 'T', 20, 'CONTRATADO', 'MED.VILESP.82.156.176.MED-101.1.T.F / 48.', NULL, NULL, '', 'PENDIENTE', 'VILLA ESPERANZA', 122855, 102152, 156, '2020'),
(1129, 12, 5716, 26, 351, 'C', 'M', 40, 'CONTRATADO', 'MED.VILESP.82.156.176.MED-100.1.M.C / 45.', NULL, NULL, '', 'PENDIENTE', 'VILLA ESPERANZA', 122856, 102153, 156, '2020'),
(1130, 12, 5719, 35, 475, 'F', 'T', 20, 'CONTRATADO', 'MED.VILESP.82.156.176.MED-102.1.T.F / 49.', NULL, NULL, '', 'PENDIENTE', 'VILLA ESPERANZA', 122857, 102156, 156, '2020'),
(1131, 12, 5719, 35, 475, 'D', 'T', 20, 'CONTRATADO', 'MED.VILESP.82.156.176.MED-102.1.T.D / 47.', NULL, NULL, '', 'PENDIENTE', 'VILLA ESPERANZA', 122858, 102157, 156, '2020'),
(1132, 12, 5716, 152, 4633, 'E', 'T', 40, 'INVITADO', 'MED.VILESP.82.156.176.MED-100.1.T.E / 8.', NULL, NULL, '', 'PENDIENTE', 'VILLA ESPERANZA', 122860, 102160, 156, '2020'),
(1133, 12, 5717, 115, 3301, 'I', 'M', 20, 'INVITADO', 'MED.VILESP.82.156.176.MED-101.1.M.I / 12.', NULL, NULL, '', 'PENDIENTE', 'VILLA ESPERANZA', 122861, 102162, 156, '2020'),
(1134, 12, 5717, 115, 3301, 'H', 'M', 20, 'INVITADO', 'MED.VILESP.82.156.176.MED-101.1.M.H / 11.', NULL, NULL, '', 'PENDIENTE', 'VILLA ESPERANZA', 122862, 102164, 156, '2020'),
(1135, 12, 5716, 5, 115, 'F', 'M', 40, 'INVITADO', 'MED.VILESP.82.156.176.MED-100.1.M.F / 10.', NULL, NULL, '', 'PENDIENTE', 'VILLA ESPERANZA', 122863, 102166, 156, '2020'),
(1136, 12, 5719, 134, 4368, 'E', 'M', 16, 'INVITADO', 'MED.VILESP.82.156.176.MED-102.1.M.E / 13.', NULL, NULL, '', 'PENDIENTE', 'VILLA ESPERANZA', 122864, 102158, 156, '2020'),
(1137, 12, 5719, 134, 4368, 'I', 'N', 16, 'INVITADO', 'MED.VILESP.82.156.176.MED-102.1.N.I / 9.', NULL, NULL, '', 'PENDIENTE', 'VILLA ESPERANZA', 122865, 102168, 156, '2020'),
(1138, 12, 2549, 255, 84018, 'A', 'M', 40, 'INVITADO', 'MED.VILESP.14.156.176.MED-600.6.M.A / 14.', NULL, NULL, '', 'PENDIENTE', 'VILLA ESPERANZA', 122866, 102023, 156, '2020'),
(1139, 12, 819, 78, 1383, 'E', 'T', 10, 'CONTRATADO', 'MED.VILESP.14.156.176.MED - 202.2.T.E / 65.', NULL, NULL, '', 'PENDIENTE', 'VILLA ESPERANZA', 122950, 101831, 156, '2020'),
(1140, 12, 824, 63, 1276, 'C', 'M', 12, 'CONTRATADO', 'MED.VILESP.14.156.176.MED - 302.3.M.C / 68.', NULL, NULL, '', 'PENDIENTE', 'VILLA ESPERANZA', 122951, 101951, 156, '2020'),
(1141, 12, 825, 249, 75075, 'B', 'M', 12, 'CONTRATADO', 'MED.VILESP.14.156.176.MED - 303.3.M.B / 73.', NULL, NULL, '', 'PENDIENTE', 'VILLA ESPERANZA', 122952, 101497, 156, '2020'),
(1142, 12, 1365, 142, 4396, 'PH', 'M', 20, 'INVITADO', 'MED.VILESP.14.156.176.MED-502.5.M.PH / 16.', NULL, NULL, '', 'PENDIENTE', 'VILLA ESPERANZA', 123554, 103056, 156, '2020'),
(1143, 12, 1355, 80, 1456, 'PH', 'M', 20, 'INVITADO', 'MED.VILESP.14.156.176.MED-500.5.M.PH / 15.', NULL, NULL, '', 'PENDIENTE', 'VILLA ESPERANZA', 123629, 103120, 156, '2020'),
(1144, 12, 838, 248, 75068, 'PH', 'M', 20, 'INVITADO', 'MED.VILESP.14.156.176.MED - 503.5.M.PH / 17.', NULL, NULL, '', 'PENDIENTE', 'VILLA ESPERANZA', 123639, 103123, 156, '2020'),
(1145, 13, 2507, 29, 372, 'A', 'M', 40, 'INVESTIGADOR', 'MED.INSDEINV.14.160.176.INV.11.M.A / 1.', NULL, NULL, '', 'PENDIENTE', 'INSTITUTO DE  INVESTIGACIÓN', 124515, 103618, 160, '2020 INVESTIGACIÓN'),
(1146, 13, 2507, 172, 35254, 'B', 'T', 40, 'INVESTIGADOR', 'MED.INSDEINV.14.160.176.INV.11.T.B / 2.', NULL, NULL, '', 'PENDIENTE', 'INSTITUTO DE  INVESTIGACIÓN', 124518, 103619, 160, '2020 INVESTIGACIÓN'),
(1147, 12, 1349, 62, 1275, 'PH', 'M', 40, 'INVITADO', 'MED.VILESP.14.156.176.MED-400 .4.M.PH / 40.', NULL, NULL, '', 'PENDIENTE', 'VILLA ESPERANZA', 124779, 103777, 156, '2020'),
(1148, 12, 5717, 39, 520, 'G', 'T', 20, 'INVITADO', 'MED.VILESP.82.156.176.MED-101.1.T.G / 47.', NULL, NULL, '', 'PENDIENTE', 'VILLA ESPERANZA', 124824, 103798, 156, '2020'),
(1149, 12, 1342, 131, 4363, 'PH', 'T', 40, 'INVITADO', 'MED.VILESP.14.156.176.MED-301-01.3.T.PH / 44.', NULL, NULL, '', 'PENDIENTE', 'VILLA ESPERANZA', 124894, 103840, 156, '2020'),
(1150, 12, 819, 63, 1276, 'H', 'T', 20, 'INVITADO', 'MED.VILESP.14.156.176.MED - 202.2.T.H / 45.', NULL, NULL, '', 'PENDIENTE', 'VILLA ESPERANZA', 124896, 103841, 156, '2020'),
(1151, 12, 1359, 266, 90354, 'PH', 'M', 40, 'INVITADO', 'MED.VILESP.14.156.176.MED-501.5.M.PH / 35.', NULL, NULL, '', 'PENDIENTE', 'VILLA ESPERANZA', 124959, 103838, 156, '2020'),
(1152, 12, 1365, 71, 1291, 'PH', 'M', 40, 'INVITADO', 'MED.VILESP.14.156.176.MED-502.5.M.PH / 34.', NULL, NULL, '', 'PENDIENTE', 'VILLA ESPERANZA', 124981, 103885, 156, '2020'),
(1153, 12, 819, 158, 5166, 'F', 'M', 20, 'INVITADO', 'MED.VILESP.14.156.176.MED - 202.2.M.F / 31.', NULL, NULL, '', 'PENDIENTE', 'VILLA ESPERANZA', 124991, 103887, 156, '2020'),
(1154, 12, 5726, 158, 5166, 'C', 'M', 40, 'INVITADO', 'MED.VILESP.82.156.176.MED-105.1.M.C / 30.', NULL, NULL, '', 'PENDIENTE', 'VILLA ESPERANZA', 125010, 103899, 156, '2020'),
(1155, 12, 1343, 192, 40101, 'PH', 'T', 40, 'INVITADO', 'MED.VILESP.14.156.176.MED-301-02.3.T.PH / 21.', NULL, NULL, '', 'PENDIENTE', 'VILLA ESPERANZA', 125056, 103914, 156, '2020'),
(1156, 12, 5716, 117, 3303, 'N', 'N', 40, 'INVITADO', 'MED.VILESP.82.156.176.MED-100.1.N.N / 54.', NULL, NULL, '', 'PENDIENTE', 'VILLA ESPERANZA', 125072, 103916, 156, '2020'),
(1157, 12, 5718, 84, 1475, 'B', 'T', 16, 'INVITADO', 'MED.VILESP.82.156.176.MED-103.1.T.B / 20.', NULL, NULL, '', 'PENDIENTE', 'VILLA ESPERANZA', 125080, 103918, 156, '2020'),
(1158, 12, 5718, 129, 3868, 'E', 'T', 16, 'INVITADO', 'MED.VILESP.82.156.176.MED-103.1.T.E / 26.', NULL, NULL, '', 'PENDIENTE', 'VILLA ESPERANZA', 125100, 103930, 156, '2020'),
(1159, 12, 5718, 129, 3868, 'F', 'N', 16, 'INVITADO', 'MED.VILESP.82.156.176.MED-103.1.N.F / 24.', NULL, NULL, '', 'PENDIENTE', 'VILLA ESPERANZA', 125101, 103932, 156, '2020'),
(1160, 12, 822, 39, 520, 'B', 'M', 20, 'INVITADO', 'MED.VILESP.14.156.176.MED-204.2.M.B / 48.', NULL, NULL, '', 'PENDIENTE', 'VILLA ESPERANZA', 125116, 103941, 156, '2020'),
(1161, 12, 5719, 29, 372, 'H', 'M', 20, 'INVITADO', 'MED.VILESP.82.156.176.MED-102.1.M.H / 19.', NULL, NULL, '', 'PENDIENTE', 'VILLA ESPERANZA', 125135, 103969, 156, '2020'),
(1162, 12, 5719, 4, 74, 'G', 'M', 20, 'INVITADO', 'MED.VILESP.82.156.176.MED-102.1.M.G / 27.', NULL, NULL, '', 'PENDIENTE', 'VILLA ESPERANZA', 125231, 104010, 156, '2020');
INSERT INTO `asignacion` (`id_asignacion`, `id_gestion`, `id_asignatura`, `id_docente`, `siacop_id_persona`, `paralelo`, `turno`, `horas_asignadas`, `categoria`, `nombramiento`, `nombramiento_archivo_digital`, `evaluacion_nota`, `evaluacion_archivo_digital`, `estado`, `nombre_sede`, `siacop_id_asignacion_docente`, `siacop_id_asignacion`, `siacop_id_gestion`, `siacop_gestion`) VALUES
(1163, 12, 819, 255, 84018, 'G', 'M', 20, 'INVITADO', 'MED.VILESP.14.156.176.MED - 202.2.M.G / 57.', NULL, NULL, '', 'PENDIENTE', 'VILLA ESPERANZA', 125262, 104041, 156, '2020'),
(1164, 12, 820, 133, 4365, 'D', 'T', 20, 'INVITADO', 'MED.VILESP.14.156.176.MED - 203.2.T.D / 25.', NULL, NULL, '', 'PENDIENTE', 'VILLA ESPERANZA', 125264, 103999, 156, '2020'),
(1165, 12, 818, 160, 5737, 'B', 'T', 28, 'INVITADO', 'MED.VILESP.14.156.176.MED-200.2.T.B / 36.', NULL, NULL, '', 'PENDIENTE', 'VILLA ESPERANZA', 125267, 104044, 156, '2020'),
(1166, 12, 820, 186, 38695, 'H', 'T', 20, 'INVITADO', 'MED.VILESP.14.156.176.MED - 203.2.T.H / 29.', NULL, NULL, '', 'PENDIENTE', 'VILLA ESPERANZA', 125270, 104045, 156, '2020'),
(1167, 12, 5716, 161, 5738, 'M', 'M', 40, 'INVITADO', 'MED.VILESP.82.156.176.MED-100.1.M.M / 37.', NULL, NULL, '', 'PENDIENTE', 'VILLA ESPERANZA', 125273, 104047, 156, '2020'),
(1168, 12, 832, 141, 4392, 'PH', 'M', 40, 'INVITADO', 'MED.VILESP.14.156.176.MED - 403.4.M.PH / 42.', NULL, NULL, '', 'PENDIENTE', 'VILLA ESPERANZA', 125274, 104048, 156, '2020'),
(1169, 12, 820, 22, 309, 'G', 'M', 20, 'INVITADO', 'MED.VILESP.14.156.176.MED - 203.2.M.G / 41.', NULL, NULL, '', 'PENDIENTE', 'VILLA ESPERANZA', 125289, 104051, 156, '2020'),
(1170, 12, 1342, 262, 84796, 'PH', 'T', 40, 'INVITADO', 'MED.VILESP.14.156.176.MED-301-01.3.T.PH / 59.', NULL, NULL, '', 'PENDIENTE', 'VILLA ESPERANZA', 125294, 104052, 156, '2020'),
(1171, 12, 818, 198, 44407, 'D', 'T', 28, 'INVITADO', 'MED.VILESP.14.156.176.MED-200.2.T.D / 39.', NULL, NULL, '', 'PENDIENTE', 'VILLA ESPERANZA', 125298, 104053, 156, '2020'),
(1172, 12, 5716, 164, 29606, 'H', 'T', 40, 'INVITADO', 'MED.VILESP.82.156.176.MED-100.1.T.H / 58.', NULL, NULL, '', 'PENDIENTE', 'VILLA ESPERANZA', 125300, 104054, 156, '2020'),
(1173, 12, 5716, 135, 4380, 'O', 'M', 40, 'INVITADO', 'MED.VILESP.82.156.176.MED-100.1.M.O / 53.', NULL, NULL, '', 'PENDIENTE', 'VILLA ESPERANZA', 125302, 104073, 156, '2020'),
(1174, 12, 5719, 144, 4414, 'J', 'M', 20, 'INVITADO', 'MED.VILESP.82.156.176.MED-102.1.M.J / 55.', NULL, NULL, '', 'PENDIENTE', 'VILLA ESPERANZA', 125306, 104083, 156, '2020'),
(1175, 12, 5718, 199, 45552, 'G', 'T', 16, 'INVITADO', 'MED.VILESP.82.156.176.MED-103.1.T.G / 49.', NULL, NULL, '', 'PENDIENTE', 'VILLA ESPERANZA', 125311, 104086, 156, '2020'),
(1176, 12, 5725, 141, 4392, 'A', 'M', 20, 'INVITADO', 'MED.VILESP.82.156.176.MED-104.1.M.A / 43.', NULL, NULL, '', 'PENDIENTE', 'VILLA ESPERANZA', 125317, 104088, 156, '2020'),
(1177, 12, 1342, 170, 35252, 'PH', 'M', 40, 'INVITADO', 'MED.VILESP.14.156.176.MED-301-01.3.M.PH / 51.', NULL, NULL, '', 'PENDIENTE', 'VILLA ESPERANZA', 125323, 104092, 156, '2020'),
(1178, 12, 818, 97, 1764, 'G', 'M', 28, 'INVITADO', 'MED.VILESP.14.156.176.MED-200.2.M.G / 23.', NULL, NULL, '', 'PENDIENTE', 'VILLA ESPERANZA', 125326, 104094, 156, '2020'),
(1179, 12, 5725, 78, 1383, 'B', 'M', 20, 'INVITADO', 'MED.VILESP.82.156.176.MED-104.1.M.B / 28.', NULL, NULL, '', 'PENDIENTE', 'VILLA ESPERANZA', 125332, 104096, 156, '2020'),
(1180, 12, 5716, 82, 1458, 'P', 'N', 40, 'INVITADO', 'MED.VILESP.82.156.176.MED-100.1.N.P / 33.', NULL, NULL, '', 'PENDIENTE', 'VILLA ESPERANZA', 125365, 104119, 156, '2020'),
(1181, 12, 5717, 125, 3497, 'E', 'M', 20, 'INVITADO', 'MED.VILESP.82.156.176.MED-101.1.M.E / 22.', NULL, NULL, '', 'PENDIENTE', 'VILLA ESPERANZA', 125369, 104120, 156, '2020'),
(1182, 12, 1344, 130, 4107, 'PH', 'M', 40, 'INVITADO', 'MED.VILESP.14.156.176.MED-301-03.3.M.PH / 52.', NULL, NULL, '', 'PENDIENTE', 'VILLA ESPERANZA', 125375, 104065, 156, '2020'),
(1183, 12, 838, 113, 3298, 'PH', 'M', 40, 'INVITADO', 'MED.VILESP.14.156.176.MED - 503.5.M.PH / 38.', NULL, NULL, '', 'PENDIENTE', 'VILLA ESPERANZA', 125390, 104126, 156, '2020'),
(1184, 12, 820, 114, 3299, 'C', 'T', 20, 'INVITADO', 'MED.VILESP.14.156.176.MED - 203.2.T.C / 18.', NULL, NULL, '', 'PENDIENTE', 'VILLA ESPERANZA', 125395, 104128, 156, '2020'),
(1185, 12, 824, 206, 48236, 'A', 'M', 24, 'INVITADO', 'MED.VILESP.14.156.176.MED - 302.3.M.A / 60.', NULL, NULL, '', 'PENDIENTE', 'VILLA ESPERANZA', 125405, 103095, 156, '2020'),
(1186, 12, 5718, 6, 124, 'D', 'T', 16, 'INVITADO', 'MED.VILESP.82.156.176.MED-103.1.T.D / 46.', NULL, NULL, '', 'PENDIENTE', 'VILLA ESPERANZA', 125411, 104050, 156, '2020'),
(1187, 12, 5716, 239, 71047, 'L', 'T', 40, 'INVITADO', 'MED.VILESP.82.156.176.MED-100.1.T.L / 56.', NULL, NULL, '', 'PENDIENTE', 'VILLA ESPERANZA', 125414, 104152, 156, '2020'),
(1188, 12, 833, 47, 677, 'PH', 'M', 40, 'CONTRATADO', 'MED.VILESP.14.156.176.MED-404.4.M.PH / 81.', NULL, NULL, '', 'PENDIENTE', 'VILLA ESPERANZA', 125532, 104230, 156, '2020'),
(1189, 12, 1359, 44, 629, 'PH', 'M', 40, 'CONTRATADO', 'MED.VILESP.14.156.176.MED-501.5.M.PH / 82.', NULL, NULL, '', 'PENDIENTE', 'VILLA ESPERANZA', 125533, 103878, 156, '2020'),
(1190, 12, 819, 77, 1379, 'D', 'M', 20, 'CONTRATADO', 'MED.VILESP.14.156.176.MED - 202.2.M.D / 80.', NULL, NULL, '', 'PENDIENTE', 'VILLA ESPERANZA', 125535, 102068, 156, '2020'),
(1191, 12, 825, 148, 4486, 'D', 'T', 24, 'INVITADO', 'MED.VILESP.14.156.176.MED - 303.3.T.D / 32.', NULL, NULL, '', 'PENDIENTE', 'VILLA ESPERANZA', 125668, 104290, 156, '2020'),
(1192, 12, 5717, 172, 35254, 'J', 'T', 20, 'INVITADO', 'MED.VILESP.82.156.176.MED-101.1.T.J / 50.', NULL, NULL, '', 'PENDIENTE', 'VILLA ESPERANZA', 125676, 104295, 156, '2020'),
(1193, 12, 824, 56, 800, 'D', 'M', 24, 'CONTRATADO', 'MED.VILESP.14.156.176.MED - 302.3.M.D / 83.', NULL, NULL, '', 'PENDIENTE', 'VILLA ESPERANZA', 125730, 104288, 156, '2020'),
(1194, 12, 828, 215, 53060, 'A', 'T', 16, 'INVITADO', 'MED.VILESP.14.156.176.MED - 305.3.T.A / 61.', NULL, NULL, '', 'PENDIENTE', 'VILLA ESPERANZA', 125739, 104316, 156, '2020'),
(1195, 12, 828, 215, 53060, 'B', 'T', 16, 'INVITADO', 'MED.VILESP.14.156.176.MED - 305.3.T.B / 67.', NULL, NULL, '', 'PENDIENTE', 'VILLA ESPERANZA', 125751, 104321, 156, '2020'),
(1196, 12, 1344, 268, 94931, 'PH', 'M', 40, 'INVITADO', 'MED.VILESP.14.156.176.MED-301-03.3.M.PH / 68.', NULL, NULL, '', 'PENDIENTE', 'VILLA ESPERANZA', 126160, 104380, 156, '2020'),
(1197, 12, 1342, 232, 65954, 'PH', 'M', 40, 'INVITADO', 'MED.VILESP.14.156.176.MED-301-01.3.M.PH / 65.', NULL, NULL, '', 'PENDIENTE', 'VILLA ESPERANZA', 126173, 104490, 156, '2020'),
(1198, 12, 821, 128, 3784, 'F', 'M', 20, 'INVITADO', 'MED.VILESP.14.156.176.MED - 201.2.M.F / 69.', NULL, NULL, '', 'PENDIENTE', 'VILLA ESPERANZA', 126207, 104495, 156, '2020'),
(1199, 12, 827, 93, 1758, 'PH', 'M', 20, 'INVITADO', 'MED.VILESP.14.156.176.MED-304.3.M.PH / 70.', NULL, NULL, '', 'PENDIENTE', 'VILLA ESPERANZA', 126216, 104102, 156, '2020'),
(1200, 12, 1363, 238, 70911, 'PH', 'M', 40, 'INVITADO', 'MED.VILESP.14.156.176.MED-501.5.M.PH / 71.', NULL, NULL, '', 'PENDIENTE', 'VILLA ESPERANZA', 126222, 104496, 156, '2020'),
(1201, 12, 839, 276, 100918, 'B', 'T', 24, 'INVITADO', 'MED.VILESP.14.156.176.MED - 504.5.T.B / 63.', NULL, NULL, '', 'PENDIENTE', 'VILLA ESPERANZA', 126223, 104497, 156, '2020'),
(1202, 12, 5716, 254, 81982, 'D', 'T', 40, 'INVITADO', 'MED.VILESP.82.156.176.MED-100.1.T.D / 64.', NULL, NULL, '', 'PENDIENTE', 'VILLA ESPERANZA', 126224, 104491, 156, '2020'),
(1203, 12, 1350, 102, 2229, 'PH', 'M', 40, 'INVITADO', 'MED.VILESP.14.156.176.MED-400 .4.M.PH / 62.', NULL, NULL, '', 'PENDIENTE', 'VILLA ESPERANZA', 126230, 104413, 156, '2020'),
(1204, 12, 1342, 242, 72288, 'PH', 'M', 40, 'INVITADO', 'MED.VILESP.14.156.176.MED-301-01.3.M.PH / 66.', NULL, NULL, '', 'PENDIENTE', 'VILLA ESPERANZA', 126240, 104499, 156, '2020'),
(1205, 12, 1342, 200, 46370, 'PH', 'M', 40, 'INVITADO', 'MED.VILESP.14.156.176.MED-301-01.3.M.PH / 72.', NULL, NULL, '', 'PENDIENTE', 'VILLA ESPERANZA', 126256, 104501, 156, '2020'),
(1206, 12, 5726, 127, 3522, 'B', 'T', 40, 'INVITADO', 'MED.VILESP.82.156.176.MED-105.1.T.B / 73.', NULL, NULL, '', 'PENDIENTE', 'VILLA ESPERANZA', 126274, 104494, 156, '2020'),
(1207, 12, 5726, 277, 102451, 'A', 'M', 40, 'INVITADO', 'MED.VILESP.82.156.176.MED-105.1.M.A / 123.', NULL, NULL, '', 'PENDIENTE', 'VILLA ESPERANZA', 126431, 104493, 156, '2020'),
(1208, 12, 5717, 38, 488, 'L', 'M', 20, 'INVITADO', 'MED.VILESP.82.156.176.MED-101.1.M.L / 81.', NULL, NULL, '', 'PENDIENTE', 'VILLA ESPERANZA', 126434, 104614, 156, '2020'),
(1209, 12, 821, 60, 1268, 'B', 'T', 20, 'INVITADO', 'MED.VILESP.14.156.176.MED - 201.2.T.B / 74.', NULL, NULL, '', 'PENDIENTE', 'VILLA ESPERANZA', 126435, 104615, 156, '2020'),
(1210, 12, 1346, 138, 4387, 'PH', 'M', 40, 'INVITADO', 'MED.VILESP.14.156.176.MED-400 .4.M.PH / 89.', NULL, NULL, '', 'PENDIENTE', 'VILLA ESPERANZA', 126436, 104616, 156, '2020'),
(1211, 12, 1356, 226, 62996, 'PH', 'M', 40, 'INVITADO', 'MED.VILESP.14.156.176.MED-500.5.M.PH / 90.', NULL, NULL, '', 'PENDIENTE', 'VILLA ESPERANZA', 126437, 103114, 156, '2020'),
(1212, 12, 1360, 195, 42857, 'PH', 'M', 40, 'INVITADO', 'MED.VILESP.14.156.176.MED-501.5.M.PH / 86.', NULL, NULL, '', 'PENDIENTE', 'VILLA ESPERANZA', 126439, 104618, 156, '2020'),
(1213, 12, 5726, 277, 102451, 'D', 'T', 40, 'INVITADO', 'MED.VILESP.82.156.176.MED-105.1.T.D / 122.', NULL, NULL, '', 'PENDIENTE', 'VILLA ESPERANZA', 126440, 104619, 156, '2020'),
(1214, 12, 1361, 264, 84819, 'PH', 'M', 40, 'INVITADO', 'MED.VILESP.14.156.176.MED-501.5.M.PH / 102.', NULL, NULL, '', 'PENDIENTE', 'VILLA ESPERANZA', 126441, 104620, 156, '2020'),
(1215, 12, 840, 263, 84797, 'B', 'T', 24, 'INVITADO', 'MED.VILESP.14.156.176.MED - 505.5.T.B / 108.', NULL, NULL, '', 'PENDIENTE', 'VILLA ESPERANZA', 126442, 104621, 156, '2020'),
(1216, 12, 820, 70, 1290, 'E', 'T', 20, 'INVITADO', 'MED.VILESP.14.156.176.MED - 203.2.T.E / 80.', NULL, NULL, '', 'PENDIENTE', 'VILLA ESPERANZA', 126443, 104622, 156, '2020'),
(1217, 12, 822, 146, 4483, 'D', 'T', 20, 'INVITADO', 'MED.VILESP.14.156.176.MED-204.2.T.D / 95.', NULL, NULL, '', 'PENDIENTE', 'VILLA ESPERANZA', 126444, 104623, 156, '2020'),
(1218, 12, 1342, 253, 78669, 'PH', 'M', 40, 'INVITADO', 'MED.VILESP.14.156.176.MED-301-01.3.M.PH / 114.', NULL, NULL, '', 'PENDIENTE', 'VILLA ESPERANZA', 126445, 104624, 156, '2020'),
(1219, 12, 1358, 216, 53065, 'PH', 'M', 40, 'INVITADO', 'MED.VILESP.14.156.176.MED-500.5.M.PH / 116.', NULL, NULL, '', 'PENDIENTE', 'VILLA ESPERANZA', 126446, 104312, 156, '2020'),
(1220, 12, 1359, 189, 39937, 'PH', 'M', 40, 'INVITADO', 'MED.VILESP.14.156.176.MED-501.5.M.PH / 107.', NULL, NULL, '', 'PENDIENTE', 'VILLA ESPERANZA', 126448, 104617, 156, '2020'),
(1221, 12, 818, 222, 57762, 'E', 'M', 28, 'INVITADO', 'MED.VILESP.14.156.176.MED-200.2.M.E / 98.', NULL, NULL, '', 'PENDIENTE', 'VILLA ESPERANZA', 126449, 104625, 156, '2020'),
(1222, 12, 824, 246, 73258, 'E', 'M', 24, 'INVITADO', 'MED.VILESP.14.156.176.MED - 302.3.M.E / 130.', NULL, NULL, '', 'PENDIENTE', 'VILLA ESPERANZA', 126451, 104626, 156, '2020'),
(1223, 12, 823, 132, 4364, 'C', 'M', 24, 'INVITADO', 'MED.VILESP.14.156.176.MED-300.3.M.C / 126.', NULL, NULL, '', 'PENDIENTE', 'VILLA ESPERANZA', 126456, 104628, 156, '2020'),
(1224, 12, 824, 73, 1314, 'B', 'M', 24, 'INVITADO', 'MED.VILESP.14.156.176.MED - 302.3.M.B / 127.', NULL, NULL, '', 'PENDIENTE', 'VILLA ESPERANZA', 126457, 104629, 156, '2020'),
(1225, 12, 818, 94, 1759, 'I', 'T', 28, 'INVITADO', 'MED.VILESP.14.156.176.MED-200.2.T.I / 125.', NULL, NULL, '', 'PENDIENTE', 'VILLA ESPERANZA', 126458, 104630, 156, '2020'),
(1226, 12, 821, 168, 32606, 'H', 'M', 20, 'INVITADO', 'MED.VILESP.14.156.176.MED - 201.2.M.H / 97.', NULL, NULL, '', 'PENDIENTE', 'VILLA ESPERANZA', 126459, 104631, 156, '2020'),
(1227, 12, 823, 267, 90360, 'B', 'T', 24, 'INVITADO', 'MED.VILESP.14.156.176.MED-300.3.T.B / 131.', NULL, NULL, '', 'PENDIENTE', 'VILLA ESPERANZA', 126461, 104633, 156, '2020'),
(1228, 12, 827, 245, 73257, 'PH', 'T', 20, 'INVITADO', 'MED.VILESP.14.156.176.MED-304.3.T.PH / 128.', NULL, NULL, '', 'PENDIENTE', 'VILLA ESPERANZA', 126464, 104627, 156, '2020'),
(1229, 12, 827, 235, 70366, 'PH', 'T', 20, 'INVITADO', 'MED.VILESP.14.156.176.MED-304.3.T.PH / 133.', NULL, NULL, '', 'PENDIENTE', 'VILLA ESPERANZA', 126465, 104635, 156, '2020'),
(1230, 12, 827, 272, 99972, 'PH', 'M', 20, 'INVITADO', 'MED.VILESP.14.156.176.MED-304.3.M.PH / 129.', NULL, NULL, '', 'PENDIENTE', 'VILLA ESPERANZA', 126466, 104636, 156, '2020'),
(1231, 12, 1363, 214, 53015, 'PH', 'M', 40, 'INVITADO', 'MED.VILESP.14.156.176.MED-501.5.M.PH / 109.', NULL, NULL, '', 'PENDIENTE', 'VILLA ESPERANZA', 126469, 101906, 156, '2020'),
(1232, 12, 834, 98, 1783, 'B', 'T', 24, 'INVITADO', 'MED.VILESP.14.156.176.MED-405.4.T.B / 92.', NULL, NULL, '', 'PENDIENTE', 'VILLA ESPERANZA', 126470, 104638, 156, '2020'),
(1233, 12, 1342, 184, 38686, 'PH', 'M', 40, 'INVITADO', 'MED.VILESP.14.156.176.MED-301-01.3.M.PH / 83.', NULL, NULL, '', 'PENDIENTE', 'VILLA ESPERANZA', 126472, 104640, 156, '2020'),
(1234, 12, 1346, 221, 56132, 'PH', 'M', 40, 'INVITADO', 'MED.VILESP.14.156.176.MED-400 .4.M.PH / 76.', NULL, NULL, '', 'PENDIENTE', 'VILLA ESPERANZA', 126473, 104641, 156, '2020'),
(1235, 12, 1352, 187, 38727, 'PH', 'M', 40, 'INVITADO', 'MED.VILESP.14.156.176.MED-401 .4.M.PH / 91.', NULL, NULL, '', 'PENDIENTE', 'VILLA ESPERANZA', 126475, 104643, 156, '2020'),
(1236, 12, 1354, 234, 66892, 'PH', 'M', 40, 'INVITADO', 'MED.VILESP.14.156.176.MED-401 .4.M.PH / 84.', NULL, NULL, '', 'PENDIENTE', 'VILLA ESPERANZA', 126478, 104645, 156, '2020'),
(1237, 12, 825, 95, 1760, 'C', 'M', 24, 'INVITADO', 'MED.VILESP.14.156.176.MED - 303.3.M.C / 78.', NULL, NULL, '', 'PENDIENTE', 'VILLA ESPERANZA', 126479, 104639, 156, '2020'),
(1238, 12, 1348, 95, 1760, 'PH', 'M', 40, 'INVITADO', 'MED.VILESP.14.156.176.MED-400 .4.M.PH / 77.', NULL, NULL, '', 'PENDIENTE', 'VILLA ESPERANZA', 126480, 104642, 156, '2020'),
(1239, 12, 831, 188, 39931, 'PH', 'M', 40, 'INVITADO', 'MED.VILESP.14.156.176.MED - 402.4.M.PH / 87.', NULL, NULL, '', 'PENDIENTE', 'VILLA ESPERANZA', 126481, 104049, 156, '2020'),
(1240, 12, 833, 120, 3309, 'PH', 'M', 40, 'INVITADO', 'MED.VILESP.14.156.176.MED-404.4.M.PH / 79.', NULL, NULL, '', 'PENDIENTE', 'VILLA ESPERANZA', 126482, 103836, 156, '2020'),
(1241, 12, 1364, 140, 4391, 'PH', 'M', 40, 'INVITADO', 'MED.VILESP.14.156.176.MED-502.5.M.PH / 85.', NULL, NULL, '', 'PENDIENTE', 'VILLA ESPERANZA', 126483, 104613, 156, '2020'),
(1242, 12, 5716, 270, 96173, 'J', 'T', 40, 'INVITADO', 'MED.VILESP.82.156.176.MED-100.1.T.J / 113.', NULL, NULL, '', 'PENDIENTE', 'VILLA ESPERANZA', 126485, 104646, 156, '2020'),
(1243, 12, 825, 218, 53623, 'E', 'M', 24, 'INVITADO', 'MED.VILESP.14.156.176.MED - 303.3.M.E / 132.', NULL, NULL, '', 'PENDIENTE', 'VILLA ESPERANZA', 126487, 104647, 156, '2020'),
(1244, 12, 5716, 223, 57791, 'I', 'M', 40, 'INVITADO', 'MED.VILESP.82.156.176.MED-100.1.M.I / 115.', NULL, NULL, '', 'PENDIENTE', 'VILLA ESPERANZA', 126488, 104492, 156, '2020'),
(1245, 12, 1342, 1, 6, 'PH', 'T', 40, 'INVITADO', 'MED.VILESP.14.156.176.MED-301-01.3.T.PH / 96.', NULL, 89, 'MANUAL_TECNICO_garmaser.pdf', 'PENDIENTE', 'VILLA ESPERANZA', 126490, 104649, 156, '2020'),
(1246, 12, 1342, 185, 38689, 'PH', 'M', 40, 'INVITADO', 'MED.VILESP.14.156.176.MED-301-01.3.M.PH / 121.', NULL, NULL, '', 'PENDIENTE', 'VILLA ESPERANZA', 126491, 104650, 156, '2020'),
(1247, 12, 1342, 169, 35069, 'PH', 'M', 40, 'INVITADO', 'MED.VILESP.14.156.176.MED-301-01.3.M.PH / 106.', NULL, NULL, '', 'PENDIENTE', 'VILLA ESPERANZA', 126492, 104651, 156, '2020'),
(1248, 12, 1348, 88, 1704, 'PH', 'M', 40, 'INVITADO', 'MED.VILESP.14.156.176.MED-400 .4.M.PH / 111.', NULL, NULL, '', 'PENDIENTE', 'VILLA ESPERANZA', 126493, 104652, 156, '2020'),
(1249, 12, 1351, 280, 103133, 'PH', 'M', 40, 'INVITADO', 'MED.VILESP.14.156.176.MED-400 .4.M.PH / 103.', NULL, NULL, '', 'PENDIENTE', 'VILLA ESPERANZA', 126496, 104655, 156, '2020'),
(1250, 12, 1362, 281, 103134, 'PH', 'M', 40, 'INVITADO', 'MED.VILESP.14.156.176.MED-501.5.M.PH / 99.', NULL, NULL, '', 'PENDIENTE', 'VILLA ESPERANZA', 126498, 104656, 156, '2020'),
(1251, 12, 1345, 265, 85374, 'PH', 'M', 40, 'INVITADO', 'MED.VILESP.14.156.176.MED-400 .4.M.PH / 104.', NULL, NULL, '', 'PENDIENTE', 'VILLA ESPERANZA', 126502, 104658, 156, '2020'),
(1252, 12, 1345, 278, 102499, 'PH', 'M', 40, 'INVITADO', 'MED.VILESP.14.156.176.MED-400 .4.M.PH / 118.', NULL, NULL, '', 'PENDIENTE', 'VILLA ESPERANZA', 126503, 104659, 156, '2020'),
(1253, 12, 1351, 257, 84159, 'PH', 'M', 40, 'INVITADO', 'MED.VILESP.14.156.176.MED-400 .4.M.PH / 105.', NULL, NULL, '', 'PENDIENTE', 'VILLA ESPERANZA', 126504, 104660, 156, '2020'),
(1254, 12, 827, 69, 1284, 'PH', 'T', 20, 'INVITADO', 'MED.VILESP.14.156.176.MED-304.3.T.PH / 88.', NULL, NULL, '', 'PENDIENTE', 'VILLA ESPERANZA', 126505, 104648, 156, '2020'),
(1255, 12, 1355, 80, 1456, 'PH', 'M', 40, 'INVITADO', 'MED.VILESP.14.156.176.MED-500.5.M.PH / 75.', NULL, NULL, '', 'PENDIENTE', 'VILLA ESPERANZA', 126506, 103121, 156, '2020'),
(1256, 12, 1364, 237, 70399, 'PH', 'M', 40, 'INVITADO', 'MED.VILESP.14.156.176.MED-502.5.M.PH / 120.', NULL, NULL, '', 'PENDIENTE', 'VILLA ESPERANZA', 126508, 104662, 156, '2020'),
(1257, 12, 1357, 271, 96184, 'PH', 'M', 40, 'INVITADO', 'MED.VILESP.14.156.176.MED-500.5.M.PH / 94.', NULL, NULL, '', 'PENDIENTE', 'VILLA ESPERANZA', 126509, 104663, 156, '2020'),
(1258, 12, 1361, 261, 84709, 'PH', 'M', 40, 'INVITADO', 'MED.VILESP.14.156.176.MED-501.5.M.PH / 101.', NULL, NULL, '', 'PENDIENTE', 'VILLA ESPERANZA', 126510, 104664, 156, '2020'),
(1259, 12, 1363, 247, 74362, 'PH', 'M', 40, 'INVITADO', 'MED.VILESP.14.156.176.MED-501.5.M.PH / 93.', NULL, NULL, '', 'PENDIENTE', 'VILLA ESPERANZA', 126511, 104665, 156, '2020'),
(1260, 12, 840, 275, 100033, 'A', 'M', 24, 'INVITADO', 'MED.VILESP.14.156.176.MED - 505.5.M.A / 112.', NULL, NULL, '', 'PENDIENTE', 'VILLA ESPERANZA', 126512, 104666, 156, '2020'),
(1261, 12, 1350, 21, 277, 'PH', 'M', 40, 'INVITADO', 'MED.VILESP.14.156.176.MED-400 .4.M.PH / 110.', NULL, NULL, '', 'PENDIENTE', 'VILLA ESPERANZA', 126516, 104653, 156, '2020'),
(1262, 12, 1342, 76, 1349, 'PH', 'M', 40, 'INVITADO', 'MED.VILESP.14.156.176.MED-301-01.3.M.PH / 119.', NULL, NULL, '', 'PENDIENTE', 'VILLA ESPERANZA', 126517, 104669, 156, '2020'),
(1263, 12, 1354, 151, 4510, 'PH', 'M', 40, 'INVITADO', 'MED.VILESP.14.156.176.MED-401 .4.M.PH / 117.', NULL, NULL, '', 'PENDIENTE', 'VILLA ESPERANZA', 126519, 104657, 156, '2020'),
(1264, 12, 827, 252, 77271, 'PH', 'T', 20, 'INVITADO', 'MED.VILESP.14.156.176.MED-304.3.T.PH / 124.', NULL, NULL, '', 'PENDIENTE', 'VILLA ESPERANZA', 126521, 104668, 156, '2020'),
(1265, 12, 1352, 279, 103132, 'PH', 'M', 40, 'INVITADO', 'MED.VILESP.14.156.176.MED-401 .4.M.PH / 100.', NULL, NULL, '', 'PENDIENTE', 'VILLA ESPERANZA', 126522, 104654, 156, '2020'),
(1266, 12, 823, 207, 49708, 'D', 'M', 24, 'INVITADO', 'MED.VILESP.14.156.176.MED-300.3.M.D / 82.', NULL, NULL, '', 'PENDIENTE', 'VILLA ESPERANZA', 126524, 104632, 156, '2020'),
(1267, 12, 1353, 118, 3306, 'PH', 'M', 40, 'INVITADO', 'MED.VILESP.14.156.176.MED-401 .4.M.PH / 138.', NULL, NULL, '', 'PENDIENTE', 'VILLA ESPERANZA', 127726, 104644, 156, '2020'),
(1268, 12, 1355, 205, 46885, 'PH', 'M', 40, 'INVITADO', 'MED.VILESP.14.156.176.MED-500.5.M.PH / 137.', NULL, NULL, '', 'PENDIENTE', 'VILLA ESPERANZA', 127727, 104661, 156, '2020'),
(1269, 12, 1342, 220, 54780, 'PH', 'T', 40, 'INVITADO', 'MED.VILESP.14.156.176.MED-301-01.3.T.PH / 136.', NULL, NULL, '', 'PENDIENTE', 'VILLA ESPERANZA', 127728, 105391, 156, '2020'),
(1270, 12, 5725, 141, 4392, 'C', 'N', 20, 'INVITADO', 'MED.VILESP.82.156.176.MED-104.1.N.C / 135.', NULL, NULL, '', 'PENDIENTE', 'VILLA ESPERANZA', 127769, 105419, 156, '2020'),
(1271, 12, 5725, 45, 630, 'D', 'T', 20, 'INVITADO', 'MED.VILESP.82.156.176.MED-104.1.T.D / 134.', NULL, NULL, '', 'PENDIENTE', 'VILLA ESPERANZA', 127772, 105420, 156, '2020'),
(1272, 12, 823, 233, 66789, 'E', 'T', 24, 'INVITADO', 'MED.VILESP.14.156.176.MED-300.3.T.E / 139.', NULL, NULL, '', 'PENDIENTE', 'VILLA ESPERANZA', 131843, 108918, 156, '2020'),
(1273, 12, 1346, 206, 48236, 'PH', 'T', 34, 'INVITADO', 'MED.VILESP.14.156.176.MED-400 .4.T.PH / 140.', NULL, NULL, '', 'PENDIENTE', 'VILLA ESPERANZA', 132708, 109299, 156, '2020'),
(1274, 12, 1353, 165, 30486, 'PH', 'M', 32, 'INVITADO', 'MED.VILESP.14.156.176.MED-401 .4.M.PH / 141.', NULL, NULL, '', 'PENDIENTE', 'VILLA ESPERANZA', 133051, 109514, 156, '2020'),
(1275, 12, 833, 186, 38695, 'PH', 'M', 40, 'INVITADO', 'MED.VILESP.14.156.176.MED-404.4.M.PH / 142.', NULL, NULL, '', 'PENDIENTE', 'VILLA ESPERANZA', 133342, 109697, 156, '2020'),
(1276, 12, 1342, 46, 641, 'PH', 'M', 40, 'CONTRATADO', 'MED.VILESP.14.156.176.MED-301-01.3.M.PH / 84.', NULL, NULL, '', 'PENDIENTE', 'VILLA ESPERANZA', 133344, 109311, 156, '2020'),
(1277, 12, 827, 199, 45552, 'PH', 'M', 20, 'INVITADO', 'MED.VILESP.14.156.176.MED-304.3.M.PH / 143.', NULL, NULL, '', 'PENDIENTE', 'VILLA ESPERANZA', 133347, 109700, 156, '2020'),
(1278, 14, 5716, 57, 808, 'G', 'M', 20, 'CONTRATADO', 'MED.VILESP.82.169.176.MED-100.1.M.G / 1.', NULL, NULL, '', 'PENDIENTE', 'VILLA ESPERANZA', 133593, 109901, 169, '2021'),
(1279, 14, 1343, 89, 1705, 'PH', 'M', 20, 'CONTRATADO', 'MED.VILESP.14.169.176.MED-301-02.3.M.PH / 2.', NULL, NULL, '', 'PENDIENTE', 'VILLA ESPERANZA', 133594, 109902, 169, '2021'),
(1280, 14, 1362, 59, 1267, 'PH', 'M', 20, 'CONTRATADO', 'MED.VILESP.14.169.176.MED-501.5.M.PH / 7.', NULL, NULL, '', 'PENDIENTE', 'VILLA ESPERANZA', 133596, 110107, 169, '2021'),
(1281, 14, 832, 197, 43272, 'PH', 'M', 20, 'CONTRATADO', 'MED.VILESP.14.169.176.MED - 403.4.M.PH / 9.', NULL, NULL, '', 'PENDIENTE', 'VILLA ESPERANZA', 133598, 110109, 169, '2021'),
(1282, 14, 1358, 105, 2314, 'PH', 'M', 20, 'CONTRATADO', 'MED.VILESP.14.169.176.MED-500.5.M.PH / 10.', NULL, NULL, '', 'PENDIENTE', 'VILLA ESPERANZA', 133600, 110111, 169, '2021'),
(1283, 14, 5719, 29, 372, 'C', 'M', 10, 'CONTRATADO', 'MED.VILESP.82.169.176.MED-102.1.M.C / 11.', NULL, NULL, '', 'PENDIENTE', 'VILLA ESPERANZA', 133601, 110113, 169, '2021'),
(1284, 14, 5718, 84, 1475, 'C', 'T', 8, 'CONTRATADO', 'MED.VILESP.82.169.176.MED-103.1.T.C / 12.', NULL, NULL, '', 'PENDIENTE', 'VILLA ESPERANZA', 133606, 110116, 169, '2021'),
(1285, 14, 1342, 103, 2246, 'PH', 'T', 20, 'CONTRATADO', 'MED.VILESP.14.169.176.MED-301-01.3.T.PH / 13.', NULL, NULL, '', 'PENDIENTE', 'VILLA ESPERANZA', 133620, 110131, 169, '2021'),
(1286, 14, 5717, 125, 3497, 'D', 'M', 10, 'CONTRATADO', 'MED.VILESP.82.169.176.MED-101.1.M.D / 15.', NULL, NULL, '', 'PENDIENTE', 'VILLA ESPERANZA', 133637, 110141, 169, '2021'),
(1287, 14, 5718, 125, 3497, 'H', 'M', 8, 'CONTRATADO', 'MED.VILESP.82.169.176.MED-103.1.M.H / 14.', NULL, NULL, '', 'PENDIENTE', 'VILLA ESPERANZA', 133640, 110167, 169, '2021'),
(1288, 14, 1365, 9, 177, 'PH', 'M', 20, 'CONTRATADO', 'MED.VILESP.14.169.176.MED-502.5.M.PH / 20.', NULL, NULL, '', 'PENDIENTE', 'VILLA ESPERANZA', 133654, 110171, 169, '2021'),
(1289, 14, 5719, 4, 74, 'B', 'M', 10, 'CONTRATADO', 'MED.VILESP.82.169.176.MED-102.1.M.B / 21.', NULL, NULL, '', 'PENDIENTE', 'VILLA ESPERANZA', 133658, 110173, 169, '2021'),
(1290, 14, 1364, 104, 2313, 'PH', 'M', 20, 'CONTRATADO', 'MED.VILESP.14.169.176.MED-502.5.M.PH / 22.', NULL, NULL, '', 'PENDIENTE', 'VILLA ESPERANZA', 133659, 110176, 169, '2021'),
(1291, 14, 1347, 61, 1271, 'PH', 'M', 20, 'CONTRATADO', 'MED.VILESP.14.169.176.MED-400 .4.M.PH / 23.', NULL, NULL, '', 'PENDIENTE', 'VILLA ESPERANZA', 133660, 110177, 169, '2021'),
(1292, 14, 1344, 24, 328, 'PH', 'M', 20, 'CONTRATADO', 'MED.VILESP.14.169.176.MED-301-03.3.M.PH / 25.', NULL, NULL, '', 'PENDIENTE', 'VILLA ESPERANZA', 133661, 110178, 169, '2021'),
(1293, 14, 831, 51, 736, 'PH', 'M', 20, 'CONTRATADO', 'MED.VILESP.14.169.176.MED - 402.4.M.PH / 27.', NULL, NULL, '', 'PENDIENTE', 'VILLA ESPERANZA', 133663, 110179, 169, '2021'),
(1294, 14, 5717, 38, 488, 'B', 'M', 10, 'CONTRATADO', 'MED.VILESP.82.169.176.MED-101.1.M.B / 28.', NULL, NULL, '', 'PENDIENTE', 'VILLA ESPERANZA', 133664, 110180, 169, '2021'),
(1295, 14, 839, 28, 368, 'A', 'T', 12, 'CONTRATADO', 'MED.VILESP.14.169.176.MED - 504.5.T.A / 30.', NULL, NULL, '', 'PENDIENTE', 'VILLA ESPERANZA', 133672, 110187, 169, '2021'),
(1296, 14, 5719, 83, 1472, 'K', 'T', 10, 'CONTRATADO', 'MED.VILESP.82.169.176.MED-102.1.T.K / 32.', NULL, NULL, '', 'PENDIENTE', 'VILLA ESPERANZA', 133676, 110192, 169, '2021'),
(1297, 14, 5719, 83, 1472, 'A', 'T', 10, 'CONTRATADO', 'MED.VILESP.82.169.176.MED-102.1.T.A / 31.', NULL, NULL, '', 'PENDIENTE', 'VILLA ESPERANZA', 133678, 110196, 169, '2021'),
(1298, 14, 833, 47, 677, 'PH', 'M', 20, 'CONTRATADO', 'MED.VILESP.14.169.176.MED-404.4.M.PH / 33.', NULL, NULL, '', 'PENDIENTE', 'VILLA ESPERANZA', 133681, 110198, 169, '2021'),
(1299, 14, 5718, 45, 630, 'A', 'M', 8, 'CONTRATADO', 'MED.VILESP.82.169.176.MED-103.1.M.A / 34.', NULL, NULL, '', 'PENDIENTE', 'VILLA ESPERANZA', 133684, 110203, 169, '2021'),
(1300, 14, 5716, 161, 5738, 'B', 'T', 20, 'CONTRATADO', 'MED.VILESP.82.169.176.MED-100.1.T.B / 35.', NULL, NULL, '', 'PENDIENTE', 'VILLA ESPERANZA', 133686, 110206, 169, '2021'),
(1301, 14, 1342, 46, 641, 'PH', 'M', 20, 'CONTRATADO', 'MED.VILESP.14.169.176.MED-301-01.3.M.PH / 37.', NULL, NULL, '', 'PENDIENTE', 'VILLA ESPERANZA', 133689, 110210, 169, '2021'),
(1302, 14, 5719, 35, 475, 'F', 'T', 10, 'CONTRATADO', 'MED.VILESP.82.169.176.MED-102.1.T.F / 41.', NULL, NULL, '', 'PENDIENTE', 'VILLA ESPERANZA', 133694, 110216, 169, '2021'),
(1303, 14, 5719, 35, 475, 'D', 'T', 10, 'CONTRATADO', 'MED.VILESP.82.169.176.MED-102.1.T.D / 40.', NULL, NULL, '', 'PENDIENTE', 'VILLA ESPERANZA', 133698, 110219, 169, '2021'),
(1304, 14, 824, 63, 1276, 'C', 'M', 12, 'CONTRATADO', 'MED.VILESP.14.169.176.MED - 302.3.M.C / 43.', NULL, NULL, '', 'PENDIENTE', 'VILLA ESPERANZA', 133700, 110222, 169, '2021'),
(1305, 14, 1342, 27, 359, 'PH', 'M', 20, 'CONTRATADO', 'MED.VILESP.14.169.176.MED-301-01.3.M.PH / 44.', NULL, NULL, '', 'PENDIENTE', 'VILLA ESPERANZA', 133701, 110223, 169, '2021'),
(1306, 14, 1359, 44, 629, 'PH', 'M', 20, 'CONTRATADO', 'MED.VILESP.14.169.176.MED-501.5.M.PH / 45.', NULL, NULL, '', 'PENDIENTE', 'VILLA ESPERANZA', 133703, 110224, 169, '2021'),
(1307, 14, 823, 13, 227, 'F', 'T', 12, 'CONTRATADO', 'MED.VILESP.14.169.176.MED-300.3.T.F / 46.', NULL, NULL, '', 'PENDIENTE', 'VILLA ESPERANZA', 133706, 110226, 169, '2021'),
(1308, 14, 5716, 58, 1251, 'K', 'N', 20, 'CONTRATADO', 'MED.VILESP.82.169.176.MED-100.1.N.K / 47.', NULL, NULL, '', 'PENDIENTE', 'VILLA ESPERANZA', 133709, 110228, 169, '2021'),
(1309, 14, 1347, 79, 1396, 'PH', 'M', 20, 'CONTRATADO', 'MED.VILESP.14.169.176.MED-400 .4.M.PH / 50.', NULL, NULL, '', 'PENDIENTE', 'VILLA ESPERANZA', 133711, 110231, 169, '2021'),
(1310, 14, 824, 56, 800, 'D', 'M', 12, 'CONTRATADO', 'MED.VILESP.14.169.176.MED - 302.3.M.D / 38.', NULL, NULL, '', 'PENDIENTE', 'VILLA ESPERANZA', 133713, 110233, 169, '2021'),
(1311, 14, 1349, 260, 84698, 'PH', 'M', 20, 'CONTRATADO', 'MED.VILESP.14.169.176.MED-400 .4.M.PH / 52.', NULL, NULL, '', 'PENDIENTE', 'VILLA ESPERANZA', 133716, 110237, 169, '2021'),
(1312, 14, 5717, 16, 232, 'A', 'M', 10, 'CONTRATADO', 'MED.VILESP.82.169.176.MED-101.1.M.A / 54.', NULL, NULL, '', 'PENDIENTE', 'VILLA ESPERANZA', 133720, 110242, 169, '2021'),
(1313, 14, 5717, 16, 232, 'F', 'T', 10, 'CONTRATADO', 'MED.VILESP.82.169.176.MED-101.1.T.F / 53.', NULL, 80, 'examen3_sergioGarciaMamani.pdf', 'PENDIENTE', 'VILLA ESPERANZA', 133721, 110247, 169, '2021'),
(1314, 14, 5717, 34, 472, 'K', 'M', 10, 'CONTRATADO', 'MED.VILESP.82.169.176.MED-101.1.M.K / 56.', NULL, NULL, '', 'PENDIENTE', 'VILLA ESPERANZA', 133725, 110256, 169, '2021'),
(1315, 14, 827, 69, 1284, 'PH', 'M', 10, 'CONTRATADO', 'MED.VILESP.14.169.176.MED-304.3.M.PH / 57.', NULL, NULL, '', 'PENDIENTE', 'VILLA ESPERANZA', 133726, 110258, 169, '2021'),
(1316, 14, 825, 249, 75075, 'B', 'M', 12, 'CONTRATADO', 'MED.VILESP.14.169.176.MED - 303.3.M.B / 58.', NULL, NULL, '', 'PENDIENTE', 'VILLA ESPERANZA', 133728, 110259, 169, '2021'),
(1317, 14, 1356, 211, 51270, 'PH', 'M', 20, 'CONTRATADO', 'MED.VILESP.14.169.176.MED-500.5.M.PH / 60.', NULL, NULL, '', 'PENDIENTE', 'VILLA ESPERANZA', 133729, 110260, 169, '2021'),
(1318, 14, 5717, 172, 35254, 'C', 'T', 10, 'CONTRATADO', 'MED.VILESP.82.169.176.MED-101.1.T.C / 59.', NULL, NULL, '', 'PENDIENTE', 'VILLA ESPERANZA', 133732, 110264, 169, '2021'),
(1319, 14, 823, 86, 1550, 'A', 'M', 12, 'CONTRATADO', 'MED.VILESP.14.169.176.MED-300.3.M.A / 62.', NULL, NULL, '', 'PENDIENTE', 'VILLA ESPERANZA', 133735, 110271, 169, '2021'),
(1320, 14, 825, 20, 268, 'G', 'M', 12, 'CONTRATADO', 'MED.VILESP.14.169.176.MED - 303.3.M.G / 65.', NULL, NULL, '', 'PENDIENTE', 'VILLA ESPERANZA', 133738, 110274, 169, '2021'),
(1321, 14, 1357, 241, 71988, 'PH', 'M', 20, 'CONTRATADO', 'MED.VILESP.14.169.176.MED-500.5.M.PH / 66.', NULL, NULL, '', 'PENDIENTE', 'VILLA ESPERANZA', 133741, 110278, 169, '2021'),
(1322, 14, 5716, 10, 187, 'A', 'M', 20, 'CONTRATADO', 'MED.VILESP.82.169.176.MED-100.1.M.A / 67.', 'MANUAL_TECNICO_garmaser-e6feb.pdf', 52, 'MANUAL_TECNICO_garmaser-895ad.pdf', 'PENDIENTE', 'VILLA ESPERANZA', 133742, 110282, 169, '2021'),
(1323, 14, 834, 2, 46, 'A', 'T', 12, 'CONTRATADO', 'MED.VILESP.14.169.176.MED-405.4.T.A / 68.', NULL, NULL, '', 'PENDIENTE', 'VILLA ESPERANZA', 133743, 110284, 169, '2021'),
(1324, 14, 5716, 26, 351, 'C', 'M', 20, 'CONTRATADO', 'MED.VILESP.82.169.176.MED-100.1.M.C / 69.', NULL, NULL, '', 'PENDIENTE', 'VILLA ESPERANZA', 133744, 110073, 169, '2021'),
(1325, 14, 825, 90, 1706, 'F', 'T', 12, 'CONTRATADO', 'MED.VILESP.14.169.176.MED - 303.3.T.F / 70.', NULL, NULL, '', 'PENDIENTE', 'VILLA ESPERANZA', 133745, 110289, 169, '2021'),
(1326, 14, 5716, 135, 4380, 'O', 'M', 20, 'INVITADO', 'MED.VILESP.82.169.176.MED-100.1.M.O / 6.', NULL, NULL, '', 'PENDIENTE', 'VILLA ESPERANZA', 133746, 110285, 169, '2021'),
(1327, 14, 5716, 5, 115, 'F', 'M', 20, 'INVITADO', 'MED.VILESP.82.169.176.MED-100.1.M.F / 3.', NULL, 34, 'MANUAL_TECNICO_garmaser-1073d.pdf', 'PENDIENTE', 'VILLA ESPERANZA', 133747, 110297, 169, '2021'),
(1328, 14, 5719, 134, 4368, 'E', 'M', 8, 'INVITADO', 'MED.VILESP.82.169.176.MED-102.1.M.E / 5.', NULL, NULL, '', 'PENDIENTE', 'VILLA ESPERANZA', 133748, 110301, 169, '2021'),
(1329, 14, 1342, 232, 65954, 'PH', 'M', 20, 'INVITADO', 'MED.VILESP.14.169.176.MED-301-01.3.M.PH / 2.', NULL, NULL, '', 'PENDIENTE', 'VILLA ESPERANZA', 133753, 110315, 169, '2021'),
(1330, 14, 5716, 164, 29606, 'H', 'T', 20, 'INVITADO', 'MED.VILESP.82.169.176.MED-100.1.T.H / 1.', NULL, NULL, '', 'PENDIENTE', 'VILLA ESPERANZA', 133759, 110321, 169, '2021'),
(1331, 14, 1360, 209, 49718, 'PH', 'M', 20, 'CONTRATADO', 'MED.VILESP.14.169.176.MED-501.5.M.PH / 16.', NULL, NULL, '', 'PENDIENTE', 'VILLA ESPERANZA', 133764, 110169, 169, '2021'),
(1332, 14, 824, 8, 169, 'F', 'T', 12, 'CONTRATADO', 'MED.VILESP.14.169.176.MED - 302.3.T.F / 19.', 'Comprobante-4.pdf', NULL, '', 'PENDIENTE', 'VILLA ESPERANZA', 133871, 110336, 169, '2021'),
(1333, 14, 838, 217, 53081, 'PH', 'M', 20, 'CONTRATADO', 'MED.VILESP.14.169.176.MED - 503.5.M.PH / 29.', NULL, NULL, '', 'PENDIENTE', 'VILLA ESPERANZA', 134017, 110182, 169, '2021'),
(1334, 14, 5719, 134, 4368, 'I', 'N', 8, 'INVITADO', 'MED.VILESP.82.169.176.MED-102.1.N.I / 4.', NULL, NULL, '', 'PENDIENTE', 'VILLA ESPERANZA', 134215, 110311, 169, '2021'),
(1335, 14, 6106, 114, 3299, 'B', 'T', 10, 'CONTRATADO', 'MED.VILESP.82.169.176.MED-203.2.T.B / 3.', NULL, NULL, '', 'PENDIENTE', 'VILLA ESPERANZA', 134494, 110353, 169, '2021'),
(1336, 14, 6108, 41, 574, 'A', 'M', 10, 'CONTRATADO', 'MED.VILESP.82.169.176.MED-204.2.M.A / 4.', NULL, NULL, '', 'PENDIENTE', 'VILLA ESPERANZA', 134505, 111025, 169, '2021'),
(1337, 14, 6107, 60, 1268, 'E', 'M', 10, 'CONTRATADO', 'MED.VILESP.82.169.176.MED-201.2.M.E / 5.', NULL, NULL, '', 'PENDIENTE', 'VILLA ESPERANZA', 134506, 111026, 169, '2021'),
(1338, 14, 819, 77, 1379, 'D', 'M', 10, 'CONTRATADO', 'MED.VILESP.14.169.176.MED - 202.2.M.D / 6.', NULL, NULL, '', 'PENDIENTE', 'VILLA ESPERANZA', 134507, 111027, 169, '2021'),
(1339, 14, 6107, 50, 729, 'A', 'T', 10, 'CONTRATADO', 'MED.VILESP.82.169.176.MED-201.2.T.A / 8.', NULL, NULL, '', 'PENDIENTE', 'VILLA ESPERANZA', 134508, 111028, 169, '2021'),
(1340, 14, 6104, 97, 1764, 'F', 'M', 14, 'CONTRATADO', 'MED.VILESP.82.169.176.MED-200.2.M.F / 17.', NULL, NULL, '', 'PENDIENTE', 'VILLA ESPERANZA', 134509, 111029, 169, '2021'),
(1341, 14, 6107, 37, 485, 'C', 'M', 10, 'CONTRATADO', 'MED.VILESP.82.169.176.MED-201.2.M.C / 18.', NULL, NULL, '', 'PENDIENTE', 'VILLA ESPERANZA', 134510, 111030, 169, '2021'),
(1342, 14, 819, 78, 1383, 'E', 'T', 10, 'CONTRATADO', 'MED.VILESP.14.169.176.MED - 202.2.T.E / 24.', NULL, NULL, '', 'PENDIENTE', 'VILLA ESPERANZA', 134511, 111031, 169, '2021'),
(1343, 14, 6106, 70, 1290, 'A', 'T', 10, 'CONTRATADO', 'MED.VILESP.82.169.176.MED-203.2.T.A / 26.', NULL, NULL, '', 'PENDIENTE', 'VILLA ESPERANZA', 134513, 111032, 169, '2021'),
(1344, 14, 6107, 15, 229, 'G', 'T', 10, 'CONTRATADO', 'MED.VILESP.82.169.176.MED-201.2.T.G / 36.', NULL, NULL, '', 'PENDIENTE', 'VILLA ESPERANZA', 134514, 111033, 169, '2021'),
(1345, 14, 6106, 22, 309, 'F', 'M', 10, 'CONTRATADO', 'MED.VILESP.82.169.176.MED-203.2.M.F / 39.', NULL, NULL, '', 'PENDIENTE', 'VILLA ESPERANZA', 134515, 111034, 169, '2021'),
(1346, 14, 819, 63, 1276, 'C', 'M', 10, 'CONTRATADO', 'MED.VILESP.14.169.176.MED - 202.2.M.C / 42.', NULL, NULL, '', 'PENDIENTE', 'VILLA ESPERANZA', 134516, 111035, 169, '2021'),
(1347, 14, 819, 43, 590, 'B', 'T', 10, 'CONTRATADO', 'MED.VILESP.14.169.176.MED - 202.2.T.B / 49.', NULL, NULL, '', 'PENDIENTE', 'VILLA ESPERANZA', 134517, 111036, 169, '2021'),
(1348, 14, 819, 43, 590, 'A', 'T', 10, 'CONTRATADO', 'MED.VILESP.14.169.176.MED - 202.2.T.A / 48.', NULL, NULL, '', 'PENDIENTE', 'VILLA ESPERANZA', 134518, 111037, 169, '2021'),
(1349, 14, 6108, 68, 1282, 'C', 'M', 10, 'CONTRATADO', 'MED.VILESP.82.169.176.MED-204.2.M.C / 51.', NULL, NULL, '', 'PENDIENTE', 'VILLA ESPERANZA', 134520, 111039, 169, '2021'),
(1350, 14, 6104, 86, 1550, 'C', 'M', 14, 'CONTRATADO', 'MED.VILESP.82.169.176.MED-200.2.M.C / 61.', NULL, NULL, '', 'PENDIENTE', 'VILLA ESPERANZA', 134522, 111040, 169, '2021'),
(1351, 14, 6104, 166, 31552, 'H', 'T', 14, 'CONTRATADO', 'MED.VILESP.82.169.176.MED-200.2.T.H / 55.', NULL, NULL, '', 'PENDIENTE', 'VILLA ESPERANZA', 134525, 111043, 169, '2021'),
(1352, 14, 6107, 130, 4107, 'D', 'T', 10, 'CONTRATADO', 'MED.VILESP.82.169.176.MED-201.2.T.D / 63.', NULL, NULL, '', 'PENDIENTE', 'VILLA ESPERANZA', 134526, 111044, 169, '2021'),
(1353, 14, 6104, 48, 681, 'A', 'T', 14, 'CONTRATADO', 'MED.VILESP.82.169.176.MED-200.2.T.A / 64.', NULL, NULL, '', 'PENDIENTE', 'VILLA ESPERANZA', 134528, 111045, 169, '2021'),
(1354, 14, 6106, 114, 3299, 'C', 'T', 15, 'INVITADO', 'MED.VILESP.82.169.176.MED-203.2.T.C / 8.', NULL, NULL, '', 'PENDIENTE', 'VILLA ESPERANZA', 135674, 111901, 169, '2021'),
(1355, 14, 6107, 60, 1268, 'B', 'T', 10, 'INVITADO', 'MED.VILESP.82.169.176.MED-201.2.T.B / 11.', NULL, NULL, '', 'PENDIENTE', 'VILLA ESPERANZA', 135675, 111902, 169, '2021'),
(1356, 14, 6104, 198, 44407, 'D', 'T', 18, 'INVITADO', 'MED.VILESP.82.169.176.MED-200.2.T.D / 44.', NULL, NULL, '', 'PENDIENTE', 'VILLA ESPERANZA', 135710, 111910, 169, '2021'),
(1357, 14, 6104, 97, 1764, 'G', 'M', 18, 'INVITADO', 'MED.VILESP.82.169.176.MED-200.2.M.G / 20.', NULL, NULL, '', 'PENDIENTE', 'VILLA ESPERANZA', 135711, 111913, 169, '2021'),
(1358, 14, 6105, 158, 5166, 'F', 'M', 10, 'INVITADO', 'MED.VILESP.82.169.176.MED-202.2.M.F / 29.', NULL, NULL, '', 'PENDIENTE', 'VILLA ESPERANZA', 135712, 111914, 169, '2021'),
(1359, 14, 819, 255, 84018, 'G', 'M', 10, 'INVITADO', 'MED.VILESP.14.169.176.MED - 202.2.M.G / 25.', NULL, NULL, '', 'PENDIENTE', 'VILLA ESPERANZA', 135713, 111915, 169, '2021'),
(1360, 14, 819, 63, 1276, 'H', 'T', 15, 'INVITADO', 'MED.VILESP.14.169.176.MED - 202.2.T.H / 55.', NULL, NULL, '', 'PENDIENTE', 'VILLA ESPERANZA', 135716, 111918, 169, '2021'),
(1361, 14, 6106, 133, 4365, 'D', 'T', 15, 'INVITADO', 'MED.VILESP.82.169.176.MED-203.2.T.D / 23.', NULL, NULL, '', 'PENDIENTE', 'VILLA ESPERANZA', 135718, 111921, 169, '2021'),
(1362, 14, 6106, 22, 309, 'G', 'M', 10, 'INVITADO', 'MED.VILESP.82.169.176.MED-203.2.M.G / 49.', NULL, NULL, '', 'PENDIENTE', 'VILLA ESPERANZA', 135720, 111923, 169, '2021'),
(1363, 14, 6106, 186, 38695, 'H', 'T', 10, 'INVITADO', 'MED.VILESP.82.169.176.MED-203.2.T.H / 28.', NULL, NULL, '', 'PENDIENTE', 'VILLA ESPERANZA', 135722, 111925, 169, '2021'),
(1364, 14, 6108, 68, 1282, 'D', 'T', 10, 'INVITADO', 'MED.VILESP.82.169.176.MED-204.2.T.D / 69.', NULL, NULL, '', 'PENDIENTE', 'VILLA ESPERANZA', 135727, 111929, 169, '2021'),
(1365, 14, 6104, 160, 5737, 'B', 'T', 17, 'INVITADO', 'MED.VILESP.82.169.176.MED-200.2.T.B / 36.', NULL, NULL, '', 'PENDIENTE', 'VILLA ESPERANZA', 135730, 111933, 169, '2021'),
(1366, 14, 1342, 131, 4363, 'PH', 'T', 25, 'INVITADO', 'MED.VILESP.14.169.176.MED-301-01.3.T.PH / 53.', NULL, NULL, '', 'PENDIENTE', 'VILLA ESPERANZA', 135732, 111935, 169, '2021'),
(1367, 14, 1342, 262, 84796, 'PH', 'T', 25, 'INVITADO', 'MED.VILESP.14.169.176.MED-301-01.3.T.PH / 38.', NULL, NULL, '', 'PENDIENTE', 'VILLA ESPERANZA', 135734, 111937, 169, '2021'),
(1368, 14, 1342, 170, 35252, 'PH', 'M', 25, 'INVITADO', 'MED.VILESP.14.169.176.MED-301-01.3.M.PH / 76.', NULL, NULL, '', 'PENDIENTE', 'VILLA ESPERANZA', 135735, 111939, 169, '2021'),
(1369, 14, 1342, 200, 46370, 'PH', 'M', 20, 'INVITADO', 'MED.VILESP.14.169.176.MED-301-01.3.M.PH / 45.', NULL, NULL, '', 'PENDIENTE', 'VILLA ESPERANZA', 135736, 111940, 169, '2021'),
(1370, 14, 1342, 253, 78669, 'PH', 'M', 25, 'INVITADO', 'MED.VILESP.14.169.176.MED-301-01.3.M.PH / 71.', NULL, NULL, '', 'PENDIENTE', 'VILLA ESPERANZA', 135737, 111941, 169, '2021'),
(1371, 14, 1342, 220, 54780, 'PH', 'T', 20, 'INVITADO', 'MED.VILESP.14.169.176.MED-301-01.3.T.PH / 60.', NULL, NULL, '', 'PENDIENTE', 'VILLA ESPERANZA', 135738, 111942, 169, '2021'),
(1372, 14, 1343, 192, 40101, 'PH', 'T', 25, 'INVITADO', 'MED.VILESP.14.169.176.MED-301-02.3.T.PH / 16.', NULL, NULL, '', 'PENDIENTE', 'VILLA ESPERANZA', 135739, 111943, 169, '2021'),
(1373, 14, 1344, 130, 4107, 'PH', 'M', 25, 'INVITADO', 'MED.VILESP.14.169.176.MED-301-03.3.M.PH / 77.', NULL, NULL, '', 'PENDIENTE', 'VILLA ESPERANZA', 135740, 111944, 169, '2021'),
(1374, 14, 824, 206, 48236, 'A', 'M', 12, 'INVITADO', 'MED.VILESP.14.169.176.MED - 302.3.M.A / 75.', NULL, NULL, '', 'PENDIENTE', 'VILLA ESPERANZA', 135741, 111945, 169, '2021'),
(1375, 14, 825, 95, 1760, 'C', 'M', 12, 'INVITADO', 'MED.VILESP.14.169.176.MED - 303.3.M.C / 22.', NULL, NULL, '', 'PENDIENTE', 'VILLA ESPERANZA', 135742, 111946, 169, '2021'),
(1376, 14, 825, 148, 4486, 'D', 'T', 12, 'INVITADO', 'MED.VILESP.14.169.176.MED - 303.3.T.D / 31.', NULL, NULL, '', 'PENDIENTE', 'VILLA ESPERANZA', 135743, 111947, 169, '2021'),
(1377, 14, 828, 215, 53060, 'B', 'T', 10, 'INVITADO', 'MED.VILESP.14.169.176.MED - 305.3.T.B / 48.', NULL, NULL, '', 'PENDIENTE', 'VILLA ESPERANZA', 135744, 111948, 169, '2021'),
(1378, 14, 1345, 265, 85374, 'PH', 'M', 22, 'INVITADO', 'MED.VILESP.14.169.176.MED-400 .4.M.PH / 41.', NULL, NULL, '', 'PENDIENTE', 'VILLA ESPERANZA', 135745, 111949, 169, '2021'),
(1379, 14, 1348, 88, 1704, 'PH', 'M', 22, 'INVITADO', 'MED.VILESP.14.169.176.MED-400 .4.M.PH / 62.', NULL, NULL, '', 'PENDIENTE', 'VILLA ESPERANZA', 135747, 111951, 169, '2021'),
(1380, 14, 1349, 62, 1275, 'PH', 'M', 23, 'INVITADO', 'MED.VILESP.14.169.176.MED-400 .4.M.PH / 46.', NULL, NULL, '', 'PENDIENTE', 'VILLA ESPERANZA', 135748, 111952, 169, '2021'),
(1381, 14, 1353, 118, 3306, 'PH', 'M', 22, 'INVITADO', 'MED.VILESP.14.169.176.MED-401 .4.M.PH / 67.', NULL, NULL, '', 'PENDIENTE', 'VILLA ESPERANZA', 135749, 111953, 169, '2021'),
(1382, 14, 1354, 234, 66892, 'PH', 'M', 22, 'INVITADO', 'MED.VILESP.14.169.176.MED-401 .4.M.PH / 57.', NULL, NULL, '', 'PENDIENTE', 'VILLA ESPERANZA', 135750, 111954, 169, '2021'),
(1383, 14, 831, 188, 39931, 'PH', 'M', 22, 'INVITADO', 'MED.VILESP.14.169.176.MED - 402.4.M.PH / 72.', NULL, NULL, '', 'PENDIENTE', 'VILLA ESPERANZA', 135752, 111957, 169, '2021'),
(1384, 14, 832, 141, 4392, 'PH', 'M', 22, 'INVITADO', 'MED.VILESP.14.169.176.MED - 403.4.M.PH / 52.', NULL, NULL, '', 'PENDIENTE', 'VILLA ESPERANZA', 135753, 111958, 169, '2021'),
(1385, 14, 834, 98, 1783, 'B', 'T', 18, 'INVITADO', 'MED.VILESP.14.169.176.MED-405.4.T.B / 84.', NULL, NULL, '', 'PENDIENTE', 'VILLA ESPERANZA', 135754, 111959, 169, '2021'),
(1386, 14, 1355, 80, 1456, 'PH', 'M', 22, 'INVITADO', 'MED.VILESP.14.169.176.MED-500.5.M.PH / 12.', NULL, NULL, '', 'PENDIENTE', 'VILLA ESPERANZA', 135755, 111960, 169, '2021'),
(1387, 14, 1355, 205, 46885, 'PH', 'M', 22, 'INVITADO', 'MED.VILESP.14.169.176.MED-500.5.M.PH / 18.', NULL, NULL, '', 'PENDIENTE', 'VILLA ESPERANZA', 135758, 111961, 169, '2021'),
(1388, 14, 1357, 271, 96184, 'PH', 'M', 22, 'INVITADO', 'MED.VILESP.14.169.176.MED-500.5.M.PH / 19.', NULL, NULL, '', 'PENDIENTE', 'VILLA ESPERANZA', 135759, 111962, 169, '2021'),
(1389, 14, 1359, 266, 90354, 'PH', 'M', 22, 'INVITADO', 'MED.VILESP.14.169.176.MED-501.5.M.PH / 34.', NULL, NULL, '', 'PENDIENTE', 'VILLA ESPERANZA', 135760, 111963, 169, '2021'),
(1390, 14, 1359, 189, 39937, 'PH', 'M', 22, 'INVITADO', 'MED.VILESP.14.169.176.MED-501.5.M.PH / 54.', NULL, NULL, '', 'PENDIENTE', 'VILLA ESPERANZA', 135761, 111964, 169, '2021'),
(1391, 14, 1360, 195, 42857, 'PH', 'M', 22, 'INVITADO', 'MED.VILESP.14.169.176.MED-501.5.M.PH / 68.', NULL, NULL, '', 'PENDIENTE', 'VILLA ESPERANZA', 135762, 111965, 169, '2021'),
(1392, 14, 1361, 261, 84709, 'PH', 'M', 22, 'INVITADO', 'MED.VILESP.14.169.176.MED-501.5.M.PH / 37.', NULL, NULL, '', 'PENDIENTE', 'VILLA ESPERANZA', 135764, 111966, 169, '2021'),
(1393, 14, 1362, 281, 103134, 'PH', 'M', 22, 'INVITADO', 'MED.VILESP.14.169.176.MED-501.5.M.PH / 35.', NULL, NULL, '', 'PENDIENTE', 'VILLA ESPERANZA', 135766, 111968, 169, '2021'),
(1394, 14, 1363, 214, 53015, 'PH', 'M', 22, 'INVITADO', 'MED.VILESP.14.169.176.MED-501.5.M.PH / 58.', NULL, NULL, '', 'PENDIENTE', 'VILLA ESPERANZA', 135767, 111969, 169, '2021'),
(1395, 14, 1363, 247, 74362, 'PH', 'M', 22, 'INVITADO', 'MED.VILESP.14.169.176.MED-501.5.M.PH / 7.', NULL, NULL, '', 'PENDIENTE', 'VILLA ESPERANZA', 135768, 111971, 169, '2021'),
(1396, 14, 1364, 140, 4391, 'PH', 'M', 22, 'INVITADO', 'MED.VILESP.14.169.176.MED-502.5.M.PH / 63.', NULL, NULL, '', 'PENDIENTE', 'VILLA ESPERANZA', 135769, 111972, 169, '2021'),
(1397, 14, 1364, 237, 70399, 'PH', 'M', 22, 'INVITADO', 'MED.VILESP.14.169.176.MED-502.5.M.PH / 81.', NULL, NULL, '', 'PENDIENTE', 'VILLA ESPERANZA', 135770, 111973, 169, '2021'),
(1398, 14, 1365, 71, 1291, 'PH', 'M', 22, 'INVITADO', 'MED.VILESP.14.169.176.MED-502.5.M.PH / 33.', NULL, NULL, '', 'PENDIENTE', 'VILLA ESPERANZA', 135771, 111974, 169, '2021'),
(1399, 14, 1365, 142, 4396, 'PH', 'M', 22, 'INVITADO', 'MED.VILESP.14.169.176.MED-502.5.M.PH / 80.', NULL, NULL, '', 'PENDIENTE', 'VILLA ESPERANZA', 135772, 111975, 169, '2021'),
(1400, 14, 838, 248, 75068, 'PH', 'M', 22, 'INVITADO', 'MED.VILESP.14.169.176.MED - 503.5.M.PH / 66.', NULL, NULL, '', 'PENDIENTE', 'VILLA ESPERANZA', 135773, 111976, 169, '2021'),
(1401, 14, 838, 113, 3298, 'PH', 'M', 22, 'INVITADO', 'MED.VILESP.14.169.176.MED - 503.5.M.PH / 43.', NULL, NULL, '', 'PENDIENTE', 'VILLA ESPERANZA', 135774, 111977, 169, '2021'),
(1402, 14, 840, 275, 100033, 'A', 'M', 15, 'INVITADO', 'MED.VILESP.14.169.176.MED - 505.5.M.A / 65.', NULL, NULL, '', 'PENDIENTE', 'VILLA ESPERANZA', 135775, 111978, 169, '2021'),
(1403, 14, 840, 263, 84797, 'B', 'T', 18, 'INVITADO', 'MED.VILESP.14.169.176.MED - 505.5.T.B / 56.', NULL, NULL, '', 'PENDIENTE', 'VILLA ESPERANZA', 135776, 111979, 169, '2021'),
(1404, 14, 5716, 152, 4633, 'E', 'T', 20, 'INVITADO', 'MED.VILESP.82.169.176.MED-100.1.T.E / 61.', NULL, NULL, '', 'PENDIENTE', 'VILLA ESPERANZA', 136412, 112793, 169, '2021'),
(1405, 14, 5716, 239, 71047, 'L', 'T', 25, 'INVITADO', 'MED.VILESP.82.169.176.MED-100.1.T.L / 13.', NULL, NULL, '', 'PENDIENTE', 'VILLA ESPERANZA', 136414, 112794, 169, '2021'),
(1406, 14, 5716, 161, 5738, 'M', 'M', 25, 'INVITADO', 'MED.VILESP.82.169.176.MED-100.1.M.M / 42.', NULL, NULL, '', 'PENDIENTE', 'VILLA ESPERANZA', 136415, 112795, 169, '2021'),
(1407, 14, 5716, 117, 3303, 'N', 'N', 25, 'INVITADO', 'MED.VILESP.82.169.176.MED-100.1.N.N / 79.', NULL, NULL, '', 'PENDIENTE', 'VILLA ESPERANZA', 136416, 112796, 169, '2021'),
(1408, 14, 5716, 82, 1458, 'P', 'M', 25, 'INVITADO', 'MED.VILESP.82.169.176.MED-100.1.M.P / 32.', NULL, NULL, '', 'PENDIENTE', 'VILLA ESPERANZA', 136417, 112797, 169, '2021'),
(1409, 14, 5717, 125, 3497, 'E', 'M', 10, 'INVITADO', 'MED.VILESP.82.169.176.MED-101.1.M.E / 17.', NULL, NULL, '', 'PENDIENTE', 'VILLA ESPERANZA', 136419, 112799, 169, '2021'),
(1410, 14, 5717, 39, 520, 'G', 'T', 15, 'INVITADO', 'MED.VILESP.82.169.176.MED-101.1.T.G / 64.', NULL, NULL, '', 'PENDIENTE', 'VILLA ESPERANZA', 136422, 112802, 169, '2021'),
(1411, 14, 1350, 21, 277, 'PH', 'M', 22, 'INVITADO', 'MED.VILESP.14.169.176.MED-400 .4.M.PH / 59.', NULL, NULL, '', 'PENDIENTE', 'VILLA ESPERANZA', 136424, 112806, 169, '2021'),
(1412, 14, 5717, 172, 35254, 'J', 'M', 10, 'INVITADO', 'MED.VILESP.82.169.176.MED-101.1.M.J / 74.', NULL, NULL, '', 'PENDIENTE', 'VILLA ESPERANZA', 136425, 112805, 169, '2021'),
(1413, 14, 5717, 38, 488, 'L', 'M', 15, 'INVITADO', 'MED.VILESP.82.169.176.MED-101.1.M.L / 39.', NULL, NULL, '', 'PENDIENTE', 'VILLA ESPERANZA', 136426, 112807, 169, '2021'),
(1414, 14, 5719, 4, 74, 'G', 'M', 15, 'INVITADO', 'MED.VILESP.82.169.176.MED-102.1.M.G / 24.', NULL, NULL, '', 'PENDIENTE', 'VILLA ESPERANZA', 136427, 112808, 169, '2021'),
(1415, 14, 5719, 29, 372, 'H', 'M', 6, 'INVITADO', 'MED.VILESP.82.169.176.MED-102.1.M.H / 14.', NULL, NULL, '', 'PENDIENTE', 'VILLA ESPERANZA', 136428, 112809, 169, '2021'),
(1416, 14, 5719, 144, 4414, 'J', 'M', 10, 'INVITADO', 'MED.VILESP.82.169.176.MED-102.1.M.J / 82.', NULL, NULL, '', 'PENDIENTE', 'VILLA ESPERANZA', 136429, 112810, 169, '2021'),
(1417, 14, 5718, 84, 1475, 'B', 'M', 8, 'INVITADO', 'MED.VILESP.82.169.176.MED-103.1.M.B / 15.', NULL, NULL, '', 'PENDIENTE', 'VILLA ESPERANZA', 136430, 112811, 169, '2021'),
(1418, 14, 5718, 45, 630, 'D', 'T', 10, 'INVITADO', 'MED.VILESP.82.169.176.MED-103.1.T.D / 40.', NULL, NULL, '', 'PENDIENTE', 'VILLA ESPERANZA', 136432, 112813, 169, '2021'),
(1419, 14, 5718, 129, 3868, 'E', 'T', 8, 'INVITADO', 'MED.VILESP.82.169.176.MED-103.1.T.E / 21.', NULL, NULL, '', 'PENDIENTE', 'VILLA ESPERANZA', 136434, 112814, 169, '2021'),
(1420, 14, 5718, 199, 45552, 'G', 'T', 12, 'INVITADO', 'MED.VILESP.82.169.176.MED-103.1.T.G / 70.', NULL, NULL, '', 'PENDIENTE', 'VILLA ESPERANZA', 136436, 112815, 169, '2021'),
(1421, 14, 5725, 141, 4392, 'A', 'M', 15, 'INVITADO', 'MED.VILESP.82.169.176.MED-104.1.M.A / 50.', NULL, NULL, '', 'PENDIENTE', 'VILLA ESPERANZA', 136437, 112816, 169, '2021'),
(1422, 14, 5725, 78, 1383, 'B', 'M', 10, 'INVITADO', 'MED.VILESP.82.169.176.MED-104.1.M.B / 27.', NULL, NULL, '', 'PENDIENTE', 'VILLA ESPERANZA', 136438, 112817, 169, '2021'),
(1423, 14, 5725, 141, 4392, 'C', 'N', 10, 'INVITADO', 'MED.VILESP.82.169.176.MED-104.1.N.C / 51.', NULL, NULL, '', 'PENDIENTE', 'VILLA ESPERANZA', 136439, 112818, 169, '2021'),
(1424, 14, 5726, 277, 102451, 'A', 'M', 20, 'INVITADO', 'MED.VILESP.82.169.176.MED-105.1.M.A / 85.', NULL, NULL, '', 'PENDIENTE', 'VILLA ESPERANZA', 136440, 112819, 169, '2021'),
(1425, 14, 5726, 158, 5166, 'C', 'M', 25, 'INVITADO', 'MED.VILESP.82.169.176.MED-105.1.M.C / 30.', NULL, NULL, '', 'PENDIENTE', 'VILLA ESPERANZA', 136441, 112820, 169, '2021'),
(1426, 14, 5726, 277, 102451, 'D', 'M', 20, 'INVITADO', 'MED.VILESP.82.169.176.MED-105.1.M.D / 83.', NULL, NULL, '', 'PENDIENTE', 'VILLA ESPERANZA', 136443, 112822, 169, '2021'),
(1427, 14, 5717, 115, 3301, 'H', 'M', 13, 'INVITADO', 'MED.VILESP.82.169.176.MED-101.1.M.H / 10.', NULL, NULL, '', 'PENDIENTE', 'VILLA ESPERANZA', 136444, 112823, 169, '2021'),
(1428, 14, 5717, 115, 3301, 'I', 'M', 12, 'INVITADO', 'MED.VILESP.82.169.176.MED-101.1.M.I / 9.', NULL, NULL, '', 'PENDIENTE', 'VILLA ESPERANZA', 136445, 112824, 169, '2021'),
(1429, 14, 1345, 278, 102499, 'PH', 'M', 22, 'INVITADO', 'MED.VILESP.14.169.176.MED-400 .4.M.PH / 78.', NULL, NULL, '', 'PENDIENTE', 'VILLA ESPERANZA', 136484, 111950, 169, '2021'),
(1430, 14, 1354, 151, 4510, 'PH', 'M', 22, 'INVITADO', 'MED.VILESP.14.169.176.MED-401 .4.M.PH / 73.', NULL, NULL, '', 'PENDIENTE', 'VILLA ESPERANZA', 136489, 111955, 169, '2021'),
(1431, 14, 2549, 255, 84018, 'A', 'M', 23, 'INVITADO', 'MED.VILESP.14.169.176.MED-600.6.M.A / 26.', NULL, NULL, '', 'PENDIENTE', 'VILLA ESPERANZA', 136491, 112872, 169, '2021'),
(1432, 14, 1351, 257, 84159, 'PH', 'M', 22, 'INVITADO', 'MED.VILESP.14.169.176.MED-400 .4.M.PH / 47.', NULL, NULL, '', 'PENDIENTE', 'VILLA ESPERANZA', 136496, 112877, 169, '2021'),
(1433, 14, 1350, 102, 2229, 'PH', 'M', 22, 'INVITADO', 'MED.VILESP.14.169.176.MED-400 .4.M.PH / 87.', NULL, NULL, '', 'PENDIENTE', 'VILLA ESPERANZA', 136931, 113434, 169, '2021'),
(1434, 14, 1361, 264, 84819, 'PH', 'M', 22, 'INVITADO', 'MED.VILESP.14.169.176.MED-501.5.M.PH / 86.', NULL, NULL, '', 'PENDIENTE', 'VILLA ESPERANZA', 136942, 113442, 169, '2021'),
(1435, 15, 2507, 254, 81982, 'A', 'M', 40, 'INVESTIGADOR', 'MED.INSDEINV.14.174.176.INV.11.M.A / 1.', NULL, NULL, '', 'PENDIENTE', 'INSTITUTO DE  INVESTIGACIÓN', 139063, 114934, 174, '2021 INVESTIGACIÓN'),
(1436, 15, 2507, 186, 38695, 'B', 'T', 40, 'INVESTIGADOR', 'MED.INSDEINV.14.174.176.INV.11.T.B / 2.', NULL, NULL, '', 'PENDIENTE', 'INSTITUTO DE  INVESTIGACIÓN', 139187, 115024, 174, '2021 INVESTIGACIÓN'),
(1437, 14, 5718, 56, 800, 'F', 'N', 12, 'INVITADO', 'MED.VILESP.82.169.176.MED-103.1.N.F / 106.', NULL, NULL, '', 'PENDIENTE', 'VILLA ESPERANZA', 139201, 115040, 169, '2021'),
(1438, 14, 1358, 216, 53065, 'PH', 'M', 34, 'INVITADO', 'MED.VILESP.14.169.176.MED-500.5.M.PH / 108.', NULL, NULL, '', 'PENDIENTE', 'VILLA ESPERANZA', 139204, 115044, 169, '2021'),
(1439, 14, 1342, 80, 1456, 'PH', 'M', 34, 'INVITADO', 'MED.VILESP.14.169.176.MED-301-01.3.M.PH / 98.', NULL, NULL, '', 'PENDIENTE', 'VILLA ESPERANZA', 139213, 115046, 169, '2021'),
(1440, 14, 6110, 199, 45552, 'C', 'N', 15, 'INVITADO', 'MED.VILESP.82.169.176.MED-206.2.N.C / 107.', NULL, NULL, '', 'PENDIENTE', 'VILLA ESPERANZA', 139230, 115054, 169, '2021'),
(1441, 14, 6110, 129, 3868, 'B', 'T', 15, 'INVITADO', 'MED.VILESP.82.169.176.MED-206.2.T.B / 101.', NULL, NULL, '', 'PENDIENTE', 'VILLA ESPERANZA', 139232, 115055, 169, '2021');
INSERT INTO `asignacion` (`id_asignacion`, `id_gestion`, `id_asignatura`, `id_docente`, `siacop_id_persona`, `paralelo`, `turno`, `horas_asignadas`, `categoria`, `nombramiento`, `nombramiento_archivo_digital`, `evaluacion_nota`, `evaluacion_archivo_digital`, `estado`, `nombre_sede`, `siacop_id_asignacion_docente`, `siacop_id_asignacion`, `siacop_id_gestion`, `siacop_gestion`) VALUES
(1442, 14, 6109, 215, 53060, 'B', 'T', 12, 'INVITADO', 'MED.VILESP.82.169.176.MED-205.2.T.B / 102.', NULL, NULL, '', 'PENDIENTE', 'VILLA ESPERANZA', 139234, 115058, 169, '2021'),
(1443, 14, 6106, 70, 1290, 'E', 'T', 20, 'INVITADO', 'MED.VILESP.82.169.176.MED-203.2.T.E / 104.', NULL, NULL, '', 'PENDIENTE', 'VILLA ESPERANZA', 139256, 115069, 169, '2021'),
(1444, 14, 822, 39, 520, 'B', 'M', 15, 'INVITADO', 'MED.VILESP.14.169.176.MED-204.2.M.B / 103.', NULL, NULL, '', 'PENDIENTE', 'VILLA ESPERANZA', 139257, 115070, 169, '2021'),
(1445, 14, 5725, 172, 35254, 'D', 'T', 20, 'INVITADO', 'MED.VILESP.82.169.176.MED-104.1.T.D / 99.', NULL, NULL, '', 'PENDIENTE', 'VILLA ESPERANZA', 139262, 115073, 169, '2021'),
(1446, 14, 5716, 270, 96173, 'J', 'T', 35, 'INVITADO', 'MED.VILESP.82.169.176.MED-100.1.T.J / 100.', NULL, NULL, '', 'PENDIENTE', 'VILLA ESPERANZA', 139275, 115074, 169, '2021'),
(1447, 14, 5716, 254, 81982, 'D', 'T', 30, 'INVITADO', 'MED.VILESP.82.169.176.MED-100.1.T.D / 89.', NULL, NULL, '', 'PENDIENTE', 'VILLA ESPERANZA', 139360, 115149, 169, '2021'),
(1448, 14, 5726, 127, 3522, 'B', 'T', 35, 'INVITADO', 'MED.VILESP.82.169.176.MED-105.1.T.B / 88.', NULL, NULL, '', 'PENDIENTE', 'VILLA ESPERANZA', 139363, 115150, 169, '2021'),
(1449, 14, 825, 218, 53623, 'E', 'T', 24, 'INVITADO', 'MED.VILESP.14.169.176.MED - 303.3.T.E / 93.', NULL, NULL, '', 'PENDIENTE', 'VILLA ESPERANZA', 139418, 115192, 169, '2021'),
(1450, 14, 1342, 165, 30486, 'PH', 'M', 35, 'INVITADO', 'MED.VILESP.14.169.176.MED-301-01.3.M.PH / 94.', NULL, NULL, '', 'PENDIENTE', 'VILLA ESPERANZA', 139425, 115194, 169, '2021'),
(1451, 14, 1342, 207, 49708, 'PH', 'T', 35, 'INVITADO', 'MED.VILESP.14.169.176.MED-301-01.3.T.PH / 95.', NULL, NULL, '', 'PENDIENTE', 'VILLA ESPERANZA', 139435, 115201, 169, '2021'),
(1452, 14, 839, 225, 59345, 'B', 'T', 21, 'INVITADO', 'MED.VILESP.14.169.176.MED - 504.5.T.B / 96.', NULL, NULL, '', 'PENDIENTE', 'VILLA ESPERANZA', 139539, 115287, 169, '2021'),
(1453, 14, 1363, 238, 70911, 'PH', 'M', 34, 'INVITADO', 'MED.VILESP.14.169.176.MED-501.5.M.PH / 97.', NULL, NULL, '', 'PENDIENTE', 'VILLA ESPERANZA', 139540, 115288, 169, '2021'),
(1454, 14, 823, 163, 29592, 'D', 'M', 18, 'INVITADO', 'MED.VILESP.14.169.176.MED-300.3.M.D / 92.', NULL, NULL, '', 'PENDIENTE', 'VILLA ESPERANZA', 139581, 115291, 169, '2021'),
(1455, 14, 827, 93, 1758, 'PH', 'M', 15, 'INVITADO', 'MED.VILESP.14.169.176.MED-304.3.M.PH / 112.', NULL, NULL, '', 'PENDIENTE', 'VILLA ESPERANZA', 139584, 115323, 169, '2021'),
(1456, 14, 827, 65, 1278, 'PH', 'T', 15, 'INVITADO', 'MED.VILESP.14.169.176.MED-304.3.T.PH / 113.', NULL, NULL, '', 'PENDIENTE', 'VILLA ESPERANZA', 139838, 115324, 169, '2021'),
(1457, 14, 827, 288, 149078, 'PH', 'M', 20, 'INVITADO', 'MED.VILESP.14.169.176.MED-304.3.M.PH / 111.', NULL, NULL, '', 'PENDIENTE', 'VILLA ESPERANZA', 139842, 115566, 169, '2021'),
(1458, 14, 6107, 128, 3784, 'F', 'M', 15, 'INVITADO', 'MED.VILESP.82.169.176.MED-201.2.M.F / 91.', NULL, NULL, '', 'PENDIENTE', 'VILLA ESPERANZA', 139844, 115151, 169, '2021'),
(1459, 14, 6111, 212, 52185, 'B', 'T', 32, 'INVITADO', 'MED.VILESP.82.169.176.MED-207.2.T.B / 109.', NULL, NULL, '', 'PENDIENTE', 'VILLA ESPERANZA', 139918, 115630, 169, '2021'),
(1460, 14, 1346, 286, 148259, 'PH', 'T', 32, 'INVITADO', 'MED.VILESP.14.169.176.MED-400 .4.T.PH / 116.', NULL, NULL, '', 'PENDIENTE', 'VILLA ESPERANZA', 139923, 115242, 169, '2021'),
(1461, 14, 1346, 107, 2471, 'PH', 'M', 32, 'INVITADO', 'MED.VILESP.14.169.176.MED-400 .4.M.PH / 114.', NULL, NULL, '', 'PENDIENTE', 'VILLA ESPERANZA', 139934, 115633, 169, '2021'),
(1462, 14, 833, 285, 148258, 'PH', 'M', 32, 'INVITADO', 'MED.VILESP.14.169.176.MED-404.4.M.PH / 117.', NULL, NULL, '', 'PENDIENTE', 'VILLA ESPERANZA', 139938, 115634, 169, '2021'),
(1463, 14, 1355, 224, 57848, 'PH', 'M', 32, 'INVITADO', 'MED.VILESP.14.169.176.MED-500.5.M.PH / 119.', NULL, NULL, '', 'PENDIENTE', 'VILLA ESPERANZA', 139942, 115636, 169, '2021'),
(1464, 14, 1356, 283, 140510, 'PH', 'M', 32, 'INVITADO', 'MED.VILESP.14.169.176.MED-500.5.M.PH / 118.', NULL, NULL, '', 'PENDIENTE', 'VILLA ESPERANZA', 140017, 115637, 169, '2021'),
(1465, 14, 6104, 287, 149025, 'I', 'T', 25, 'INVITADO', 'MED.VILESP.82.169.176.MED-200.2.T.I / 110.', NULL, NULL, '', 'PENDIENTE', 'VILLA ESPERANZA', 140020, 115679, 169, '2021'),
(1466, 14, 6110, 282, 131399, 'A', 'M', 15, 'INVITADO', 'MED.VILESP.82.169.176.MED-206.2.M.A / 90.', NULL, NULL, '', 'PENDIENTE', 'VILLA ESPERANZA', 140044, 115322, 169, '2021'),
(1467, 14, 1351, 280, 103133, 'PH', 'M', 32, 'INVITADO', 'MED.VILESP.14.169.176.MED-400 .4.M.PH / 115.', NULL, NULL, '', 'PENDIENTE', 'VILLA ESPERANZA', 140089, 115802, 169, '2021'),
(1468, 14, 6107, 50, 729, 'H', 'M', 15, 'INVITADO', 'MED.VILESP.82.169.176.MED-201.2.M.H / 105.', NULL, NULL, '', 'PENDIENTE', 'VILLA ESPERANZA', 140098, 115823, 169, '2021'),
(1469, 14, 823, 233, 66789, 'B', 'T', 24, 'INVITADO', 'MED.VILESP.14.169.176.MED-300.3.T.B / 121.', NULL, NULL, '', 'PENDIENTE', 'VILLA ESPERANZA', 141830, 116800, 169, '2021'),
(1470, 14, 1342, 185, 38689, 'PH', 'M', 40, 'INVITADO', 'MED.VILESP.14.169.176.MED-301-01.3.M.PH / 120.', NULL, NULL, '', 'PENDIENTE', 'VILLA ESPERANZA', 141833, 116803, 169, '2021'),
(1471, 14, 824, 246, 73258, 'E', 'M', 24, 'INVITADO', 'MED.VILESP.14.169.176.MED - 302.3.M.E / 122.', NULL, NULL, '', 'PENDIENTE', 'VILLA ESPERANZA', 141849, 116811, 169, '2021'),
(1472, 14, 824, 108, 2483, 'B', 'T', 24, 'INVITADO', 'MED.VILESP.14.169.176.MED - 302.3.T.B / 134.', NULL, NULL, '', 'PENDIENTE', 'VILLA ESPERANZA', 141851, 116813, 169, '2021'),
(1473, 14, 823, 290, 162233, 'E', 'M', 24, 'INVITADO', 'MED.VILESP.14.169.176.MED-300.3.M.E / 124.', NULL, NULL, '', 'PENDIENTE', 'VILLA ESPERANZA', 141854, 116817, 169, '2021'),
(1474, 14, 827, 289, 149342, 'PH', 'T', 20, 'INVITADO', 'MED.VILESP.14.169.176.MED-304.3.T.PH / 135.', NULL, NULL, '', 'PENDIENTE', 'VILLA ESPERANZA', 141857, 116801, 169, '2021'),
(1475, 14, 1353, 76, 1349, 'PH', 'M', 32, 'INVITADO', 'MED.VILESP.14.169.176.MED-401 .4.M.PH / 126.', NULL, NULL, '', 'PENDIENTE', 'VILLA ESPERANZA', 141860, 116820, 169, '2021'),
(1476, 14, 1352, 284, 148254, 'PH', 'M', 32, 'INVITADO', 'MED.VILESP.14.169.176.MED-401 .4.M.PH / 127.', NULL, NULL, '', 'PENDIENTE', 'VILLA ESPERANZA', 141861, 116821, 169, '2021'),
(1477, 14, 1342, 203, 46798, 'PH', 'M', 32, 'INVITADO', 'MED.VILESP.14.169.176.MED-301-01.3.M.PH / 125.', NULL, NULL, '', 'PENDIENTE', 'VILLA ESPERANZA', 141866, 116825, 169, '2021'),
(1478, 14, 6111, 167, 32343, 'A', 'M', 32, 'INVITADO', 'MED.VILESP.82.169.176.MED-207.2.M.A / 129.', NULL, NULL, '', 'PENDIENTE', 'VILLA ESPERANZA', 141918, 116810, 169, '2021'),
(1479, 14, 1352, 187, 38727, 'PH', 'M', 32, 'INVITADO', 'MED.VILESP.14.169.176.MED-401 .4.M.PH / 128.', NULL, NULL, '', 'PENDIENTE', 'VILLA ESPERANZA', 141919, 116844, 169, '2021'),
(1480, 14, 827, 235, 70366, 'PH', 'T', 20, 'INVITADO', 'MED.VILESP.14.169.176.MED-304.3.T.PH / 123.', NULL, NULL, '', 'PENDIENTE', 'VILLA ESPERANZA', 141930, 116857, 169, '2021'),
(1481, 15, 2507, 133, 4365, 'A', 'M', 40, 'INVESTIGADOR', 'MED.INSDEINV.14.174.176.INV.11.M.A / 3.', NULL, NULL, '', 'PENDIENTE', 'INSTITUTO DE  INVESTIGACIÓN', 142006, 116899, 174, '2021 INVESTIGACIÓN'),
(1482, 14, 1348, 95, 1760, 'PH', 'M', 40, 'INVITADO', 'MED.VILESP.14.169.176.MED-400 .4.M.PH / 130.', NULL, NULL, '', 'PENDIENTE', 'VILLA ESPERANZA', 142012, 116915, 169, '2021'),
(1483, 14, 5716, 254, 81982, 'I', 'M', 40, 'INVITADO', 'MED.VILESP.82.169.176.MED-100.1.M.I / 132.', NULL, NULL, '', 'PENDIENTE', 'VILLA ESPERANZA', 142013, 116916, 169, '2021'),
(1484, 14, 825, 218, 53623, 'C', 'M', 24, 'INVITADO', 'MED.VILESP.14.169.176.MED - 303.3.M.C / 133.', NULL, NULL, '', 'PENDIENTE', 'VILLA ESPERANZA', 142014, 116917, 169, '2021'),
(1485, 14, 6111, 158, 5166, 'C', 'N', 30, 'INVITADO', 'MED.VILESP.82.169.176.MED-207.2.N.C / 131.', NULL, NULL, '', 'PENDIENTE', 'VILLA ESPERANZA', 142017, 116919, 169, '2021'),
(1486, 14, 6104, 193, 40166, 'E', 'M', 28, 'INVITADO', 'MED.VILESP.82.169.176.MED-200.2.M.E / 136.', NULL, NULL, '', 'PENDIENTE', 'VILLA ESPERANZA', 142256, 117037, 169, '2021'),
(1487, 14, 823, 132, 4364, 'C', 'M', 18, 'INVITADO', 'MED.VILESP.14.169.176.MED-300.3.M.C / 137.', NULL, NULL, '', 'PENDIENTE', 'VILLA ESPERANZA', 142509, 117195, 169, '2021'),
(1488, 14, 1342, 184, 38686, 'PH', 'M', 30, 'INVITADO', 'MED.VILESP.14.169.176.MED-301-01.3.M.PH / 138.', NULL, NULL, '', 'PENDIENTE', 'VILLA ESPERANZA', 142510, 117196, 169, '2021'),
(1489, 14, 1344, 268, 94931, 'PH', 'M', 30, 'INVITADO', 'MED.VILESP.14.169.176.MED-301-03.3.M.PH / 139.', NULL, NULL, '', 'PENDIENTE', 'VILLA ESPERANZA', 142549, 117216, 169, '2021'),
(1490, 14, 827, 213, 52334, 'PH', 'M', 15, 'INVITADO', 'MED.VILESP.14.169.176.MED-304.3.M.PH / 140.', NULL, NULL, '', 'PENDIENTE', 'VILLA ESPERANZA', 142550, 117215, 169, '2021'),
(1491, 14, 6109, 274, 99983, 'A', 'M', 16, 'INVITADO', 'MED.VILESP.82.169.176.MED-205.2.M.A / 141.', NULL, NULL, '', 'PENDIENTE', 'VILLA ESPERANZA', 142950, 117427, 169, '2021'),
(1492, 14, 5725, 172, 35254, 'A', 'M', 10, 'INVITADO', 'MED.VILESP.82.169.176.MED-104.1.M.A / 142.', NULL, NULL, '', 'PENDIENTE', 'VILLA ESPERANZA', 146193, 120580, 169, '2021'),
(1493, 14, 5725, 293, 179368, 'C', 'N', 10, 'INVITADO', 'MED.VILESP.82.169.176.MED-104.1.N.C / 143.', NULL, NULL, '', 'PENDIENTE', 'VILLA ESPERANZA', 146203, 120582, 169, '2021'),
(1494, 16, 1364, 104, 2313, 'PH', 'M', 28, 'CONTRATADO', 'MED.VILESP.14.184.176.MED-502.5.M.PH / 20.', NULL, NULL, '', 'PENDIENTE', 'VILLA ESPERANZA', 149619, 122204, 184, '2022'),
(1495, 16, 1365, 9, 177, 'PH', 'M', 28, 'CONTRATADO', 'MED.VILESP.14.184.176.MED-502.5.M.PH / 18.', NULL, NULL, '', 'PENDIENTE', 'VILLA ESPERANZA', 149621, 122203, 184, '2022'),
(1496, 16, 1360, 209, 49718, 'PH', 'T', 28, 'CONTRATADO', 'MED.VILESP.14.184.176.MED-501.5.T.PH / 14.', NULL, NULL, '', 'PENDIENTE', 'VILLA ESPERANZA', 149623, 122202, 184, '2022'),
(1497, 16, 1359, 44, 629, 'PH', 'M', 28, 'CONTRATADO', 'MED.VILESP.14.184.176.MED-501.5.M.PH / 40.', NULL, NULL, '', 'PENDIENTE', 'VILLA ESPERANZA', 149624, 122201, 184, '2022'),
(1498, 16, 5716, 57, 808, 'G', 'M', 25, 'CONTRATADO', 'MED.VILESP.82.184.176.MED-100.1.M.G / 1.', NULL, NULL, '', 'PENDIENTE', 'VILLA ESPERANZA', 149629, 122057, 184, '2022'),
(1499, 16, 6107, 60, 1268, 'E', 'M', 10, 'CONTRATADO', 'MED.VILESP.82.184.176.MED-201.2.M.E / 4.', NULL, NULL, '', 'PENDIENTE', 'VILLA ESPERANZA', 149633, 122137, 184, '2022'),
(1500, 16, 825, 249, 75075, 'B', 'M', 18, 'CONTRATADO', 'MED.VILESP.14.184.176.MED - 303.3.M.B / 52.', NULL, NULL, '', 'PENDIENTE', 'VILLA ESPERANZA', 149636, 122210, 184, '2022'),
(1501, 16, 1362, 59, 1267, 'PH', 'M', 28, 'CONTRATADO', 'MED.VILESP.14.184.176.MED-501.5.M.PH / 6.', NULL, NULL, '', 'PENDIENTE', 'VILLA ESPERANZA', 149639, 122199, 184, '2022'),
(1502, 16, 1357, 241, 71988, 'PH', 'M', 28, 'CONTRATADO', 'MED.VILESP.14.184.176.MED-500.5.M.PH / 60.', NULL, NULL, '', 'PENDIENTE', 'VILLA ESPERANZA', 149640, 122198, 184, '2022'),
(1503, 16, 1356, 211, 51270, 'PH', 'M', 28, 'CONTRATADO', 'MED.VILESP.14.184.176.MED-500.5.M.PH / 54.', NULL, NULL, '', 'PENDIENTE', 'VILLA ESPERANZA', 149641, 122197, 184, '2022'),
(1504, 16, 1358, 105, 2314, 'PH', 'M', 28, 'CONTRATADO', 'MED.VILESP.14.184.176.MED-500.5.M.PH / 9.', NULL, NULL, '', 'PENDIENTE', 'VILLA ESPERANZA', 149642, 122196, 184, '2022'),
(1505, 16, 839, 28, 368, 'A', 'T', 12, 'CONTRATADO', 'MED.VILESP.14.184.176.MED - 504.5.T.A / 27.', NULL, NULL, '', 'PENDIENTE', 'VILLA ESPERANZA', 149643, 122195, 184, '2022'),
(1506, 16, 838, 217, 53081, 'PH', 'M', 28, 'CONTRATADO', 'MED.VILESP.14.184.176.MED - 503.5.M.PH / 26.', NULL, NULL, '', 'PENDIENTE', 'VILLA ESPERANZA', 149644, 122194, 184, '2022'),
(1507, 16, 834, 2, 46, 'A', 'T', 15, 'CONTRATADO', 'MED.VILESP.14.184.176.MED-405.4.T.A / 62.', NULL, 58, '205200074-Solucion-Examen-de-Grado-Servicio-Tv-Cable-Word-79eb9.pdf', 'PENDIENTE', 'VILLA ESPERANZA', 149645, 122193, 184, '2022'),
(1508, 16, 833, 47, 677, 'PH', 'M', 28, 'CONTRATADO', 'MED.VILESP.14.184.176.MED-404.4.M.PH / 30.', NULL, NULL, '', 'PENDIENTE', 'VILLA ESPERANZA', 149646, 122192, 184, '2022'),
(1509, 16, 1349, 260, 84698, 'PH', 'M', 28, 'CONTRATADO', 'MED.VILESP.14.184.176.MED-400 .4.M.PH / 46.', NULL, NULL, '', 'PENDIENTE', 'VILLA ESPERANZA', 149647, 122191, 184, '2022'),
(1510, 16, 1347, 79, 1396, 'PH', 'M', 28, 'CONTRATADO', 'MED.VILESP.14.184.176.MED-400 .4.M.PH / 44.', NULL, NULL, '', 'PENDIENTE', 'VILLA ESPERANZA', 149648, 122188, 184, '2022'),
(1511, 16, 1347, 61, 1271, 'PH', 'M', 28, 'CONTRATADO', 'MED.VILESP.14.184.176.MED-400 .4.M.PH / 21.', NULL, NULL, '', 'PENDIENTE', 'VILLA ESPERANZA', 149649, 122190, 184, '2022'),
(1512, 16, 832, 197, 43272, 'PH', 'M', 28, 'CONTRATADO', 'MED.VILESP.14.184.176.MED - 403.4.M.PH / 8.', NULL, NULL, '', 'PENDIENTE', 'VILLA ESPERANZA', 149650, 122147, 184, '2022'),
(1513, 16, 831, 51, 736, 'PH', 'M', 28, 'CONTRATADO', 'MED.VILESP.14.184.176.MED - 402.4.M.PH / 24.', NULL, NULL, '', 'PENDIENTE', 'VILLA ESPERANZA', 149651, 122146, 184, '2022'),
(1514, 16, 827, 69, 1284, 'PH', 'M', 15, 'CONTRATADO', 'MED.VILESP.14.184.176.MED-304.3.M.PH / 51.', NULL, NULL, '', 'PENDIENTE', 'VILLA ESPERANZA', 149652, 122221, 184, '2022'),
(1515, 16, 823, 86, 1550, 'A', 'M', 18, 'CONTRATADO', 'MED.VILESP.14.184.176.MED-300.3.M.A / 55.', NULL, NULL, '', 'PENDIENTE', 'VILLA ESPERANZA', 149653, 122219, 184, '2022'),
(1516, 16, 825, 90, 1706, 'F', 'T', 18, 'CONTRATADO', 'MED.VILESP.14.184.176.MED - 303.3.T.F / 64.', NULL, NULL, '', 'PENDIENTE', 'VILLA ESPERANZA', 149654, 122215, 184, '2022'),
(1517, 16, 825, 20, 268, 'G', 'M', 18, 'CONTRATADO', 'MED.VILESP.14.184.176.MED - 303.3.M.G / 58.', NULL, NULL, '', 'PENDIENTE', 'VILLA ESPERANZA', 149655, 122213, 184, '2022'),
(1518, 16, 6108, 68, 1282, 'C', 'M', 15, 'CONTRATADO', 'MED.VILESP.82.184.176.MED-204.2.M.C / 45.', NULL, NULL, '', 'PENDIENTE', 'VILLA ESPERANZA', 149656, 122145, 184, '2022'),
(1519, 16, 6108, 41, 574, 'A', 'N', 15, 'CONTRATADO', 'MED.VILESP.82.184.176.MED-204.2.N.A / 3.', NULL, NULL, '', 'PENDIENTE', 'VILLA ESPERANZA', 149657, 122144, 184, '2022'),
(1520, 16, 6106, 22, 309, 'F', 'M', 15, 'CONTRATADO', 'MED.VILESP.82.184.176.MED-203.2.M.F / 37.', NULL, NULL, '', 'PENDIENTE', 'VILLA ESPERANZA', 149658, 122143, 184, '2022'),
(1521, 16, 6106, 70, 1290, 'A', 'T', 15, 'CONTRATADO', 'MED.VILESP.82.184.176.MED-203.2.T.A / 23.', NULL, NULL, '', 'PENDIENTE', 'VILLA ESPERANZA', 149659, 122142, 184, '2022'),
(1522, 16, 5719, 134, 4368, 'E', 'T', 15, 'INVITADO', 'MED.VILESP.82.184.176.MED-102.1.T.E / 4.', NULL, NULL, '', 'PENDIENTE', 'VILLA ESPERANZA', 149660, 122091, 184, '2022'),
(1523, 16, 6106, 114, 3299, 'B', 'T', 15, 'CONTRATADO', 'MED.VILESP.82.184.176.MED-203.2.T.B / 2.', NULL, NULL, '', 'PENDIENTE', 'VILLA ESPERANZA', 149664, 122141, 184, '2022'),
(1524, 16, 6107, 130, 4107, 'D', 'T', 15, 'CONTRATADO', 'MED.VILESP.82.184.176.MED-201.2.T.D / 57.', NULL, NULL, '', 'PENDIENTE', 'VILLA ESPERANZA', 149665, 122140, 184, '2022'),
(1525, 16, 6107, 15, 229, 'G', 'T', 15, 'CONTRATADO', 'MED.VILESP.82.184.176.MED-201.2.T.G / 34.', NULL, NULL, '', 'PENDIENTE', 'VILLA ESPERANZA', 149667, 122139, 184, '2022'),
(1526, 16, 6107, 37, 485, 'C', 'M', 15, 'CONTRATADO', 'MED.VILESP.82.184.176.MED-201.2.M.C / 15.', NULL, NULL, '', 'PENDIENTE', 'VILLA ESPERANZA', 149668, 122136, 184, '2022'),
(1527, 16, 6107, 50, 729, 'A', 'T', 15, 'CONTRATADO', 'MED.VILESP.82.184.176.MED-201.2.T.A / 7.', NULL, NULL, '', 'PENDIENTE', 'VILLA ESPERANZA', 149669, 122138, 184, '2022'),
(1528, 16, 6104, 48, 681, 'A', 'T', 21, 'CONTRATADO', 'MED.VILESP.82.184.176.MED-200.2.T.A / 59.', NULL, NULL, '', 'PENDIENTE', 'VILLA ESPERANZA', 149670, 122135, 184, '2022'),
(1529, 16, 6104, 86, 1550, 'C', 'M', 21, 'CONTRATADO', 'MED.VILESP.82.184.176.MED-200.2.M.C / 56.', NULL, NULL, '', 'PENDIENTE', 'VILLA ESPERANZA', 149671, 122134, 184, '2022'),
(1530, 16, 6104, 166, 31552, 'H', 'T', 21, 'CONTRATADO', 'MED.VILESP.82.184.176.MED-200.2.T.H / 49.', NULL, NULL, '', 'PENDIENTE', 'VILLA ESPERANZA', 149672, 122133, 184, '2022'),
(1531, 16, 6104, 97, 1764, 'F', 'M', 17, 'CONTRATADO', 'MED.VILESP.82.184.176.MED-200.2.M.F / 16.', NULL, NULL, '', 'PENDIENTE', 'VILLA ESPERANZA', 149674, 122132, 184, '2022'),
(1532, 16, 5718, 45, 630, 'A', 'M', 12, 'CONTRATADO', 'MED.VILESP.82.184.176.MED-103.1.M.A / 31.', NULL, NULL, '', 'PENDIENTE', 'VILLA ESPERANZA', 149676, 122125, 184, '2022'),
(1533, 16, 5718, 125, 3497, 'H', 'M', 12, 'CONTRATADO', 'MED.VILESP.82.184.176.MED-103.1.M.H / 12.', NULL, NULL, '', 'PENDIENTE', 'VILLA ESPERANZA', 149677, 122124, 184, '2022'),
(1534, 16, 5718, 84, 1475, 'C', 'T', 12, 'CONTRATADO', 'MED.VILESP.82.184.176.MED-103.1.T.C / 11.', NULL, NULL, '', 'PENDIENTE', 'VILLA ESPERANZA', 149678, 122123, 184, '2022'),
(1535, 16, 5719, 35, 475, 'D', 'T', 15, 'CONTRATADO', 'MED.VILESP.82.184.176.MED-102.1.T.D / 36.', NULL, NULL, '', 'PENDIENTE', 'VILLA ESPERANZA', 149679, 122090, 184, '2022'),
(1536, 16, 5719, 35, 475, 'F', 'T', 15, 'CONTRATADO', 'MED.VILESP.82.184.176.MED-102.1.T.F / 35.', NULL, NULL, '', 'PENDIENTE', 'VILLA ESPERANZA', 149680, 122089, 184, '2022'),
(1537, 16, 5719, 134, 4368, 'I', 'N', 9, 'INVITADO', 'MED.VILESP.82.184.176.MED-102.1.N.I / 5.', NULL, NULL, '', 'PENDIENTE', 'VILLA ESPERANZA', 149681, 122092, 184, '2022'),
(1538, 16, 5719, 83, 1472, 'A', 'T', 12, 'CONTRATADO', 'MED.VILESP.82.184.176.MED-102.1.T.A / 28.', NULL, NULL, '', 'PENDIENTE', 'VILLA ESPERANZA', 149682, 122088, 184, '2022'),
(1539, 16, 5719, 83, 1472, 'K', 'T', 13, 'CONTRATADO', 'MED.VILESP.82.184.176.MED-102.1.T.K / 29.', NULL, NULL, '', 'PENDIENTE', 'VILLA ESPERANZA', 149683, 122083, 184, '2022'),
(1540, 16, 5719, 4, 74, 'B', 'M', 15, 'CONTRATADO', 'MED.VILESP.82.184.176.MED-102.1.M.B / 19.', NULL, NULL, '', 'PENDIENTE', 'VILLA ESPERANZA', 149684, 122079, 184, '2022'),
(1541, 16, 5719, 29, 372, 'C', 'M', 13, 'CONTRATADO', 'MED.VILESP.82.184.176.MED-102.1.M.C / 10.', NULL, NULL, '', 'PENDIENTE', 'VILLA ESPERANZA', 149685, 122075, 184, '2022'),
(1542, 16, 5717, 172, 35254, 'C', 'T', 13, 'CONTRATADO', 'MED.VILESP.82.184.176.MED-101.1.T.C / 53.', NULL, NULL, '', 'PENDIENTE', 'VILLA ESPERANZA', 149686, 122074, 184, '2022'),
(1543, 16, 5717, 34, 472, 'K', 'M', 15, 'CONTRATADO', 'MED.VILESP.82.184.176.MED-101.1.M.K / 50.', NULL, NULL, '', 'PENDIENTE', 'VILLA ESPERANZA', 149687, 122072, 184, '2022'),
(1544, 16, 5717, 16, 232, 'F', 'M', 13, 'CONTRATADO', 'MED.VILESP.82.184.176.MED-101.1.M.F / 48.', NULL, NULL, '', 'PENDIENTE', 'VILLA ESPERANZA', 149688, 122071, 184, '2022'),
(1545, 16, 5717, 16, 232, 'A', 'M', 12, 'CONTRATADO', 'MED.VILESP.82.184.176.MED-101.1.M.A / 47.', NULL, NULL, '', 'PENDIENTE', 'VILLA ESPERANZA', 149689, 122069, 184, '2022'),
(1546, 16, 5717, 38, 488, 'B', 'M', 15, 'CONTRATADO', 'MED.VILESP.82.184.176.MED-101.1.M.B / 25.', NULL, NULL, '', 'PENDIENTE', 'VILLA ESPERANZA', 149690, 122068, 184, '2022'),
(1547, 16, 5717, 125, 3497, 'D', 'M', 15, 'CONTRATADO', 'MED.VILESP.82.184.176.MED-101.1.M.D / 13.', NULL, NULL, '', 'PENDIENTE', 'VILLA ESPERANZA', 149691, 123033, 184, '2022'),
(1548, 16, 5716, 26, 351, 'C', 'M', 30, 'CONTRATADO', 'MED.VILESP.82.184.176.MED-100.1.M.C / 63.', NULL, NULL, '', 'PENDIENTE', 'VILLA ESPERANZA', 149692, 122061, 184, '2022'),
(1549, 16, 5716, 10, 187, 'A', 'M', 30, 'CONTRATADO', 'MED.VILESP.82.184.176.MED-100.1.M.A / 61.', NULL, NULL, '', 'PENDIENTE', 'VILLA ESPERANZA', 149693, 122053, 184, '2022'),
(1550, 16, 5716, 58, 1251, 'K', 'N', 30, 'CONTRATADO', 'MED.VILESP.82.184.176.MED-100.1.N.K / 41.', NULL, NULL, '', 'PENDIENTE', 'VILLA ESPERANZA', 149694, 122060, 184, '2022'),
(1551, 16, 5716, 161, 5738, 'B', 'T', 30, 'CONTRATADO', 'MED.VILESP.82.184.176.MED-100.1.T.B / 32.', NULL, NULL, '', 'PENDIENTE', 'VILLA ESPERANZA', 149695, 122058, 184, '2022'),
(1552, 16, 5716, 5, 115, 'F', 'M', 25, 'INVITADO', 'MED.VILESP.82.184.176.MED-100.1.M.F / 2.', NULL, NULL, '', 'PENDIENTE', 'VILLA ESPERANZA', 149696, 122063, 184, '2022'),
(1553, 16, 5717, 125, 3497, 'E', 'T', 15, 'INVITADO', 'MED.VILESP.82.184.176.MED-101.1.T.E / 1.', NULL, NULL, '', 'PENDIENTE', 'VILLA ESPERANZA', 149697, 122066, 184, '2022'),
(1554, 16, 6880, 8, 169, 'F', 'T', 15, 'CONTRATADO', 'MED.VILESP.82.184.176.MED-302.3.T.F / 17.', NULL, NULL, '', 'PENDIENTE', 'VILLA ESPERANZA', 149703, 123026, 184, '2022'),
(1555, 16, 6880, 56, 800, 'D', 'T', 15, 'CONTRATADO', 'MED.VILESP.82.184.176.MED-302.3.T.D / 33.', NULL, NULL, '', 'PENDIENTE', 'VILLA ESPERANZA', 149704, 123053, 184, '2022'),
(1556, 16, 6880, 63, 1276, 'C', 'M', 15, 'CONTRATADO', 'MED.VILESP.82.184.176.MED-302.3.M.C / 39.', NULL, NULL, '', 'PENDIENTE', 'VILLA ESPERANZA', 149705, 123059, 184, '2022'),
(1557, 16, 6109, 215, 53060, 'B', 'T', 12, 'INVITADO', 'MED.VILESP.82.184.176.MED-205.2.T.B / 3.', NULL, NULL, '', 'PENDIENTE', 'VILLA ESPERANZA', 149712, 123034, 184, '2022'),
(1558, 16, 6105, 77, 1379, 'D', 'M', 15, 'CONTRATADO', 'MED.VILESP.82.184.176.MED-202.2.M.D / 5.', NULL, NULL, '', 'PENDIENTE', 'VILLA ESPERANZA', 149727, 122126, 184, '2022'),
(1559, 16, 6105, 78, 1383, 'E', 'T', 15, 'CONTRATADO', 'MED.VILESP.82.184.176.MED-202.2.T.E / 22.', NULL, NULL, '', 'PENDIENTE', 'VILLA ESPERANZA', 149730, 122127, 184, '2022'),
(1560, 16, 6105, 63, 1276, 'C', 'M', 15, 'CONTRATADO', 'MED.VILESP.82.184.176.MED-202.2.M.C / 38.', NULL, NULL, '', 'PENDIENTE', 'VILLA ESPERANZA', 149732, 122128, 184, '2022'),
(1561, 16, 6105, 43, 590, 'B', 'T', 10, 'CONTRATADO', 'MED.VILESP.82.184.176.MED-202.2.T.B / 43.', NULL, NULL, '', 'PENDIENTE', 'VILLA ESPERANZA', 149734, 122129, 184, '2022'),
(1562, 16, 6105, 43, 590, 'A', 'T', 15, 'CONTRATADO', 'MED.VILESP.82.184.176.MED-202.2.T.A / 42.', NULL, NULL, '', 'PENDIENTE', 'VILLA ESPERANZA', 149735, 122130, 184, '2022'),
(1563, 16, 6879, 103, 2246, 'PH', 'T', 30, 'CONTRATADO', 'MED.VILESP.82.184.176.MED-301.3.T.PH / 66.', NULL, NULL, '', 'PENDIENTE', 'VILLA ESPERANZA', 149893, 123113, 184, '2022'),
(1564, 16, 6879, 27, 359, 'PH', 'M', 30, 'CONTRATADO', 'MED.VILESP.82.184.176.MED-301.3.M.PH / 68.', NULL, NULL, '', 'PENDIENTE', 'VILLA ESPERANZA', 149894, 123114, 184, '2022'),
(1565, 16, 6879, 89, 1705, 'PH', 'M', 30, 'CONTRATADO', 'MED.VILESP.82.184.176.MED-301.3.M.PH / 65.', NULL, NULL, '', 'PENDIENTE', 'VILLA ESPERANZA', 149895, 123115, 184, '2022'),
(1566, 16, 6879, 24, 328, 'PH', 'M', 30, 'CONTRATADO', 'MED.VILESP.82.184.176.MED-301.3.M.PH / 67.', NULL, NULL, '', 'PENDIENTE', 'VILLA ESPERANZA', 149896, 123116, 184, '2022'),
(1567, 16, 6879, 130, 4107, 'PH', 'T', 30, 'INVITADO', 'MED.VILESP.82.184.176.MED-301.3.T.PH / 7.', NULL, NULL, '', 'PENDIENTE', 'VILLA ESPERANZA', 149898, 123117, 184, '2022'),
(1568, 16, 6879, 232, 65954, 'PH', 'M', 30, 'INVITADO', 'MED.VILESP.82.184.176.MED-301.3.M.PH / 6.', NULL, NULL, '', 'PENDIENTE', 'VILLA ESPERANZA', 149899, 123118, 184, '2022'),
(1569, 16, 5716, 135, 4380, 'D', 'T', 25, 'CONTRATADO', 'MED.VILESP.82.184.176.MED-100.1.T.D / 91.', NULL, NULL, '', 'PENDIENTE', 'VILLA ESPERANZA', 150840, 124587, 184, '2022'),
(1570, 16, 5716, 161, 5738, 'L', 'T', 20, 'CONTRATADO', 'MED.VILESP.82.184.176.MED-100.1.T.L / 80.', NULL, NULL, '', 'PENDIENTE', 'VILLA ESPERANZA', 150850, 124599, 184, '2022'),
(1571, 16, 5716, 152, 4633, 'P', 'N', 20, 'CONTRATADO', 'MED.VILESP.82.184.176.MED-100.1.N.P / 87.', NULL, NULL, '', 'PENDIENTE', 'VILLA ESPERANZA', 150853, 124603, 184, '2022'),
(1572, 16, 5717, 172, 35254, 'H', 'M', 10, 'CONTRATADO', 'MED.VILESP.82.184.176.MED-101.1.M.H / 89.', NULL, NULL, '', 'PENDIENTE', 'VILLA ESPERANZA', 150856, 124607, 184, '2022'),
(1573, 16, 5719, 144, 4414, 'J', 'M', 13, 'CONTRATADO', 'MED.VILESP.82.184.176.MED-102.1.M.J / 92.', NULL, NULL, '', 'PENDIENTE', 'VILLA ESPERANZA', 150857, 124608, 184, '2022'),
(1574, 16, 5718, 45, 630, 'G', 'T', 8, 'CONTRATADO', 'MED.VILESP.82.184.176.MED-103.1.T.G / 79.', NULL, NULL, '', 'PENDIENTE', 'VILLA ESPERANZA', 150907, 124716, 184, '2022'),
(1575, 16, 5725, 172, 35254, 'A', 'M', 8, 'CONTRATADO', 'MED.VILESP.82.184.176.MED-104.1.M.A / 90.', NULL, NULL, '', 'PENDIENTE', 'VILLA ESPERANZA', 150908, 124717, 184, '2022'),
(1576, 16, 6105, 77, 1379, 'G', 'M', 10, 'CONTRATADO', 'MED.VILESP.82.184.176.MED-202.2.M.G / 70.', NULL, NULL, '', 'PENDIENTE', 'VILLA ESPERANZA', 150909, 124718, 184, '2022'),
(1577, 16, 6104, 97, 1764, 'D', 'T', 14, 'CONTRATADO', 'MED.VILESP.82.184.176.MED-200.2.T.D / 74.', NULL, NULL, '', 'PENDIENTE', 'VILLA ESPERANZA', 150910, 124719, 184, '2022'),
(1578, 16, 6107, 50, 729, 'H', 'M', 15, 'CONTRATADO', 'MED.VILESP.82.184.176.MED-201.2.M.H / 72.', NULL, NULL, '', 'PENDIENTE', 'VILLA ESPERANZA', 150911, 124720, 184, '2022'),
(1579, 16, 6106, 133, 4365, 'E', 'T', 10, 'CONTRATADO', 'MED.VILESP.82.184.176.MED-203.2.T.E / 75.', NULL, NULL, '', 'PENDIENTE', 'VILLA ESPERANZA', 150912, 124721, 184, '2022'),
(1580, 16, 6106, 50, 729, 'G', 'M', 10, 'CONTRATADO', 'MED.VILESP.82.184.176.MED-203.2.M.G / 71.', NULL, NULL, '', 'PENDIENTE', 'VILLA ESPERANZA', 150913, 124722, 184, '2022'),
(1581, 16, 6110, 56, 800, 'A', 'M', 12, 'CONTRATADO', 'MED.VILESP.82.184.176.MED-206.2.M.A / 82.', NULL, NULL, '', 'PENDIENTE', 'VILLA ESPERANZA', 150914, 124723, 184, '2022'),
(1582, 16, 1346, 286, 148259, 'PH', 'M', 22, 'CONTRATADO', 'MED.VILESP.14.184.176.MED-400 .4.M.PH / 81.', NULL, NULL, '', 'PENDIENTE', 'VILLA ESPERANZA', 150918, 124727, 184, '2022'),
(1583, 16, 1351, 257, 84159, 'PH', 'M', 22, 'CONTRATADO', 'MED.VILESP.14.184.176.MED-400 .4.M.PH / 83.', NULL, NULL, '', 'PENDIENTE', 'VILLA ESPERANZA', 150919, 124728, 184, '2022'),
(1584, 16, 834, 84, 1475, 'B', 'T', 12, 'CONTRATADO', 'MED.VILESP.14.184.176.MED-405.4.T.B / 73.', NULL, NULL, '', 'PENDIENTE', 'VILLA ESPERANZA', 150921, 124730, 184, '2022'),
(1585, 16, 840, 100, 1897, 'A', 'M', 12, 'CONTRATADO', 'MED.VILESP.14.184.176.MED - 505.5.M.A / 77.', NULL, NULL, '', 'PENDIENTE', 'VILLA ESPERANZA', 150922, 124731, 184, '2022'),
(1586, 16, 1363, 247, 74362, 'PH', 'M', 22, 'CONTRATADO', 'MED.VILESP.14.184.176.MED-501.5.M.PH / 69.', NULL, NULL, '', 'PENDIENTE', 'VILLA ESPERANZA', 150923, 124732, 184, '2022'),
(1587, 16, 1359, 189, 39937, 'PH', 'M', 22, 'CONTRATADO', 'MED.VILESP.14.184.176.MED-501.5.M.PH / 84.', NULL, NULL, '', 'PENDIENTE', 'VILLA ESPERANZA', 150924, 124733, 184, '2022'),
(1588, 16, 1364, 220, 54780, 'PH', 'M', 22, 'CONTRATADO', 'MED.VILESP.14.184.176.MED-502.5.M.PH / 86.', NULL, NULL, '', 'PENDIENTE', 'VILLA ESPERANZA', 150926, 124735, 184, '2022'),
(1589, 16, 6879, 253, 78669, 'PH', 'M', 23, 'CONTRATADO', 'MED.VILESP.82.184.176.MED-301.3.M.PH / 88.', NULL, NULL, '', 'PENDIENTE', 'VILLA ESPERANZA', 151404, 124726, 184, '2022'),
(1590, 16, 6878, 233, 66789, 'C', 'M', 15, 'CONTRATADO', 'MED.VILESP.82.184.176.MED-300.3.M.C / 93.', NULL, NULL, '', 'PENDIENTE', 'VILLA ESPERANZA', 151408, 124725, 184, '2022'),
(1591, 16, 1365, 71, 1291, 'PH', 'M', 22, 'CONTRATADO', 'MED.VILESP.14.184.176.MED-502.5.M.PH / 76.', NULL, NULL, '', 'PENDIENTE', 'VILLA ESPERANZA', 151429, 125264, 184, '2022'),
(1592, 16, 1354, 234, 66892, 'PH', 'M', 22, 'CONTRATADO', 'MED.VILESP.14.184.176.MED-401 .4.M.PH / 85.', NULL, NULL, '', 'PENDIENTE', 'VILLA ESPERANZA', 151435, 125268, 184, '2022'),
(1593, 16, 838, 248, 75068, 'PH', 'M', 22, 'INVITADO', 'MED.VILESP.14.184.176.MED - 503.5.M.PH / 54.', NULL, NULL, '', 'PENDIENTE', 'VILLA ESPERANZA', 151481, 125351, 184, '2022'),
(1594, 16, 1358, 216, 53065, 'PH', 'M', 22, 'INVITADO', 'MED.VILESP.14.184.176.MED-500.5.M.PH / 64.', NULL, NULL, '', 'PENDIENTE', 'VILLA ESPERANZA', 151500, 125365, 184, '2022'),
(1595, 16, 831, 188, 39931, 'PH', 'M', 22, 'INVITADO', 'MED.VILESP.14.184.176.MED - 402.4.M.PH / 65.', NULL, NULL, '', 'PENDIENTE', 'VILLA ESPERANZA', 151503, 125368, 184, '2022'),
(1596, 16, 1364, 140, 4391, 'PH', 'M', 22, 'INVITADO', 'MED.VILESP.14.184.176.MED-502.5.M.PH / 52.', NULL, NULL, '', 'PENDIENTE', 'VILLA ESPERANZA', 151508, 125369, 184, '2022'),
(1597, 16, 1357, 271, 96184, 'PH', 'M', 22, 'INVITADO', 'MED.VILESP.14.184.176.MED-500.5.M.PH / 15.', NULL, NULL, '', 'PENDIENTE', 'VILLA ESPERANZA', 151512, 125372, 184, '2022'),
(1598, 16, 832, 141, 4392, 'PH', 'M', 22, 'INVITADO', 'MED.VILESP.14.184.176.MED - 403.4.M.PH / 46.', NULL, NULL, '', 'PENDIENTE', 'VILLA ESPERANZA', 151611, 125423, 184, '2022'),
(1599, 16, 1349, 62, 1275, 'PH', 'M', 24, 'INVITADO', 'MED.VILESP.14.184.176.MED-400 .4.M.PH / 44.', NULL, NULL, '', 'PENDIENTE', 'VILLA ESPERANZA', 151614, 125426, 184, '2022'),
(1600, 16, 839, 225, 59345, 'B', 'T', 12, 'INVITADO', 'MED.VILESP.14.184.176.MED - 504.5.T.B / 48.', NULL, NULL, '', 'PENDIENTE', 'VILLA ESPERANZA', 151615, 125427, 184, '2022'),
(1601, 16, 1363, 214, 53015, 'PH', 'M', 22, 'INVITADO', 'MED.VILESP.14.184.176.MED-501.5.M.PH / 51.', NULL, NULL, '', 'PENDIENTE', 'VILLA ESPERANZA', 151616, 125428, 184, '2022'),
(1602, 16, 1361, 264, 84819, 'PH', 'M', 22, 'INVITADO', 'MED.VILESP.14.184.176.MED-501.5.M.PH / 36.', NULL, NULL, '', 'PENDIENTE', 'VILLA ESPERANZA', 151617, 125429, 184, '2022'),
(1603, 16, 1360, 195, 42857, 'PH', 'M', 22, 'INVITADO', 'MED.VILESP.14.184.176.MED-501.5.M.PH / 57.', NULL, NULL, '', 'PENDIENTE', 'VILLA ESPERANZA', 151618, 125430, 184, '2022'),
(1604, 16, 1355, 205, 46885, 'PH', 'M', 22, 'INVITADO', 'MED.VILESP.14.184.176.MED-500.5.M.PH / 14.', NULL, NULL, '', 'PENDIENTE', 'VILLA ESPERANZA', 151630, 125431, 184, '2022'),
(1605, 16, 1353, 118, 3306, 'PH', 'M', 22, 'INVITADO', 'MED.VILESP.14.184.176.MED-401 .4.M.PH / 56.', NULL, NULL, '', 'PENDIENTE', 'VILLA ESPERANZA', 151641, 125432, 184, '2022'),
(1606, 16, 6108, 68, 1282, 'D', 'T', 12, 'INVITADO', 'MED.VILESP.82.184.176.MED-204.2.T.D / 60.', NULL, NULL, '', 'PENDIENTE', 'VILLA ESPERANZA', 152250, 125863, 184, '2022'),
(1607, 16, 6111, 294, 182867, 'A', 'M', 16, 'CONTRATADO', 'MED.VILESP.82.184.176.MED-207.2.M.A / 78.', NULL, NULL, '', 'PENDIENTE', 'VILLA ESPERANZA', 152251, 124724, 184, '2022'),
(1608, 16, 5716, 270, 96173, 'M', 'N', 25, 'INVITADO', 'MED.VILESP.82.184.176.MED-100.1.N.M / 55.', NULL, NULL, '', 'PENDIENTE', 'VILLA ESPERANZA', 152255, 125873, 184, '2022'),
(1609, 16, 5716, 254, 81982, 'N', 'T', 20, 'INVITADO', 'MED.VILESP.82.184.176.MED-100.1.T.N / 16.', NULL, NULL, '', 'PENDIENTE', 'VILLA ESPERANZA', 152256, 125882, 184, '2022'),
(1610, 16, 5716, 239, 71047, 'H', 'M', 20, 'INVITADO', 'MED.VILESP.82.184.176.MED-100.1.M.H / 11.', NULL, NULL, '', 'PENDIENTE', 'VILLA ESPERANZA', 152257, 125890, 184, '2022'),
(1611, 16, 5716, 82, 1458, 'E', 'T', 25, 'INVITADO', 'MED.VILESP.82.184.176.MED-100.1.T.E / 30.', NULL, NULL, '', 'PENDIENTE', 'VILLA ESPERANZA', 152263, 125891, 184, '2022'),
(1612, 16, 5716, 117, 3303, 'O', 'N', 20, 'INVITADO', 'MED.VILESP.82.184.176.MED-100.1.N.O / 70.', NULL, NULL, '', 'PENDIENTE', 'VILLA ESPERANZA', 152294, 125895, 184, '2022'),
(1613, 16, 5716, 164, 29606, 'J', 'T', 20, 'INVITADO', 'MED.VILESP.82.184.176.MED-100.1.T.J / 32.', NULL, NULL, '', 'PENDIENTE', 'VILLA ESPERANZA', 152297, 125932, 184, '2022'),
(1614, 16, 5717, 38, 488, 'L', 'M', 10, 'INVITADO', 'MED.VILESP.82.184.176.MED-101.1.M.L / 37.', NULL, NULL, '', 'PENDIENTE', 'VILLA ESPERANZA', 152309, 125936, 184, '2022'),
(1615, 16, 6879, 165, 30486, 'PH', 'M', 23, 'INVITADO', 'MED.VILESP.82.184.176.MED-301.3.M.PH / 39.', NULL, NULL, '', 'PENDIENTE', 'VILLA ESPERANZA', 152315, 125938, 184, '2022'),
(1616, 16, 6879, 207, 49708, 'PH', 'T', 20, 'INVITADO', 'MED.VILESP.82.184.176.MED-301.3.T.PH / 43.', NULL, NULL, '', 'PENDIENTE', 'VILLA ESPERANZA', 152319, 125940, 184, '2022'),
(1617, 16, 6879, 262, 84796, 'PH', 'M', 23, 'INVITADO', 'MED.VILESP.82.184.176.MED-301.3.M.PH / 35.', NULL, NULL, '', 'PENDIENTE', 'VILLA ESPERANZA', 152321, 125941, 184, '2022'),
(1618, 16, 6879, 131, 4363, 'PH', 'T', 23, 'INVITADO', 'MED.VILESP.82.184.176.MED-301.3.T.PH / 47.', NULL, NULL, '', 'PENDIENTE', 'VILLA ESPERANZA', 152327, 125943, 184, '2022'),
(1619, 16, 6879, 170, 35252, 'PH', 'T', 23, 'INVITADO', 'MED.VILESP.82.184.176.MED-301.3.T.PH / 68.', NULL, NULL, '', 'PENDIENTE', 'VILLA ESPERANZA', 152331, 125945, 184, '2022'),
(1620, 16, 6879, 185, 38689, 'PH', 'M', 23, 'INVITADO', 'MED.VILESP.82.184.176.MED-301.3.M.PH / 72.', NULL, NULL, '', 'PENDIENTE', 'VILLA ESPERANZA', 152333, 125946, 184, '2022'),
(1621, 16, 6879, 192, 40101, 'PH', 'T', 24, 'INVITADO', 'MED.VILESP.82.184.176.MED-301.3.T.PH / 13.', NULL, NULL, '', 'PENDIENTE', 'VILLA ESPERANZA', 152339, 125947, 184, '2022'),
(1622, 16, 6882, 235, 70366, 'PH', 'T', 10, 'INVITADO', 'MED.VILESP.82.184.176.MED-304.3.T.PH / 66.', NULL, NULL, '', 'PENDIENTE', 'VILLA ESPERANZA', 152342, 125948, 184, '2022'),
(1623, 16, 6878, 163, 29592, 'D', 'M', 15, 'INVITADO', 'MED.VILESP.82.184.176.MED-300.3.M.D / 26.', NULL, NULL, '', 'PENDIENTE', 'VILLA ESPERANZA', 152347, 125950, 184, '2022'),
(1624, 16, 6881, 148, 4486, 'D', 'T', 12, 'INVITADO', 'MED.VILESP.82.184.176.MED-303.3.T.D / 29.', NULL, NULL, '', 'PENDIENTE', 'VILLA ESPERANZA', 152350, 125951, 184, '2022'),
(1625, 16, 6881, 218, 53623, 'C', 'M', 12, 'INVITADO', 'MED.VILESP.82.184.176.MED-303.3.M.C / 58.', NULL, NULL, '', 'PENDIENTE', 'VILLA ESPERANZA', 152361, 125955, 184, '2022'),
(1626, 16, 6881, 218, 53623, 'E', 'T', 12, 'INVITADO', 'MED.VILESP.82.184.176.MED-303.3.T.E / 59.', NULL, NULL, '', 'PENDIENTE', 'VILLA ESPERANZA', 152363, 125956, 184, '2022'),
(1627, 16, 6880, 246, 73258, 'E', 'M', 12, 'INVITADO', 'MED.VILESP.82.184.176.MED-302.3.M.E / 50.', NULL, NULL, '', 'PENDIENTE', 'VILLA ESPERANZA', 152371, 125962, 184, '2022'),
(1628, 16, 6111, 158, 5166, 'C', 'N', 16, 'INVITADO', 'MED.VILESP.82.184.176.MED-207.2.N.C / 28.', NULL, NULL, '', 'PENDIENTE', 'VILLA ESPERANZA', 152377, 125966, 184, '2022'),
(1629, 16, 6110, 199, 45552, 'C', 'N', 8, 'INVITADO', 'MED.VILESP.82.184.176.MED-206.2.N.C / 63.', NULL, NULL, '', 'PENDIENTE', 'VILLA ESPERANZA', 152385, 125974, 184, '2022'),
(1630, 16, 6110, 129, 3868, 'B', 'T', 8, 'INVITADO', 'MED.VILESP.82.184.176.MED-206.2.T.B / 18.', NULL, NULL, '', 'PENDIENTE', 'VILLA ESPERANZA', 152387, 125980, 184, '2022'),
(1631, 16, 6109, 215, 53060, 'A', 'M', 8, 'INVITADO', 'MED.VILESP.82.184.176.MED-205.2.M.A / 45.', NULL, NULL, '', 'PENDIENTE', 'VILLA ESPERANZA', 152391, 125988, 184, '2022'),
(1632, 16, 6108, 41, 574, 'B', 'T', 8, 'INVITADO', 'MED.VILESP.82.184.176.MED-204.2.T.B / 8.', NULL, NULL, '', 'PENDIENTE', 'VILLA ESPERANZA', 152400, 125994, 184, '2022'),
(1633, 16, 6106, 186, 38695, 'H', 'T', 10, 'INVITADO', 'MED.VILESP.82.184.176.MED-203.2.T.H / 25.', NULL, NULL, '', 'PENDIENTE', 'VILLA ESPERANZA', 152401, 125997, 184, '2022'),
(1634, 16, 6106, 133, 4365, 'D', 'T', 10, 'INVITADO', 'MED.VILESP.82.184.176.MED-203.2.T.D / 20.', NULL, NULL, '', 'PENDIENTE', 'VILLA ESPERANZA', 152404, 126000, 184, '2022'),
(1635, 16, 6107, 60, 1268, 'B', 'T', 10, 'INVITADO', 'MED.VILESP.82.184.176.MED-201.2.T.B / 10.', NULL, NULL, '', 'PENDIENTE', 'VILLA ESPERANZA', 152409, 126002, 184, '2022'),
(1636, 16, 6104, 160, 5737, 'B', 'T', 14, 'INVITADO', 'MED.VILESP.82.184.176.MED-200.2.T.B / 33.', NULL, NULL, '', 'PENDIENTE', 'VILLA ESPERANZA', 152420, 126009, 184, '2022'),
(1637, 16, 6104, 198, 44407, 'G', 'M', 14, 'INVITADO', 'MED.VILESP.82.184.176.MED-200.2.M.G / 42.', NULL, NULL, '', 'PENDIENTE', 'VILLA ESPERANZA', 152426, 126017, 184, '2022'),
(1638, 16, 6105, 158, 5166, 'F', 'M', 10, 'INVITADO', 'MED.VILESP.82.184.176.MED-202.2.M.F / 27.', NULL, NULL, '', 'PENDIENTE', 'VILLA ESPERANZA', 152430, 126021, 184, '2022'),
(1639, 16, 6105, 63, 1276, 'H', 'T', 10, 'INVITADO', 'MED.VILESP.82.184.176.MED-202.2.T.H / 49.', NULL, NULL, '', 'PENDIENTE', 'VILLA ESPERANZA', 152434, 126027, 184, '2022'),
(1640, 16, 5726, 38, 488, 'D', 'T', 16, 'INVITADO', 'MED.VILESP.82.184.176.MED-105.1.T.D / 38.', NULL, NULL, '', 'PENDIENTE', 'VILLA ESPERANZA', 152441, 126033, 184, '2022'),
(1641, 16, 5726, 4, 74, 'A', 'M', 16, 'INVITADO', 'MED.VILESP.82.184.176.MED-105.1.M.A / 22.', NULL, NULL, '', 'PENDIENTE', 'VILLA ESPERANZA', 152450, 126041, 184, '2022'),
(1642, 16, 5726, 127, 3522, 'B', 'T', 16, 'INVITADO', 'MED.VILESP.82.184.176.MED-105.1.T.B / 61.', NULL, NULL, '', 'PENDIENTE', 'VILLA ESPERANZA', 152466, 126047, 184, '2022'),
(1643, 16, 5717, 115, 3301, 'I', 'M', 10, 'INVITADO', 'MED.VILESP.82.184.176.MED-101.1.M.I / 9.', NULL, NULL, '', 'PENDIENTE', 'VILLA ESPERANZA', 152469, 122064, 184, '2022'),
(1644, 16, 5725, 172, 35254, 'D', 'T', 8, 'INVITADO', 'MED.VILESP.82.184.176.MED-104.1.T.D / 67.', NULL, NULL, '', 'PENDIENTE', 'VILLA ESPERANZA', 152470, 126051, 184, '2022'),
(1645, 16, 2549, 186, 38695, 'A', 'M', 23, 'INVITADO', 'MED.VILESP.14.184.176.MED-600.6.M.A / 24.', NULL, NULL, '', 'PENDIENTE', 'VILLA ESPERANZA', 152477, 126054, 184, '2022'),
(1646, 16, 5717, 39, 520, 'G', 'T', 10, 'INVITADO', 'MED.VILESP.82.184.176.MED-101.1.T.G / 53.', NULL, NULL, '', 'PENDIENTE', 'VILLA ESPERANZA', 152479, 126055, 184, '2022'),
(1647, 16, 5719, 29, 372, 'H', 'M', 10, 'INVITADO', 'MED.VILESP.82.184.176.MED-102.1.M.H / 12.', NULL, NULL, '', 'PENDIENTE', 'VILLA ESPERANZA', 152481, 126057, 184, '2022'),
(1648, 16, 5719, 4, 74, 'G', 'T', 10, 'INVITADO', 'MED.VILESP.82.184.176.MED-102.1.T.G / 21.', NULL, NULL, '', 'PENDIENTE', 'VILLA ESPERANZA', 152482, 126058, 184, '2022'),
(1649, 16, 5719, 144, 4414, 'L', 'T', 12, 'INVITADO', 'MED.VILESP.82.184.176.MED-102.1.T.L / 71.', NULL, NULL, '', 'PENDIENTE', 'VILLA ESPERANZA', 152489, 126059, 184, '2022'),
(1650, 16, 5718, 129, 3868, 'E', 'T', 12, 'INVITADO', 'MED.VILESP.82.184.176.MED-103.1.T.E / 17.', NULL, NULL, '', 'PENDIENTE', 'VILLA ESPERANZA', 152492, 126060, 184, '2022'),
(1651, 16, 5718, 199, 45552, 'D', 'M', 8, 'INVITADO', 'MED.VILESP.82.184.176.MED-103.1.M.D / 62.', NULL, NULL, '', 'PENDIENTE', 'VILLA ESPERANZA', 152494, 126061, 184, '2022'),
(1652, 16, 1345, 265, 85374, 'PH', 'M', 22, 'INVITADO', 'MED.VILESP.14.184.176.MED-400 .4.M.PH / 40.', NULL, NULL, '', 'PENDIENTE', 'VILLA ESPERANZA', 152496, 126063, 184, '2022'),
(1653, 16, 1348, 95, 1760, 'PH', 'M', 22, 'INVITADO', 'MED.VILESP.14.184.176.MED-400 .4.M.PH / 19.', NULL, NULL, '', 'PENDIENTE', 'VILLA ESPERANZA', 152497, 126064, 184, '2022'),
(1654, 16, 838, 113, 3298, 'PH', 'M', 22, 'INVITADO', 'MED.VILESP.14.184.176.MED - 503.5.M.PH / 41.', NULL, NULL, '', 'PENDIENTE', 'VILLA ESPERANZA', 152498, 126065, 184, '2022'),
(1655, 16, 1363, 238, 70911, 'PH', 'M', 22, 'INVITADO', 'MED.VILESP.14.184.176.MED-501.5.M.PH / 69.', NULL, NULL, '', 'PENDIENTE', 'VILLA ESPERANZA', 152499, 126066, 184, '2022'),
(1656, 16, 1361, 261, 84709, 'PH', 'M', 22, 'INVITADO', 'MED.VILESP.14.184.176.MED-501.5.M.PH / 34.', NULL, NULL, '', 'PENDIENTE', 'VILLA ESPERANZA', 152500, 126067, 184, '2022'),
(1657, 16, 1362, 281, 103134, 'PH', 'M', 22, 'INVITADO', 'MED.VILESP.14.184.176.MED-501.5.M.PH / 31.', NULL, NULL, '', 'PENDIENTE', 'VILLA ESPERANZA', 152501, 126068, 184, '2022'),
(1658, 16, 5725, 78, 1383, 'B', 'M', 8, 'INVITADO', 'MED.VILESP.82.184.176.MED-104.1.M.B / 23.', NULL, NULL, '', 'PENDIENTE', 'VILLA ESPERANZA', 152502, 126062, 184, '2022'),
(1659, 17, 2507, 133, 4365, 'A', 'M', 40, 'INVESTIGADOR', 'MED.INSDEINV.14.190.176.INV.11.M.A / 2.', NULL, NULL, '', 'PENDIENTE', 'INSTITUTO DE  INVESTIGACIÓN', 153388, 126734, 190, '2022 INVESTIGACIÓN'),
(1660, 17, 2507, 254, 81982, 'B', 'T', 40, 'INVESTIGADOR', 'MED.INSDEINV.14.190.176.INV.11.T.B / 1.', NULL, NULL, '', 'PENDIENTE', 'INSTITUTO DE  INVESTIGACIÓN', 153389, 126735, 190, '2022 INVESTIGACIÓN'),
(1661, 16, 5718, 39, 520, 'B', 'T', 16, 'INVITADO', 'MED.VILESP.82.184.176.MED-103.1.T.B / 73.', NULL, NULL, '', 'PENDIENTE', 'VILLA ESPERANZA', 154170, 127248, 184, '2022'),
(1662, 16, 6104, 255, 84018, 'I', 'T', 28, 'INVITADO', 'MED.VILESP.82.184.176.MED-200.2.T.I / 77.', NULL, NULL, '', 'PENDIENTE', 'VILLA ESPERANZA', 154616, 127648, 184, '2022'),
(1663, 16, 6107, 206, 48236, 'F', 'M', 15, 'INVITADO', 'MED.VILESP.82.184.176.MED-201.2.M.F / 91.', NULL, NULL, '', 'PENDIENTE', 'VILLA ESPERANZA', 154623, 127661, 184, '2022'),
(1664, 16, 6110, 66, 1280, 'D', 'M', 16, 'INVITADO', 'MED.VILESP.82.184.176.MED-206.2.M.D / 86.', NULL, NULL, '', 'PENDIENTE', 'VILLA ESPERANZA', 154635, 127668, 184, '2022'),
(1665, 16, 6878, 290, 162233, 'E', 'T', 18, 'INVITADO', 'MED.VILESP.82.184.176.MED-300.3.T.E / 95.', NULL, NULL, '', 'PENDIENTE', 'VILLA ESPERANZA', 154677, 127683, 184, '2022'),
(1666, 16, 6879, 283, 140510, 'PH', 'M', 33, 'INVITADO', 'MED.VILESP.82.184.176.MED-301.3.M.PH / 84.', NULL, NULL, '', 'PENDIENTE', 'VILLA ESPERANZA', 154681, 127685, 184, '2022'),
(1667, 16, 6882, 93, 1758, 'PH', 'M', 20, 'INVITADO', 'MED.VILESP.82.184.176.MED-304.3.M.PH / 85.', NULL, NULL, '', 'PENDIENTE', 'VILLA ESPERANZA', 154683, 127687, 184, '2022'),
(1668, 16, 1345, 224, 57848, 'PH', 'M', 36, 'INVITADO', 'MED.VILESP.14.184.176.MED-400 .4.M.PH / 89.', NULL, NULL, '', 'PENDIENTE', 'VILLA ESPERANZA', 154714, 127702, 184, '2022'),
(1669, 16, 1365, 237, 70399, 'PH', 'M', 36, 'INVITADO', 'MED.VILESP.14.184.176.MED-502.5.M.PH / 94.', NULL, NULL, '', 'PENDIENTE', 'VILLA ESPERANZA', 154721, 127706, 184, '2022'),
(1670, 16, 5718, 275, 100033, 'F', 'N', 12, 'INVITADO', 'MED.VILESP.82.184.176.MED-103.1.N.F / 87.', NULL, NULL, '', 'PENDIENTE', 'VILLA ESPERANZA', 154725, 127710, 184, '2022'),
(1671, 16, 6883, 85, 1492, 'A', 'M', 16, 'INVITADO', 'MED.VILESP.82.184.176.MED-305.3.M.A / 81.', NULL, NULL, '', 'PENDIENTE', 'VILLA ESPERANZA', 154878, 127690, 184, '2022'),
(1672, 16, 6111, 167, 32343, 'B', 'T', 28, 'INVITADO', 'MED.VILESP.82.184.176.MED-207.2.T.B / 78.', NULL, NULL, '', 'PENDIENTE', 'VILLA ESPERANZA', 154879, 127670, 184, '2022'),
(1673, 16, 5725, 282, 131399, 'C', 'N', 16, 'INVITADO', 'MED.VILESP.82.184.176.MED-104.1.N.C / 93.', NULL, NULL, '', 'PENDIENTE', 'VILLA ESPERANZA', 154882, 127822, 184, '2022'),
(1674, 16, 6104, 193, 40166, 'E', 'M', 24, 'INVITADO', 'MED.VILESP.82.184.176.MED-200.2.M.E / 92.', NULL, NULL, '', 'PENDIENTE', 'VILLA ESPERANZA', 154883, 125953, 184, '2022'),
(1675, 16, 6880, 229, 63325, 'A', 'T', 24, 'INVITADO', 'MED.VILESP.82.184.176.MED-302.3.T.A / 83.', NULL, NULL, '', 'PENDIENTE', 'VILLA ESPERANZA', 154969, 127870, 184, '2022'),
(1676, 16, 1351, 280, 103133, 'PH', 'M', 36, 'INVITADO', 'MED.VILESP.14.184.176.MED-400 .4.M.PH / 80.', NULL, NULL, '', 'PENDIENTE', 'VILLA ESPERANZA', 155339, 128151, 184, '2022'),
(1677, 16, 1353, 151, 4510, 'PH', 'M', 36, 'INVITADO', 'MED.VILESP.14.184.176.MED-401 .4.M.PH / 90.', NULL, NULL, '', 'PENDIENTE', 'VILLA ESPERANZA', 155341, 127703, 184, '2022'),
(1678, 16, 6882, 289, 149342, 'PH', 'T', 20, 'INVITADO', 'MED.VILESP.82.184.176.MED-304.3.T.PH / 108.', NULL, NULL, '', 'PENDIENTE', 'VILLA ESPERANZA', 155343, 128152, 184, '2022'),
(1679, 16, 1356, 203, 46798, 'PH', 'M', 36, 'INVITADO', 'MED.VILESP.14.184.176.MED-500.5.M.PH / 82.', NULL, NULL, '', 'PENDIENTE', 'VILLA ESPERANZA', 155366, 128161, 184, '2022'),
(1680, 16, 823, 162, 29587, 'F', 'T', 18, 'INVITADO', 'MED.VILESP.14.184.176.MED-300.3.T.F / 105.', NULL, NULL, '', 'PENDIENTE', 'VILLA ESPERANZA', 155369, 122217, 184, '2022'),
(1681, 16, 6879, 292, 168054, 'PH', 'T', 33, 'INVITADO', 'MED.VILESP.82.184.176.MED-301.3.T.PH / 75.', NULL, NULL, '', 'PENDIENTE', 'VILLA ESPERANZA', 155380, 128170, 184, '2022'),
(1682, 16, 6879, 110, 2764, 'PH', 'T', 33, 'INVITADO', 'MED.VILESP.82.184.176.MED-301.3.T.PH / 88.', NULL, NULL, '', 'PENDIENTE', 'VILLA ESPERANZA', 155386, 127886, 184, '2022'),
(1683, 16, 5717, 34, 472, 'J', 'T', 17, 'INVITADO', 'MED.VILESP.82.184.176.MED-101.1.T.J / 74.', NULL, NULL, '', 'PENDIENTE', 'VILLA ESPERANZA', 155416, 128180, 184, '2022'),
(1684, 16, 6880, 291, 168038, 'B', 'M', 24, 'INVITADO', 'MED.VILESP.82.184.176.MED-302.3.M.B / 76.', NULL, NULL, '', 'PENDIENTE', 'VILLA ESPERANZA', 155425, 127882, 184, '2022'),
(1685, 16, 6878, 109, 2491, 'B', 'T', 18, 'INVITADO', 'MED.VILESP.82.184.176.MED-300.3.T.B / 79.', NULL, NULL, '', 'PENDIENTE', 'VILLA ESPERANZA', 155430, 127884, 184, '2022'),
(1686, 16, 840, 98, 1783, 'B', 'M', 21, 'INVITADO', 'MED.VILESP.14.184.176.MED - 505.5.M.B / 96.', NULL, NULL, '', 'PENDIENTE', 'VILLA ESPERANZA', 155437, 128199, 184, '2022'),
(1687, 16, 6882, 298, 183812, 'PH', 'T', 20, 'INVITADO', 'MED.VILESP.82.184.176.MED-304.3.T.PH / 99.', NULL, NULL, '', 'PENDIENTE', 'VILLA ESPERANZA', 155440, 128169, 184, '2022'),
(1688, 16, 6882, 303, 185859, 'PH', 'M', 20, 'INVITADO', 'MED.VILESP.82.184.176.MED-304.3.M.PH / 100.', NULL, NULL, '', 'PENDIENTE', 'VILLA ESPERANZA', 155451, 127887, 184, '2022'),
(1689, 16, 6106, 186, 38695, 'C', 'T', 15, 'INVITADO', 'MED.VILESP.82.184.176.MED-203.2.T.C / 97.', NULL, NULL, '', 'PENDIENTE', 'VILLA ESPERANZA', 155822, 128384, 184, '2022'),
(1690, 16, 833, 285, 148258, 'PH', 'M', 32, 'INVITADO', 'MED.VILESP.14.184.176.MED-404.4.M.PH / 109.', NULL, NULL, '', 'PENDIENTE', 'VILLA ESPERANZA', 155824, 128385, 184, '2022'),
(1691, 16, 1359, 296, 183239, 'PH', 'M', 32, 'INVITADO', 'MED.VILESP.14.184.176.MED-501.5.M.PH / 106.', NULL, NULL, '', 'PENDIENTE', 'VILLA ESPERANZA', 155828, 128386, 184, '2022'),
(1692, 16, 1352, 213, 52334, 'PH', 'M', 32, 'INVITADO', 'MED.VILESP.14.184.176.MED-401 .4.M.PH / 107.', NULL, NULL, '', 'PENDIENTE', 'VILLA ESPERANZA', 155831, 128150, 184, '2022'),
(1693, 16, 1348, 299, 184465, 'PH', 'M', 32, 'INVITADO', 'MED.VILESP.14.184.176.MED-400 .4.M.PH / 110.', NULL, NULL, '', 'PENDIENTE', 'VILLA ESPERANZA', 155835, 127890, 184, '2022'),
(1694, 16, 1355, 273, 99975, 'PH', 'M', 32, 'INVITADO', 'MED.VILESP.14.184.176.MED-500.5.M.PH / 98.', NULL, NULL, '', 'PENDIENTE', 'VILLA ESPERANZA', 155846, 128392, 184, '2022'),
(1695, 16, 1346, 107, 2471, 'PH', 'M', 32, 'INVITADO', 'MED.VILESP.14.184.176.MED-400 .4.M.PH / 102.', NULL, NULL, '', 'PENDIENTE', 'VILLA ESPERANZA', 155848, 128395, 184, '2022'),
(1696, 16, 6879, 301, 185517, 'PH', 'T', 32, 'INVITADO', 'MED.VILESP.82.184.176.MED-301.3.T.PH / 101.', NULL, NULL, '', 'PENDIENTE', 'VILLA ESPERANZA', 155853, 128396, 184, '2022'),
(1697, 16, 6879, 297, 183811, 'PH', 'M', 32, 'INVITADO', 'MED.VILESP.82.184.176.MED-301.3.M.PH / 104.', NULL, NULL, '', 'PENDIENTE', 'VILLA ESPERANZA', 155858, 128398, 184, '2022'),
(1698, 16, 1355, 300, 185264, 'PH', 'M', 32, 'INVITADO', 'MED.VILESP.14.184.176.MED-500.5.M.PH / 103.', NULL, NULL, '', 'PENDIENTE', 'VILLA ESPERANZA', 155869, 128397, 184, '2022'),
(1699, 16, 5725, 16, 232, 'E', 'T', 12, 'INVITADO', 'MED.VILESP.82.184.176.MED-104.1.T.E / 112.', NULL, NULL, '', 'PENDIENTE', 'VILLA ESPERANZA', 156939, 129044, 184, '2022'),
(1700, 16, 6110, 29, 372, 'D', 'M', 16, 'INVITADO', 'MED.VILESP.82.184.176.MED-206.2.M.D / 111.', NULL, NULL, '', 'PENDIENTE', 'VILLA ESPERANZA', 156940, 129045, 184, '2022'),
(1701, 16, 6880, 206, 48236, 'B', 'M', 21, 'INVITADO', 'MED.VILESP.82.184.176.MED-302.3.M.B / 113.', NULL, NULL, '', 'PENDIENTE', 'VILLA ESPERANZA', 156941, 129046, 184, '2022'),
(1702, 16, 1352, 187, 38727, 'PH', 'M', 34, 'INVITADO', 'MED.VILESP.14.184.176.MED-401 .4.M.PH / 116.', NULL, NULL, '', 'PENDIENTE', 'VILLA ESPERANZA', 156942, 129047, 184, '2022'),
(1703, 16, 6883, 87, 1674, 'B', 'T', 16, 'INVITADO', 'MED.VILESP.82.184.176.MED-305.3.T.B / 114.', NULL, NULL, '', 'PENDIENTE', 'VILLA ESPERANZA', 156950, 129049, 184, '2022'),
(1704, 16, 6879, 295, 183162, 'PH', 'T', 34, 'INVITADO', 'MED.VILESP.82.184.176.MED-301.3.T.PH / 117.', NULL, NULL, '', 'PENDIENTE', 'VILLA ESPERANZA', 156951, 129050, 184, '2022'),
(1705, 16, 1350, 304, 185983, 'PH', 'M', 34, 'INVITADO', 'MED.VILESP.14.184.176.MED-400 .4.M.PH / 121.', NULL, NULL, '', 'PENDIENTE', 'VILLA ESPERANZA', 156952, 127889, 184, '2022'),
(1706, 16, 1350, 302, 185853, 'PH', 'M', 34, 'INVITADO', 'MED.VILESP.14.184.176.MED-400 .4.M.PH / 119.', NULL, NULL, '', 'PENDIENTE', 'VILLA ESPERANZA', 156955, 127888, 184, '2022'),
(1707, 16, 1354, 76, 1349, 'PH', 'M', 34, 'INVITADO', 'MED.VILESP.14.184.176.MED-401 .4.M.PH / 120.', NULL, NULL, '', 'PENDIENTE', 'VILLA ESPERANZA', 156959, 129054, 184, '2022'),
(1708, 16, 6882, 93, 1758, 'PH', 'M', 15, 'INVITADO', 'MED.VILESP.82.184.176.MED-304.3.M.PH / 115.', NULL, NULL, '', 'PENDIENTE', 'VILLA ESPERANZA', 157003, 129063, 184, '2022'),
(1709, 16, 6110, 269, 95255, 'E', 'N', 12, 'INVITADO', 'MED.VILESP.82.184.176.MED-206.2.N.E / 118.', NULL, NULL, '', 'PENDIENTE', 'VILLA ESPERANZA', 157056, 129051, 184, '2022');

-- --------------------------------------------------------

--
-- Estructura de tabla para la tabla `asignatura`
--

CREATE TABLE `asignatura` (
  `id_asignatura` int(11) NOT NULL,
  `pensum_id` int(11) NOT NULL,
  `nivel` tinyint(4) DEFAULT NULL,
  `sigla_asignatura` varchar(20) COLLATE utf8_spanish_ci NOT NULL,
  `nombre` varchar(200) COLLATE utf8_spanish_ci NOT NULL,
  `estado` char(1) COLLATE utf8_spanish_ci NOT NULL DEFAULT 'A'
) ENGINE=InnoDB DEFAULT CHARSET=utf8 COLLATE=utf8_spanish_ci COMMENT='InnoDB free: 8192 kB; (`pensum_id`) REFER `sia_upea/pensum`(';

--
-- Volcado de datos para la tabla `asignatura`
--

INSERT INTO `asignatura` (`id_asignatura`, `pensum_id`, `nivel`, `sigla_asignatura`, `nombre`, `estado`) VALUES
(814, 14, 1, 'MED - 100', 'ANATOMIA HUMANA - NEUROANATOMÍA', 'A'),
(815, 14, 1, 'MED - 101', 'EMBRIOLOGÍA Y GENÉTICA', 'A'),
(816, 14, 1, 'MED - 102', 'HISTOLOGÍA', 'A'),
(817, 14, 1, 'MED - 103', 'SALUD PÚBLICA I', 'A'),
(818, 14, 2, 'MED-200', 'FISIOLOGÍA - BIOFÍSICA', 'A'),
(819, 14, 2, 'MED - 202', 'BIOQUÍMICA - BIOLOGÍA MOLECULAR', 'A'),
(820, 14, 2, 'MED - 203', 'MICROBIOLOGÍA', 'A'),
(821, 14, 2, 'MED - 201', 'PARASITOLOGÍA', 'A'),
(822, 14, 2, 'MED-204', 'SALUD PÚBLICA II', 'A'),
(823, 14, 3, 'MED-300', 'FISIOPATOLOGÍA ', 'A'),
(824, 14, 3, 'MED - 302', 'FARMACOLOGÍA', 'A'),
(825, 14, 3, 'MED - 303', 'ANATOMÍA PATOLÓGICA', 'A'),
(826, 14, 3, 'MED-301', 'MEDICINA I', 'A'),
(827, 14, 3, 'MED-304', 'CIRUGÍA I', 'A'),
(828, 14, 3, 'MED - 305', 'PSICOLOGÍA MÉDICA', 'A'),
(829, 14, 4, 'MED-400', 'MEDICINA II', 'A'),
(830, 14, 4, 'MED-401', 'CIRUGIA II', 'A'),
(831, 14, 4, 'MED - 402', 'NEUROLOGÍA - NEUROCIRUGIA', 'A'),
(832, 14, 4, 'MED - 403', 'PSICOPATOLOGÍA - PSIQUIATRÍA', 'A'),
(833, 14, 4, 'MED-404', 'TRAUMATOLOGÍA - ORTOPEDIA', 'A'),
(834, 14, 4, 'MED-405', 'SALUD PÚBLICA III', 'A'),
(835, 14, 5, 'MED-500', 'MEDICINA III', 'A'),
(836, 14, 5, 'MED-501', 'CIRUGÍA III', 'A'),
(837, 14, 5, 'MED - 502', 'GINECOLOGIA - OBSTETRICIA', 'A'),
(838, 14, 5, 'MED - 503', 'PEDIATRÍA', 'A'),
(839, 14, 5, 'MED - 504', 'MEDICINA LEGAL', 'A'),
(840, 14, 5, 'MED - 505', 'SALUD PÚBLICA IV', 'A'),
(1342, 14, 3, 'MED-301-01', 'Semiología (MEDICINA I)', 'A'),
(1343, 14, 3, 'MED-301-02', 'RADIOLOGíA  (MEDICINA I)', 'A'),
(1344, 14, 3, 'MED-301-03', 'LABORATORIO CLíNICO  (MEDICINA I)', 'A'),
(1345, 14, 4, 'MED-400 ', 'Cardiología (MEDICINA II)', 'A'),
(1346, 14, 4, 'MED-400 ', 'Neumología (MEDICINA II)', 'A'),
(1347, 14, 4, 'MED-400 ', 'Reumatología  (MEDICINA II)', 'A'),
(1348, 14, 4, 'MED-400 ', 'Inmunología (MEDICINA II)', 'A'),
(1349, 14, 4, 'MED-400 ', 'Dermatología  (MEDICINA II)', 'A'),
(1350, 14, 4, 'MED-400 ', 'Infectología  (MEDICINA II)', 'A'),
(1351, 14, 4, 'MED-400 ', 'Medicina Tropical (MEDICINA II)', 'A'),
(1352, 14, 4, 'MED-401 ', 'Patología Quirúrgica (CIRUGIA II)', 'A'),
(1353, 14, 4, 'MED-401 ', 'Cirugía Cara - Cuello (CIRUGÍA II)', 'A'),
(1354, 14, 4, 'MED-401 ', 'Cirugía Cardiovascular  (CIRUGÍA II)', 'A'),
(1355, 14, 5, 'MED-500', 'Gastroenterología (MEDICINA III)', 'A'),
(1356, 14, 5, 'MED-500', 'Endocrinología (MEDICINA III)', 'A'),
(1357, 14, 5, 'MED-500', 'Nefrología (MEDICINA III)', 'A'),
(1358, 14, 5, 'MED-500', 'Hematología (MEDICINA III)', 'A'),
(1359, 14, 5, 'MED-501', 'Cirugía de Abdomen (CIRUGIA III)', 'A'),
(1360, 14, 5, 'MED-501', 'Urología (CIRUGIA III)', 'A'),
(1361, 14, 5, 'MED-501', 'Otorrinolaringología (CIRUGIA III)', 'A'),
(1362, 14, 5, 'MED-501', 'Oftalmología (CIRUGIA III)', 'A'),
(1363, 14, 5, 'MED-501', 'Anestesiología (CIRUGIA III)', 'A'),
(1364, 14, 5, 'MED-502', 'Ginecología (GINECOLOGIA - OBSTETRICIA)', 'A'),
(1365, 14, 5, 'MED-502', 'Obstetricia (GINECOLOGIA - OBSTETRICIA)', 'A'),
(1644, 14, NULL, 'PX-MED', 'PRIMEROS AUXILIOS', 'A'),
(1645, 14, 0, 'FIS-MED', 'FISICA', 'A'),
(1646, 14, 0, 'ANA-MED', 'ANATOMIA', 'A'),
(1647, 14, 0, 'QUI-MED', 'QUIMICA', 'A'),
(1649, 14, 0, 'BIO-MED', 'BIOLOGIA', 'A'),
(1655, 14, 0, 'LTE-MED', 'LENGUAJE Y TECNICAS DE ESTUDIO', 'A'),
(1698, 14, 0, 'PA-MED', 'PRIMEROS AUXILIOS', 'A'),
(1840, 14, 2, 'MED - 204', 'SALUD PÚBLICA II', 'I'),
(1934, 14, 5, 'MED-503', 'PEDIATRIA', 'I'),
(1935, 14, 1, 'MED-100', 'ANATOMIA HUMANA-NEUROANATOMIA', 'I'),
(1936, 14, 5, 'MED-502', 'OBSTETRIA(GINECOLOGIA-OBSTETRICIA)', 'I'),
(1937, 14, 3, 'MED-301', 'SEMIOLOGIA(MEDICINA I)', 'I'),
(1938, 14, 2, 'MED-200', 'FISIOLOGIA-BIOFISICA', 'I'),
(1939, 14, 5, 'MED-504', 'MEDICINA LEGAL', 'I'),
(1940, 14, 3, 'MED-304', 'CIRUGIA I', 'I'),
(1941, 14, 5, 'MED-501', 'ANESTESIOLOGIA(CIRUGIA III)', 'I'),
(1942, 14, 5, 'MED-500', 'ENDOCRINOLOGIA(MEDICINA III)', 'I'),
(1943, 14, 3, 'MED-303', 'ANATOMIA PATOLOGICA', 'I'),
(1944, 14, 4, 'MED-403', 'PSICOPATOLOGIA-PSIQUIATRIA', 'I'),
(1945, 14, 5, 'MED-500', 'NEFROLOGIA(MEDICINA III)', 'I'),
(1946, 14, 4, 'MED-400', 'INFECTOLOGIA', 'I'),
(1947, 14, 4, 'MED-405', 'SALUD PUBLICA III', 'I'),
(1948, 14, 5, 'MED-500', 'HEMATOLOGIA(MEDICINA III)', 'I'),
(1949, 14, 5, 'MED-505', 'SALUD PUBLICA IV', 'I'),
(1950, 14, 5, 'MED-501', 'UROLOGIA(CIRUGIA III)', 'I'),
(1951, 14, 5, 'MED-503', 'PEDIATRIA', 'I'),
(1953, 14, 4, 'MED-404', 'TRAUMATOLOGIA-ORTOPEDIA', 'I'),
(2040, 14, 0, 'PRIN-UNIV', 'PRIN. UNIVERSITARIOS', 'A'),
(2111, 14, 1, 'MED-100', 'ANATOMIA HUMANA - NEUROANATOMIA', 'A'),
(2112, 14, 1, 'MED-101', 'EMBRIOLOGIA GENETICA', 'A'),
(2113, 14, 1, 'MED-102', 'HISTOLOGIA', 'A'),
(2114, 14, 2, 'MED-200', 'FISIOLOGIA-BIOFISICA', 'A'),
(2115, 14, 2, 'MED-202', 'BIOQUIMICA - BIOLOGIA MOLECULAR', 'A'),
(2116, 14, 2, 'MED-203', 'MICROBIOLOGIA', 'A'),
(2117, 14, 2, 'MED-201', 'PARASITOLOGIA', 'A'),
(2118, 14, 2, 'MED-204', 'SALUD PUBLICA II', 'A'),
(2119, 14, 3, 'MED 300', 'FISIOPATOLOGIA', 'A'),
(2120, 14, 3, 'MED-302', 'FARMACOLOGIA', 'A'),
(2121, 14, 4, 'MED-405', 'SALUD PUBLICA III', 'A'),
(2507, 14, 11, 'INV', 'INVESTIGACION', 'A'),
(2549, 14, 6, 'MED-600', 'INTERNADO ROTATORIO', 'A'),
(2962, 14, 0, 'COO', 'COORDINADOR PREUNIVERSITARIO', 'A'),
(2966, 14, 1, 'MED-100', 'ANATOMIA HUMANA - NEUROANATOMIA', 'A'),
(2967, 14, 3, 'MED-301-02', 'RADIOLOGIA (MEDICINAI)', 'I'),
(2968, 14, 3, 'MED-301-03', 'LABORATORIO CLINICO (MEDICINA I)', 'A'),
(3370, 14, 0, 'MAT-MED', 'MATEMATICAS', 'A'),
(3494, 14, 11, 'INV', 'INVESTIGACION', 'A'),
(5716, 82, 1, 'MED-100', 'ANATOMÍA HUMANA - NEUROANATOMÍA CLÍNICA', 'A'),
(5717, 82, 1, 'MED-101', 'EMBRIOLOGÍA CLÍNICA - GENÉTICA MEDICA', 'A'),
(5718, 82, 1, 'MED-103', 'SALUD PÚBLICA E INTERCULTURALIDAD', 'A'),
(5719, 82, 1, 'MED-102', 'HISTOLOGÍA MEDICA - BIOLOGÍA CELULAR', 'A'),
(5725, 82, 1, 'MED-104', 'METODOLOGÍA DE LA INVESTIGACIÓN', 'A'),
(5726, 82, 1, 'MED-105', 'INTEGRACIÓN BÁSICA CLÍNICA I', 'A'),
(6104, 82, 2, 'MED-200', 'FISIOLOGÍA MEDICA', 'A'),
(6105, 82, 2, 'MED-202', 'BIOQUÍMICA-BIOLOGÍA MOLECULAR', 'A'),
(6106, 82, 2, 'MED-203', 'BACTERIOLOGÍA-VIROLOGÍA MEDICA', 'A'),
(6107, 82, 2, 'MED-201', 'PARASITOLOGÍA-MICOLOGÍA MEDICA', 'A'),
(6108, 82, 2, 'MED-204', 'SALUD PÚBLICA II', 'A'),
(6109, 82, 2, 'MED-205', 'PSICOLOGÍA MEDICA', 'A'),
(6110, 82, 2, 'MED-206', 'METODOLOGÍA DE LA INVESTIGACIÓN II', 'A'),
(6111, 82, 2, 'MED-207', 'INTEGRACIÓN BÁSICA CLÍNICO II', 'A'),
(6878, 82, 3, 'MED-300', 'FISIOPATOLOGIA', 'A'),
(6879, 82, 3, 'MED-301', 'MEDICINA I (Semiología, Laboratorio Clínico - Radiología)', 'A'),
(6880, 82, 3, 'MED-302', 'FARMACOLOGÍA CLÍNICA', 'A'),
(6881, 82, 3, 'MED-303', 'ANATOMÍA PATOLÓGICA', 'A'),
(6882, 82, 3, 'MED-304', 'CIRUGÍA I', 'A'),
(6883, 82, 3, 'MED-305', 'IDIOMA INGLÉS', 'A');

-- --------------------------------------------------------

--
-- Estructura de tabla para la tabla `curso`
--

CREATE TABLE `curso` (
  `id_curso` int(11) NOT NULL,
  `id_docente` int(11) NOT NULL,
  `id_curso_tipo` int(11) NOT NULL,
  `institucion` varchar(100) DEFAULT NULL,
  `nombre_evento` varchar(250) DEFAULT NULL,
  `carga_horaria` mediumint(9) DEFAULT NULL,
  `fecha_evento` date DEFAULT NULL,
  `archivo_digital` varchar(250) DEFAULT NULL
) ENGINE=InnoDB DEFAULT CHARSET=utf8;

--
-- Volcado de datos para la tabla `curso`
--

INSERT INTO `curso` (`id_curso`, `id_docente`, `id_curso_tipo`, `institucion`, `nombre_evento`, `carga_horaria`, `fecha_evento`, `archivo_digital`) VALUES
(1, 1, 2, 'CONGRESO LATINOAMERICANO DE MEDICINA', 'TECNICAS DE MEDICINA', 26, '2022-05-11', 'MANUAL_TECNICO_garmaser.pdf'),
(2, 1, 1, 'CONGRESO LATINOAMERICANO DE MEDICINA', 'TECNICAS DE MEDICINA', 4, '2022-05-12', 'MANUAL_TECNICO_garmaser-42757.pdf');

-- --------------------------------------------------------

--
-- Estructura de tabla para la tabla `curso_tipo`
--

CREATE TABLE `curso_tipo` (
  `id_curso_tipo` int(11) NOT NULL,
  `nombre_curso_tipo` varchar(45) DEFAULT NULL,
  `descripcion_curso_tipo` varchar(550) DEFAULT NULL
) ENGINE=InnoDB DEFAULT CHARSET=utf8;

--
-- Volcado de datos para la tabla `curso_tipo`
--

INSERT INTO `curso_tipo` (`id_curso_tipo`, `nombre_curso_tipo`, `descripcion_curso_tipo`) VALUES
(1, 'Congresos', NULL),
(2, 'Foros', NULL),
(3, 'Seminarios', NULL);

-- --------------------------------------------------------

--
-- Estructura de tabla para la tabla `docente`
--

CREATE TABLE `docente` (
  `id_docente` int(11) NOT NULL,
  `siacop_id_persona` int(11) DEFAULT NULL,
  `tipo_documento` enum('CI','CIE','DNI','PASAPORTE') DEFAULT NULL,
  `ci` char(15) DEFAULT NULL,
  `expedido` enum('LP','OR','CBBA','CH','PT','SC','BN','TJ','PD','PERU','ITA','OTRO','') DEFAULT NULL,
  `nombre` char(50) DEFAULT NULL,
  `paterno` char(20) DEFAULT NULL,
  `materno` char(30) DEFAULT NULL,
  `nacionalidad` varchar(45) DEFAULT NULL,
  `fecha_nacimiento` date DEFAULT NULL,
  `genero` enum('M','F') DEFAULT NULL,
  `direccion` varchar(255) DEFAULT NULL,
  `telefono` char(20) DEFAULT NULL,
  `celular` int(8) DEFAULT NULL,
  `email` varchar(45) DEFAULT NULL,
  `codigo_archivo` smallint(6) DEFAULT NULL
) ENGINE=InnoDB DEFAULT CHARSET=utf8;

--
-- Volcado de datos para la tabla `docente`
--

INSERT INTO `docente` (`id_docente`, `siacop_id_persona`, `tipo_documento`, `ci`, `expedido`, `nombre`, `paterno`, `materno`, `nacionalidad`, `fecha_nacimiento`, `genero`, `direccion`, `telefono`, `celular`, `email`, `codigo_archivo`) VALUES
(1, 6, 'CI', '240732', 'LP', 'NELSON RAUL', 'CANDIA', 'CAMPOS', 'BOLIVIA', '1955-01-03', 'M', 'C/SEVERO ALONZO NO. 1909 Z- SOPOCACHI', '2417180', 71531636, '', NULL),
(2, 46, 'CI', '618287', 'OR', 'ANGEL EDMUNDO', 'VEIZAGA', 'QUISPE', 'BOLIVIA', '1953-04-12', 'M', 'AV. ITURRALDE NO. 1043 Z- MIRAFLORES', '2240829', 70680753, 'angicho7@yahoo.es', 3),
(3, 48, 'CI', '644299', 'OR', 'CARLOS FIDEL', 'URQUIETA', 'GALVAN', 'BOLIVIA', '1955-02-02', 'M', '', NULL, 0, '', NULL),
(4, 74, 'CI', '1324488', '', 'MARCO ANTONIO', 'CAVIEDES', 'VARGAS', 'BOLIVIA', '1958-04-26', 'M', 'C-21 DE ENERO No. 25 - Z. PURA PURA', '', 71543519, 'marco.caviedes@hotmail.com', NULL),
(5, 115, 'CI', '2097806-1M', 'LP', 'DELFIN EDWIN', 'LAURA', 'NINA', 'BOLIVIA', '1970-12-24', 'M', 'AV. HUAYNA POTOSI No. 214 Z. ALTO LIMA 2DA SECCION', '', 74055656, 'defin_landr@hotmail.com', 2),
(6, 124, 'CI', '2200643', 'LP', 'GERMAN', 'MONTEVILLA', 'VARGAS', 'BOLIVIA', '1955-02-04', 'M', 'AVENIDA 4 RAUL SALMON N. 1090 ZONA PAMPAHASI', '2256149', 77269691, 'GMONTEVILLA001@YAHOO.COM', NULL),
(7, 139, 'CI', '2213619', 'LP', 'HECTOR RAFAEL', 'QUEVEDO', 'GUZMAN', 'BOLIVIA', '1957-11-27', 'M', '', NULL, 0, '', NULL),
(8, 169, 'CI', '2286321', 'LP', 'ELIAS', 'CALLE', 'VELA', 'BOLIVIA', '1964-07-20', 'M', 'C. 14 DE NOVIEMBRE NO. 205 Z. VILLA SAN ANTONIO', '', 71920913, 'ecaller@yahoo.es', 1),
(9, 177, 'CI', '2307568', 'LP', 'FERNANDO GENARO', 'CARVAJAL', 'VILLAFUERTE', 'BOLIVIA', '1959-02-02', 'M', 'C. NESTOR MORALES 1363 Z. MIRAFLORES', NULL, 61167903, 'NACARVILL@HOTMAIL.COM', NULL),
(10, 187, 'CI', '2317736', 'LP', 'LUZ SORAYA', 'VEGA', 'ZENTENO', 'BOLIVIA', '1960-01-07', 'F', 'C/MIGUIEL ESTENSSORO Nº 1076', '2285453', 71582989, 'SORAYA_VEGAZ@YAHOO.ES', NULL),
(11, 198, 'CI', '2337822', 'LP', 'SEFERINO JULIO', 'CHÁVEZ', 'RÍOS', 'BOLIVIA', '1948-02-02', 'M', '', NULL, 0, '', NULL),
(12, 204, 'CI', '2353714', 'LP', 'FREDDY ROLANDO', 'VALLE', 'CALDERON', 'BOLIVIA', '1950-11-19', 'M', '', NULL, 0, '', NULL),
(13, 227, 'CI', '2376101', 'LP', 'LUIS ANGEL', 'NAVARRO', 'AGREDA', 'BOLIVIA', '1962-08-02', 'M', 'Av. PASOS KANQUI ED. S.M. PORRES No. 1649 Z. MIRAFLORES', '2226984', 71554192, 'luisangelnav2000@yoboo.es', NULL),
(14, 228, 'CI', '2377262', 'LP', 'CLAUDIO HUMBERTO', 'MONTENEGRO', 'DE LA RIVA', 'BOLIVIA', '1958-07-11', 'M', '', NULL, 0, '', NULL),
(15, 229, 'CI', '2379433', 'LP', 'JOSE NESTOR', 'HUAMPO', 'ZARATE', 'BOLIVIA', '1964-12-25', 'M', 'ZONA 16 DE JULIO AV. JUAN PABLO II No. 3014', '', 76263443, 'josehuampo25@gmial.com', NULL),
(16, 232, 'CI', '2383132', 'LP', 'JHONNY GABRIEL', 'QUISPE', 'HUANCA', 'BOLIVIA', '1966-03-18', 'M', 'CALLEJON CERVANTES No. 553 ZONA CALLAMPAYA', '2458182', 73006319, 'jquispeh@gmail.com', NULL),
(17, 253, 'CI', '2442722', 'LP', 'FELIX WALDO', 'SOSSA', 'ARGANI', 'BOLIVIA', '1958-11-11', 'M', '', NULL, 0, '', NULL),
(18, 256, 'CI', '2447383', 'LP', 'RITA VIVIAN', 'RUA', 'RODRIGUEZ', 'BOLIVIA', '1963-05-09', 'F', '', NULL, 0, '', NULL),
(19, 257, 'CI', '2447667', 'LP', 'EDGAR JONNY', 'HUIZA', 'LIMACHI', 'BOLIVIA', '1969-01-19', 'M', '', NULL, 0, '', NULL),
(20, 268, 'CI', '2455860', 'LP', 'JORGE ROGELIO', 'SANTANDER', 'ESTRADA', 'BOLIVIA', '1960-07-27', 'M', 'AV. KOLLASUYO NO. 1575 Z. BAJO TEJAR', '', 65163888, 'cocosantmed@gmail.com', NULL),
(21, 277, 'CI', '2467001', 'LP', 'FLORENCIA DOLORES', 'MAYTA', 'MAYTA', 'BOLIVIA', '1969-02-23', 'F', 'CALLE CAPITAN RAVELO N° 267 Z. SOPOCACHI', NULL, 70667347, 'MAYTITA89@HOTMAIL.COM', NULL),
(22, 309, 'CI', '2540807', 'LP', 'HUGO EULOGIO', 'LIUCA', 'MURGA', 'BOLIVIA', '1962-12-02', 'M', 'AV. SAN JOSE No 2482 Z. MUNAYPATA', '2396390', 78939261, 'hugoliuca@gmail.com', NULL),
(23, 313, 'CI', '2550902', 'LP', 'WALDO ANGEL', 'MURILLO', 'SUXO', 'BOLIVIA', '1966-12-09', 'M', '', NULL, 0, '', NULL),
(24, 328, 'CI', '2606262', 'LP', 'MARIA ROSEMERY', 'CLAROS', 'MARQUEZ', 'BOLIVIA', '1968-08-14', 'F', 'ZONA 16 DE JULIO  AV. 16 DE JULIO No. 70', '2841081', 72529775, 'rosclarima15@gmail.com', NULL),
(25, 343, 'CI', '2619470', 'LP', 'SAUL HARLEY', 'CALDERON', 'CAMPERO', 'BOLIVIA', '1962-08-18', 'M', '', NULL, 0, '', NULL),
(26, 351, 'CI', '2638253', 'LP', 'JORGE RENE GASTON', 'VELASCO', 'MONRROY', 'BOLIVIA', '1965-04-26', 'M', 'AV. 20DE OCTUBRE No. 1687 SAN PEDRO', '2914378', 71966636, 'jrgvm3@htomail.com', NULL),
(27, 359, 'CI', '2661735', 'LP', 'LEOCADIO ORLANDO', 'MOREIRA', 'MONTOYA', 'BOLIVIA', '1965-03-04', 'M', 'C. SALINAS VEGA No. 170 Z. PURA PURA', '2384809', 67126025, 'orlandomoreiramontoya@gmail.com', NULL),
(28, 368, 'CI', '2684478', 'LP', 'EVA', 'FLORES', 'MAYTA', 'BOLIVIA', '1966-08-17', 'F', 'AV. NIEVES LINARES No. 100 Z. SAN ISIDRO', '2251694', 73543709, 'draflores4@hotmail.com', NULL),
(29, 372, 'CI', '2687870', 'LP', 'JOSE', 'AMARU', 'LUCANA', 'BOLIVIA', '1970-03-18', 'M', 'PASAJE NACIONES UNIDAS NO. 1848 ZONA MUNAYPATA', '2397350', 72546251, 'amarujose12345@gmail.com', NULL),
(30, 374, 'CI', '2688104', 'LP', 'ANA VIVIAN', 'ZAMORA', 'LINARES', 'BOLIVIA', '1968-06-02', 'F', '', NULL, 69748267, '', NULL),
(31, 390, 'CI', '2696338', 'LP', 'JUAN JULIO', 'CALLISAYA', 'PACO', 'BOLIVIA', '1970-01-31', 'M', '', NULL, 0, '', NULL),
(32, 406, 'CI', '2713604', 'LP', 'RAFAEL ANTONIO', 'MACHICADO', 'TERAN', 'BOLIVIA', '1964-10-24', 'M', '', NULL, 0, '', NULL),
(33, 442, 'CI', '3042784', 'OR', 'MIRTHA ELIANA', 'MENESES', 'VARGAS DE TERRAZAS', 'BOLIVIA', '1965-06-21', 'M', '', NULL, 0, '', NULL),
(34, 472, 'CI', '3323292', 'LP', 'GONZALO JORGE', 'RAMOS', 'GONZALES', 'BOLIVIA', '1965-02-21', 'M', 'Z. ALTO SAN PEDRO C. ASENCIO PADILLA No. 1599', '2482884', 77734598, 'gramosgonzales21@gmail.com', NULL),
(35, 475, 'CI', '3327063', 'LP', 'CLAUDIO', 'MALDONADO', 'NINA', 'BOLIVIA', '1970-10-30', 'M', 'z/  SAN  ISIDRO 7 BAJO Nº 341', '', 73744903, 'claudiomaldonadonina@ yahoo.es', NULL),
(36, 477, 'CI', '3328737', 'LP', 'LUCIA LEONOR', 'FERNANDEZ', 'OBLITAS', 'BOLIVIA', '1970-09-12', 'F', 'C. SUBTTE B. AVAROA NO.A 449 ACHACHICALA', '22305624', 77748798, 'feobli@hotmail.com', NULL),
(37, 485, 'CI', '3333634', 'LP', 'HONORATO', 'CALDERON', 'CALDERON', 'BOLIVIA', '1965-01-16', 'M', 'C. DIAZ ROMERO Nro. 1843 Z. MIRAFLORES', '2227770', 65575984, 'honaren@yahoo.com', NULL),
(38, 488, 'CI', '3335605', 'LP', 'MARCO ANTONIO', 'ESPINOZA', 'SUAREZ', 'BOLIVIA', '1966-10-19', 'M', 'C. ALCIDES ARGUEDAS NO. 123 Z. FINAL PORTADA', '', 71219632, 'md-espinoza_factor2@hotmail.com', NULL),
(39, 520, 'CI', '3374953', 'LP', 'JENNA GRACIELA', 'NISTAHUZ', 'CLAVEL', 'BOLIVIA', '1970-11-24', 'F', 'Z. SAN SEBASTIAN C. FIGUEROA No. 715', '2454592', 70673769, 'nistaluz@hotmail.com', NULL),
(40, 534, 'CI', '3386025', 'LP', 'BEN JULIUS', 'GARCÍA', 'RADA', 'BOLIVIA', '1969-01-12', 'M', '', NULL, 0, '', NULL),
(41, 574, 'CI', '3441117', 'LP', 'WILFREDO', 'AGUILAR', 'LÓPEZ', 'BOLIVIA', '1971-04-14', 'M', 'AV. BOLIVIA C. 3 No. 4 Z. SAN WISTASA EL ALTO', '2834627', 70542614, 'wilfredoaguilarlpez@yahoo.es', NULL),
(42, 577, 'CI', '3447134', 'LP', 'JHON ROBERT', 'QUISBERTH', 'ARUQUIPA', 'BOLIVIA', '1970-07-15', 'M', '', NULL, 78790908, '', NULL),
(43, 590, 'CI', '3459290', 'LP', 'SANDRO JHONNY', 'PASCUAL', 'ESCALERA', 'BOLIVIA', '1969-08-12', 'M', 'Z. NUEVOS HORIZONTES C. 2 No. 772', '2851911', 72528264, 'pasqui120869@gmail.com', NULL),
(44, 629, 'CI', '3537416', 'OR', 'WILSÓN ROBERT', 'MOROCHI', 'LIMA', 'BOLIVIA', '1978-09-06', 'M', 'C. 3 N° 333 Z. VILLA BOLIVAR', NULL, 79554620, '', NULL),
(45, 630, 'CI', '3538417', 'OR', 'SHIRLEY ISABEL', 'GIL', 'RAMOS', 'BOLIVIA', '1977-01-13', 'F', 'AV. BURGALETA VILLA COPACABANA NO. 1982 SANTIBAÑEZ', NULL, 70111104, 'SHIRLEY_FER@HOTMAIL.COM', NULL),
(46, 641, 'CI', '3681950-1E', '', 'VICTOR HUGO', 'HUARANCA', 'VACA CORTES', 'BOLIVIA', '1969-02-01', 'M', 'PLAZA VILLARROEL NRO. 53 Z. MIRAFLORES', NULL, 71523070, '', NULL),
(47, 677, 'CI', '4260330', 'LP', 'JUAN ALBERTO', 'GARAY', 'SANCHEZ', 'BOLIVIA', '1972-06-12', 'M', 'VILLA BOLIVAR MUNICIIPAL CALLE NEXO SUCRE NO 107', NULL, 73094753, 'JGARAYSANCHEZ07@GMAIL.COM', NULL),
(48, 681, 'CI', '4266388', 'LP', 'DANIEL', 'SANSUSTE', 'SANTALLA', 'BOLIVIA', '1974-07-09', 'M', 'CALLE LIBERTAD NO. 208', '', 70122606, 'daniells4@hotmail.com', NULL),
(49, 707, 'CI', '4309264', 'LP', 'FREDDY EDWIN', 'TANCARA', 'VARGAS', 'BOLIVIA', '1975-06-10', 'M', '', NULL, 0, '', NULL),
(50, 729, 'CI', '4336184', 'LP', 'DEMIS REYNALDO', 'ALCON', 'LUNA', 'BOLIVIA', '1977-04-09', 'M', '', NULL, 73208571, '', NULL),
(51, 736, 'CI', '4368111', 'LP', 'LUIS MIGUEL', 'DUCHÉN', 'RODRIGUEZ', 'BOLIVIA', '1978-04-26', 'M', 'AV. HERNANDO SILES ESQ. C. 13 NRO. 5873 Z. OBRAJES', '2786936', 71294952, 'miguelduchen@hotmail.com', NULL),
(52, 748, 'CI', '4750661', 'LP', 'ELVIRA', 'ALVAREZ', 'ORDOÑEZ', 'BOLIVIA', '1959-10-23', 'F', '', NULL, 0, '', NULL),
(53, 755, 'CI', '4758995', 'LP', 'GIOVANA MELVI', 'MURILLO', 'PAZ', 'BOLIVIA', '1979-04-03', 'F', 'AV. SAAVEDRA No. 1760 EDIFICIO IBITA PISO 12.-A Z. MIRAFLORES', '2242641', 75851458, 'melvipaz@yahoo.com', NULL),
(54, 776, 'CI', '4777179', 'LP', 'MARCELINO MARTIN', 'MENDOZA', 'CORONEL', 'BOLIVIA', '1977-03-18', 'M', '', NULL, 0, '', NULL),
(55, 797, 'CI', '4832508', 'LP', 'GROVER', 'COAQUIRA', 'HUAYTA', 'BOLIVIA', '1979-11-29', 'M', '', NULL, 0, '', NULL),
(56, 800, 'CI', '4846144', 'LP', 'JOSE MARCELO', 'HUAYTA', 'SOTO', 'BOLIVIA', '1981-05-25', 'M', 'C. 4 DE MAYO NO. 1037 Z. ALTO SAN PEDRO', '2490048', 77573000, 'drhuaytas@gmail.com', NULL),
(57, 808, 'CI', '4918344', 'LP', 'EULOGIO', 'ACARAPI', 'RODRIGUEZ', 'BOLIVIA', '1964-09-12', 'M', 'C/ANTONIO QUIJARRO NOR. 836 Z/14 DE SEPTIEMBRE', NULL, 73069200, 'ACARAPIUS@HOTMAIL.COM', NULL),
(58, 1251, 'CI', '2079824', 'LP', 'ZENOBIO', 'NINA', 'ARTEAGA', 'BOLIVIA', '1966-07-25', 'M', 'AV. DEL AVIADOR # 2034 ZONA CENTRAL BOLIVAR A - EL ALTO', '2824442', 71502356, 'ZENO.NIN5@GMAIL.COM', NULL),
(59, 1267, 'CI', '1108973', 'CH', 'CIRO GERMAN', 'ALAVIA', 'MARIN', 'BOLIVIA', '1969-04-10', 'M', 'CALLE 9 No. 15 Z. PAMPAHASI', '2259378', 70629242, 'cirogermanalaviamarin@gmail.com', NULL),
(60, 1268, 'CI', '4811934', 'LP', 'INA CORINNE', 'AJATA', 'GUERRERO', 'BOLIVIA', '1978-02-05', 'F', 'ZONA VILLA ADELA ALEMANI C. MIGUEL NUÑEZ DE ZANABRIA Nor. 819', '', 70684894, 'inacorinne@gmail.com', NULL),
(61, 1271, 'CI', '4976694', 'LP', 'GARY RONALD', 'CHOQUE', 'ARUNI', 'BOLIVIA', '1981-09-22', 'M', 'VILLA BOLIVIA D PLAZA PREFECTURAL No. 04', '', 79527486, 'gir.c22@hotmail.com', NULL),
(62, 1275, 'CI', '3128529', 'CH', 'AMBROCIA', 'IRIARTE', 'VEIZAGA', 'BOLIVIA', '1964-10-16', 'F', 'C. NUÑEZ DEL PRADO NO. 122º1 Z. CIUDAD SATELITE', NULL, 71280828, 'AIRIARTEVEIZAGA@GMAIL.COM', NULL),
(63, 1276, 'CI', '4241980', 'LP', 'EDWIN JACINTO', 'MAMANI', 'AYALA', 'BOLIVIA', '1973-09-11', 'M', 'C. 127 NO. 35 Z. V. BOLIVAR C', NULL, 72540913, 'EDMAAY11@HOTMAIL.COM', NULL),
(64, 1277, 'CI', '4839303', 'LP', 'SOL MARIA', 'MAMANI', 'CHÁVEZ', 'BOLIVIA', '1979-01-29', 'F', '', NULL, 0, '', NULL),
(65, 1278, 'CI', '3092418', 'OR', 'JUAN', 'MAURICIO', 'CANAZA', 'BOLIVIA', '1965-08-17', 'M', 'C. 17 DE MAYO N.-51 Z. VILLA ARMONIA', NULL, 72548357, 'JUMAURI1@HOTMAIL.COM', NULL),
(66, 1280, 'CI', '3396594', 'LP', 'CARLOS VICENTE', 'MURILLO', 'MURILLO', 'BOLIVIA', '1967-04-19', 'M', 'C. MARTIN ENRIQUEZ DE ALMANZA NRO. 3164 Z. VILLA ALEMANIA', NULL, 71575062, '', NULL),
(67, 1281, 'CI', '2127343', 'LP', 'JHONNY TORIBIO', 'PAREDES', 'MACHACA', 'BOLIVIA', '1968-04-27', 'M', '', NULL, 0, '', NULL),
(68, 1282, 'CI', '2150663', 'LP', 'CINZIA PAOLA', 'QUESADA', 'TAPIA', 'BOLIVIA', '1963-06-22', 'F', 'AV. BUSCH NO. 1180 Z. MIRAFLORES', '2793398', 71945237, 'cinziaqt@hotmail.com', NULL),
(69, 1284, 'CI', '2756797', 'OR', 'ERNESTO CARLOS', 'REYES', 'ARANO', 'BOLIVIA', '1969-12-06', 'M', 'CALLE PICHINCHA N° 808 ZONA NORTE - LA PAZ', NULL, 79655444, '', NULL),
(70, 1290, 'CI', '2524712', 'LP', 'WILFREDO', 'DIAZ', 'PUENTE', 'BOLIVIA', '1961-01-19', 'M', 'EL ALTO CIUDAD SATELITE PLAN 561 C. DIEGO DE PORTUGAL NO. 782', '79157470', 71263603, 'wdpuente@gmail.com', NULL),
(71, 1291, 'CI', '3481193', 'LP', 'JOSÉ LUIS', 'CORI', 'CHUQUIMIA', 'BOLIVIA', '1971-09-18', 'M', 'C. DOCKWEILER No. 40 Z. TACAGUA', '71920913', 71500016, 'medi-cori.3@gmail.com', NULL),
(72, 1313, 'CI', '4271686', 'LP', 'JULIO AUGUSTO', 'CORDERO', 'LOBATON', 'BOLIVIA', '1977-08-12', 'M', '', NULL, 68165063, '', NULL),
(73, 1314, 'CI', '3540015', 'OR', 'BLANCA LESLYE', 'JARACALLA', 'CHAMBI', 'BOLIVIA', '1978-09-03', 'F', 'CALLE 3 ESQUINA HERNANDO SILES # 420 OBRAJES', NULL, 70642628, 'BLANQUIJARA35@YAHOO.ES', NULL),
(74, 1315, 'CI', '2344841', 'LP', 'JAIME BENIGNO', 'LEAÑO', 'BERRIOS', 'BOLIVIA', '1956-04-03', 'M', '', NULL, 0, '', NULL),
(75, 1337, 'CI', '1012211', 'CH', 'HUMBERTO', 'RODRÍGUEZ', 'HERVAS BENNET', 'BOLIVIA', '1937-02-03', 'M', '', NULL, 70699466, '', NULL),
(76, 1349, 'CI', '631466', 'OR', 'NELSON', 'TEJADA', 'RODRIGUEZ', 'BOLIVIA', '1956-02-05', 'M', 'CALLE 22 ESQ. BALLIVIAN NO. 1512', NULL, 70124434, 'NTEJADAR@GMAIL.COM', NULL),
(77, 1379, 'CI', '6012107', 'LP', 'VLADIMIR', 'AJLLAHUANCA', 'CALLISAYA', 'BOLIVIA', '1983-02-02', 'M', 'VILLA ALEMANIA C/ 7 Nº 3085 EL ALTO', '2810168', 70512330, 'vladimir_ajllahuanca@hotmail.com', NULL),
(78, 1383, 'CI', '4312701', 'LP', 'NANCY BEATRIZ', 'CHOQUEHUANCA', 'CHOQUE', 'BOLIVIA', '1974-11-03', 'F', 'Av. 7 Nº 16 Villa Esperanza', '2861866', 77736174, 'nancybeatriz-2@hotmail.com', NULL),
(79, 1396, 'CI', '2283271', 'LP', 'VIDAL', 'POMA', 'GONZALES', 'BOLIVIA', '1950-04-21', 'M', 'C. DIEGO ESTRADA No. 82 MIRAFLORES', '2226842', 72500054, 'vida.poma@autmail.com', NULL),
(80, 1456, 'CI', '4842483', 'LP', 'TATIANA ALEJANDRA', 'AJATA', 'PEREZ', 'BOLIVIA', '1981-05-12', 'F', 'AV. BUENOS AIRES N° 1117', NULL, 79101259, '', NULL),
(81, 1457, 'CI', '3375034', 'LP', 'RAFAEL IVAN', 'ANGULO', 'AYALA', 'BOLIVIA', '1969-03-21', 'M', '', NULL, 0, '', NULL),
(82, 1458, 'CI', '2449626', 'LP', 'ABEL', 'CORDERO', 'CALDERON', 'BOLIVIA', '1963-12-18', 'M', 'C. NATALIA PALACIOS No. 1649 MIRAFLORES', '2244425', 75278835, 'corderocalderobel@yahoo.es', NULL),
(83, 1472, 'CI', '4824236', 'LP', 'JUAN REYNALDO', 'GALVEZ', 'CLAROS', 'BOLIVIA', '1980-09-23', 'M', 'CIUDAD SATELITE PLAN 148 Nº25', '', 76746807, 'jrgalvpzforense@gmail.com', NULL),
(84, 1475, 'CI', '4944497', 'LP', 'GUIDO AMADEO', 'AMPUERO', 'ARANDA', 'BOLIVIA', '1976-03-31', 'M', 'CALLE 6 N° 15 ZONA VILLA BOLIVAR -A- EL ALTO', '2824699', 71503445, 'GUIDOAPUERO@HOTMAIL.COM', NULL),
(85, 1492, 'CI', '4248382', 'LP', 'DUCIA VICTORIA', 'GUTIERREZ', 'ESCOBAR', 'BOLIVIA', '1973-01-12', 'F', 'AV. ADUANA NRO 9 VILLA BOLIVAR - EL ALTO', NULL, 70178314, 'DUCIAGUTIERREZ@GMAIL.COM', NULL),
(86, 1550, 'CI', '4880606', 'LP', 'DIEGO ARMANDO', 'SANCHEZ', 'VILLCA', 'BOLIVIA', '1981-01-26', 'M', 'C. DEMETRIO MOSCOSO NRO. 2114 VILLA DOLORES', '0', 71260751, 'dasv_xploit@yahoo.es', NULL),
(87, 1674, 'CI', '6119505', 'LP', 'JANETH', 'GUTIERREZ', 'PLATA', 'BOLIVIA', '1983-07-13', 'F', 'VILLA SANTIAGO I Nº 268 AV. 2', '71240297', 68080584, 'JANYTK@HOTMAIL.COM', NULL),
(88, 1704, 'CI', '3378287', 'LP', 'ABEL MARCELO', 'MONCADA', 'ALCON', 'BOLIVIA', '1976-02-19', 'M', 'CALLE 2 NRO. 212 UR. LAS RETAMAS Z. BAJO SEGUENCOMA', '2916631', 72518657, 'ABEMON78@HOTMAIL.COM', NULL),
(89, 1705, 'CI', '4815205', 'LP', 'NELSON', 'ACUÑA', 'AGUILAR', 'BOLIVIA', '1979-02-10', 'M', 'C/GUILLERMO WELWRIGHT N° 1087 Z/ALTO CHIJINI', NULL, 77728085, 'SONER10021979@GMAIL.COM', NULL),
(90, 1706, 'CI', '4780331', 'LP', 'DAVID ENRIQUE', 'VELASQUEZ', 'TINTAYA', 'BOLIVIA', '1978-07-13', 'M', 'EL ALTO, Z. TEJADA RECTANGULAR C. GEORGE AQUIER No. 220', '', 79113748, 'endivad@hotmail.com', NULL),
(91, 1708, 'CI', '4372244', 'LP', 'JUAN CARLOS', 'FERNANDEZ', 'COLQUE', 'BOLIVIA', '1977-07-17', 'M', '', NULL, 0, '', NULL),
(92, 1755, 'CI', '2202855', 'LP', 'HÉCTOR JAIME', 'MANSILLA', 'SILLERICO', 'BOLIVIA', '1953-11-11', 'M', '', NULL, 0, '', NULL),
(93, 1758, 'CI', '4423267', 'CBBA', 'JAVIER', 'MAMANI', 'TICONA', 'BOLIVIA', '1975-12-14', 'M', 'PASAJE VICTOR EDUARDO N° 2230 Z. MIRAFLORES', NULL, 76755777, 'SERVIMIRAFLO@OUTLOOK.COM', NULL),
(94, 1759, 'CI', '4958786', 'LP', 'FERNANDO CÉSAR', 'CHECA', 'RODRIGUEZ', 'BOLIVIA', '1978-10-15', 'M', 'C/CARLOS WINER NO. 255 Z. VILLA COPACABANA', '79103833', 70646607, 'FCHECA38@GMAIL.COM', NULL),
(95, 1760, 'CI', '246150', 'LP', 'AUGUSTO CESAR', 'CASTILLO', 'MURILLO', 'BOLIVIA', '1955-02-11', 'M', 'AV. ACHOCALLA NRO. 2165 Z. MERCURIO ALTO LIMA', NULL, 77779666, '', NULL),
(96, 1762, 'CI', '2779805', 'OR', 'RUBEN OMAR', 'COLQUE', 'MOLLO', 'BOLIVIA', '1963-05-25', 'M', '', NULL, 0, '', NULL),
(97, 1764, 'CI', '6019728', 'LP', 'RAUL ANGEL', 'AVILE', 'LARUTA', 'BOLIVIA', '1983-02-26', 'M', 'HUAYNA POTOSI', '', 60674249, 'cirugiaraulavile@gmail.com', NULL),
(98, 1783, 'CI', '3547685', 'OR', 'MARCELO', 'XAVIER', 'SANTA CRUZ', 'BOLIVIA', '1978-02-08', 'M', 'AV. LARECAJA NO. 54 10 DE FEBRERO EL ALTO- LA PAZ', NULL, 73301495, 'ENIDEMIXOLIGIAXX@HOTMAIL,COM', NULL),
(99, 1852, 'CI', '1890915', 'TJ', 'SERGIO LUIS', 'MARTINEZ', NULL, 'BOLIVIA', '1971-09-04', 'M', 'C/ CABO JUAN Nº 855 Z. VINO TINTO', NULL, 0, '', NULL),
(100, 1897, 'CI', '4285466', 'LP', 'CARLOS ALFREDO', 'FLORES', 'CARDENAS', 'BOLIVIA', '1974-11-04', 'M', 'Z/16 DE JULIO, C/ DE LA VEGA N°3059', NULL, 71289796, 'carlosflorescardenas74@gmail.com', NULL),
(101, 2228, 'CI', '3875297', '', 'PEDRO', 'MAMANI', 'MAMANI', 'BOLIVIA', '1971-04-29', 'M', 'B. VILLA DOLORES - AV. PANORAMICA N° 18', NULL, 71290079, '', NULL),
(102, 2229, 'CI', '2049382', 'LP', 'WILFREDO', 'PASTEN', 'GIRONDA', 'BOLIVIA', '1954-10-12', 'M', 'C. NERY PAZ NAVA NRO. 494 Z. ALTO OBRAJES SECTOR A', '2730492', 70643461, '', NULL),
(103, 2246, 'CI', '4943833', 'LP', 'VALENTIN', 'APAZA', 'MAURICIO', 'BOLIVIA', '1979-06-05', 'M', 'CALLE ANTONIO JIMENEZ N°2304', NULL, 76544713, '', NULL),
(104, 2313, 'CI', '3393525', 'LP', 'DORA MARY', 'CHIPANA', 'MAMANI', 'BOLIVIA', '1969-02-06', 'F', 'C. OBISPO BALDERRA No. 1274 Z. OBISPO INDABURO', '', 71269151, 'magiedor@live.com', NULL),
(105, 2314, 'CI', '3475440', 'LP', 'JULIO ALBERTO', 'ALVAREZ', 'ENDARA', 'BOLIVIA', '1980-05-03', 'M', 'C. VILLALOBOS EDIF. VILLALOOS NO. 1660 Z. MIRAFLORES', '', 70661758, 'jaae-24@hotmail.com', NULL),
(106, 2400, 'CI', '4301749', 'LP', 'CARLOS EDUARDO', 'TORREZ', 'OLIVER', 'BOLIVIA', '1976-09-22', 'M', '', NULL, 0, '', NULL),
(107, 2471, 'CI', '6075067', 'LP', 'ALICIA', 'CUEVAS', 'MACHACA', 'BOLIVIA', '1987-02-20', 'F', 'C. CATACORA NRO. 180 Z. 16 DE JULIO', NULL, 65100322, 'SHALY.200214@GMAIL.COM', NULL),
(108, 2483, 'CI', '6030155', 'LP', 'MERY MARLENE', 'ASISTER', 'CONDORI', 'BOLIVIA', '1989-08-17', 'F', 'AV. CARABOBO NO. 1285 Z. RIO SECO', '2862702', 77520932, 'MARLEN_7234@HOTMAIL.COM', NULL),
(109, 2491, 'CI', '6903526', 'LP', 'HENRY ARIEL', 'CONDORI', 'CONDORI', 'BOLIVIA', '1993-07-21', 'M', 'AV. CORNELIO SAAVEDRA NO. 2955 Z. HUAYNA POTOSI', NULL, 77745054, '', NULL),
(110, 2764, 'CI', '4892834', 'LP', 'GERMAN CARLOS', 'PARISACA', 'APAZA', 'BOLIVIA', '1981-03-11', 'M', 'C. SAGRADO CORAZON N° 345 Z. CHAMOCO CHICO', NULL, 72562173, '', NULL),
(111, 2918, 'CI', '6092782', 'LP', 'DIVA', 'URIBE', 'CORDOVA', 'BOLIVIA', '1983-12-28', 'F', '', NULL, 73089898, '', NULL),
(112, 2919, 'CI', '3396060', 'LP', 'GONZALO BENJAMIN', 'FERNANDEZ', 'ZAPATA', 'BOLIVIA', '1968-04-12', 'M', '', NULL, 70621958, '', NULL),
(113, 3298, 'CI', '491895', 'LP', 'JOSEF GOEBELS', 'HENAO', 'LUNA', 'BOLIVIA', '1953-03-01', 'M', 'PLAZA KENNEDY BLOQUE 12 D-56 Z. SAN SEBASTIAN', NULL, 71545658, '', NULL),
(114, 3299, 'CI', '839944', 'CBBA', 'RUTH LESLY', 'AGREDA', 'MALDONADO', 'BOLIVIA', '1964-11-15', 'F', 'AV. DIEGO DE PERALTA PLATAFORMA 6 CASA No. 92 B-ALTO MIRAFLORES', '2220165', 71233237, 'draleslyagreda@gmail.com', NULL),
(115, 3301, 'CI', '4362467', 'LP', 'JULIO RUBEN', 'AGUILAR', 'VALDEZ', 'BOLIVIA', '1973-02-19', 'M', 'CALLE SAJAMA NO. 11 ZONA NUEVOS HORIZONTES', '2853289', 70686060, 'jraguilar_bol@yahoo.es', NULL),
(116, 3302, 'CI', '337835', 'LP', 'CRISTOBAL', 'COSSIO', 'ROSSEL', 'BOLIVIA', '1945-07-23', 'M', '', NULL, 70134008, '', NULL),
(117, 3303, 'CI', '4795951', 'LP', 'JUAN CARLOS', 'TERRAZAS', 'TERRAZAS', 'BOLIVIA', '1976-12-08', 'M', '', NULL, 76506029, '', NULL),
(118, 3306, 'CI', '5943547', 'LP', 'ERIKA LOURDES', 'PATIÑO', 'CONSTANCIO', 'BOLIVIA', '1982-03-25', 'F', 'C. J NRO. 15 Z. ALTO PAMPAHASI', NULL, 68122444, 'ERIKALUZ20@HOTMAIL.COM', NULL),
(119, 3308, 'CI', '3341822', 'LP', 'LEONORA MARIA', 'VISCARRA', 'ARRATIA', 'BOLIVIA', '1965-09-12', 'F', '', NULL, 72543098, '', NULL),
(120, 3309, 'CI', '485581', 'LP', 'CARMELO', 'CUELLAR', 'NAVARRO', 'BOLIVIA', '1950-04-30', 'M', 'C. UNION NRO. 386 ZONA. OBRAJES', '71568561', 73706868, 'CUELLARCARMELO00@GMAIL.COM', NULL),
(121, 3311, 'CI', '4311391', 'LP', 'ADOLFO', 'MAMANI', 'ANTONIO', 'BOLIVIA', '1978-09-27', 'M', '', NULL, 79142137, '', NULL),
(122, 3313, 'CI', '3598275', 'CBBA', 'MARIA LOURDES DEL ROSARIO', 'ESCALERA', 'RIVERO', 'BOLIVIA', '1967-07-13', 'F', '', NULL, 2227093, '', NULL),
(123, 3430, 'CI', '2456426', 'LP', 'ROLANDO FIDEL', 'CHAVEZ', 'COJINTO', 'BOLIVIA', '1962-04-30', 'M', '', NULL, 72058200, '', NULL),
(124, 3496, 'CI', '4741736', 'LP', 'JUAN CARLOS', 'RAMIREZ', 'MIRANDA', 'BOLIVIA', '1976-05-13', 'M', '', NULL, 71978930, '', NULL),
(125, 3497, 'CI', '5988861', 'LP', 'NADIA PAOLA', 'APAZA', 'TORREZ', 'BOLIVIA', '1985-03-24', 'F', 'Z. EL KENKO C. 14 No. 422 EL ALTO', '', 71208627, 'nadiaapazatorrez@hotmail.com', NULL),
(126, 3521, 'CI', '4741552', 'LP', 'JAVIER ALEJANDRO', 'PONCE', 'MORALES', 'BOLIVIA', '1977-08-14', 'M', '', NULL, 70544448, '', NULL),
(127, 3522, 'CI', '6908784', 'LP', 'VIANCA SOLEDAD', 'QUINTEROS', 'MAMANI', 'BOLIVIA', '1992-02-03', 'F', 'C/SIMON RODRIGUEZ NRO. 2125 Z. 6 DE JUNIO EL ALTO', '22834384', 67440190, 'VIANCAQUINTEROS77@GMAIL.COM', NULL),
(128, 3784, 'CI', '6898024', 'LP', 'RUBEN MILTON', 'MAMANI', 'ESCOBAR', 'BOLIVIA', '1989-07-03', 'M', 'C. 17 NRO. 2045 Z. VILLA ALEMANIA', NULL, 78959636, 'RUBEN_MAMANI_ESCOBAR@HOTMAIL.COM', NULL),
(129, 3868, 'CI', '4316703', 'LP', 'LUCY AMALIA', 'CAPIA', 'FLORES', 'BOLIVIA', '1975-01-07', 'F', 'Z. ACHACHICALA CALLE 5', '2306113', 77246551, 'alicaflor@hotmail.com', NULL),
(130, 4107, 'CI', '5479762', 'LP', 'JOHNNY', 'SANGALLI', 'CHUIMA', 'BOLIVIA', '1983-06-02', 'M', 'C. 4 No. 143 Z. PUERTO MEJILLONES', '', 72027903, 'johsigi2@hotmail.com', NULL),
(131, 4363, 'CI', '3478083', 'LP', 'IVAN', 'LIZARRAGA', 'ARMAZA', 'BOLIVIA', '1970-05-11', 'M', 'C.MEJILLONES Nº850 Z. EL TEJAR', NULL, 69812691, '', NULL),
(132, 4364, 'CI', '4839524', 'LP', 'DAYLER  ARMANDO', 'FUENTES', 'QUIÑONES', 'BOLIVIA', '1979-05-22', 'M', 'C. JORGE CORDOVA NO. 346 ZONA VILLA VICTORIA', '2380540', 73073082, 'DAYLER_FUENTES@HOTMAIL.COM', NULL),
(133, 4365, 'CI', '4903640', 'LP', 'PAMELA ALISON', 'CASTILLO', 'VEGA', 'BOLIVIA', '1981-04-28', 'F', 'Av. NICOLAS ORTIZ No. 2420 ALTO SAN ANTONIO', '', 73050948, 'medlegiscastillo@gmail.com', NULL),
(134, 4368, 'CI', '4057504', 'OR', 'WUILY GENARO', 'RAMIREZ', 'CHAMBI', 'BOLIVIA', '1981-07-12', 'M', 'AV. BOLIVIA NO. 1004 VILLA VICTORIA EL ALTO', '', 73290034, 'wuilyramirez12@gmail.com', NULL),
(135, 4380, 'CI', '2536354', 'LP', 'JOSE LUIS', 'SORIA', 'DELGADO', 'BOLIVIA', '1965-04-06', 'M', 'Z. CIUDAD SATELITE PLAN 361 C. 8 No. 237', '2812673', 72080074, 'jsoriad237@hotmail.es', NULL),
(136, 4381, 'CI', '777680', 'CBBA', 'ANGEL JUSTO', 'POVEDA', 'TERCEROS', 'BOLIVIA', '1949-07-19', 'M', 'C.VINCENTI nº927 Z. SOPOCACHI', '2413987', 71930857, 'angelpovedaterceros@yahoo.com.ar', NULL),
(137, 4383, 'CI', '3474367', 'LP', 'IGOR IVAN', 'SALVATIERRA', 'FRONTANILLA', 'BOLIVIA', '1971-11-05', 'M', 'c.cuba Nº1156 z. miraflores', '2242312', 73540837, 'IGOR.SALVATIERRA@GIMAIL.COM', NULL),
(138, 4387, 'CI', '4775490', 'LP', 'BETTY VICTORIA', 'SAAVEDRA', 'MAMANI', 'BOLIVIA', '1976-03-06', 'F', 'psje. naciones unidas nº1868 z. munaypata', '2397289', 60619935, 'BEVY_SAAVEDRA@HOTMAIL. COM', NULL),
(139, 4388, 'CI', '6008687', 'LP', 'HUMBERTO', 'TICONA', 'SILLERICO', 'BOLIVIA', '1983-11-03', 'M', 'C.VICTOR GUTIERREZ Nº3784 Z. LOS ANDES', '2843695', 70592923, 'hutic.uti@gimail.com', NULL),
(140, 4391, 'CI', '4289157', 'LP', 'ELDA DEL CARMEN', 'MONTECINOS', 'JAUREGUI', 'BOLIVIA', '1975-07-13', 'F', 'VILLA SALOME CALLE G Nº 1140', '2256455', 71274111, '', NULL),
(141, 4392, 'CI', '3442530', 'LP', 'PAOLA VIVIANA', 'LIZARAZU', 'CHACON', 'BOLIVIA', '1972-06-07', 'F', 'C. JORGE SAENZ No. 1086 Z. MIRAFLORES', '2242782', 79151414, 'paovi33@hotmail.com', NULL),
(142, 4396, 'CI', '4312662', 'LP', 'MARTHA BEATRIZ', 'TIÑINI', 'HEREDIA', 'BOLIVIA', '1974-07-13', 'F', 'C. DIEGO DE PERALTA NO. 79 Z. TEJADA SORZANO', '2242320', 71908807, 'marbeth_013@hotmail.com', NULL),
(143, 4397, 'CI', '3322465', 'LP', 'CESAR IVAN', 'GUTIERREZ', 'EID', 'BOLIVIA', '1966-05-15', 'M', 'bloque 34 depto. 401 z. los pinos', '2798530', 70631692, '', NULL),
(144, 4414, 'CI', '5482816', 'LP', 'ADEMAR ERIK', 'VEGA', 'ROJAS', 'BOLIVIA', '1981-01-11', 'M', 'Z- 2 No. 971 Z. CIUDAD SATELITE', '', 76538768, '', NULL),
(145, 4461, 'CI', '4894280', 'LP', 'JULIO CESAR', 'CUSICANQUI', 'QUISPE', 'BOLIVIA', '1979-07-20', 'M', 'C. YERBAL NRO. 1001 Z. CABALLITO-BS.AS.-ARG', '77766628', 79592200, 'CESAR.CUSICANQUI@GIMAIL.COM', NULL),
(146, 4483, 'CI', '4404555', 'CBBA', 'PABLO CESAR', 'BORDA', 'MAZUELOS', 'BOLIVIA', '1979-07-03', 'M', '', NULL, 67063668, '', NULL),
(147, 4485, 'CI', '1437185', 'PT', 'FELIX', 'CHUQUIMIA', 'MAMANI', 'BOLIVIA', '1963-05-18', 'M', '', NULL, 70577246, '', NULL),
(148, 4486, 'CI', '4994470', 'LP', 'JUANA', 'CORDERO', 'ALEMAN', 'BOLIVIA', '1980-10-23', 'F', 'PLAN 561 C. JOSE AGUSTIN No. 915 Z. CIUDAD SATELITE', '', 76535136, 'juani002005@yahoo.com', NULL),
(149, 4488, 'CI', '2294490', 'LP', 'ENRIQUE JAIME', 'CORITZA', 'ZUÑIGA', 'BOLIVIA', '1959-07-15', 'M', '', NULL, 70692475, '', NULL),
(150, 4507, 'CI', '4093642', 'CH', 'EDNA CATHERINE', 'SERRANO', 'ARANCIBIA', 'BOLIVIA', '1981-03-03', 'F', '', NULL, 71222509, '', NULL),
(151, 4510, 'CI', '2694891', 'LP', 'RILVER ALEJANDRO', 'ROCA', 'GODOY', 'BOLIVIA', '1969-01-11', 'M', 'C. ALVAREZ PLATA N° 53-A Z. ALTO MIRAFLORES', NULL, 67195567, 'RILVERROCA@GMAIL.COM', NULL),
(152, 4633, 'CI', '6026105', 'LP', 'EDWIN', 'MOLLERICONA', 'PAUCARA', 'BOLIVIA', '1984-01-12', 'M', 'C. MANUEL PADILLA No. 669 Z. ALTO TEJAR', '', 71965378, 'edwinlife12@gmail.com', NULL),
(153, 4635, 'CI', '4939425', 'LP', 'SLENKA VERONICA', 'LUNA', 'FLORES', 'BOLIVIA', '1982-01-20', 'F', '', NULL, 77554545, '', NULL),
(154, 4637, 'CI', '2711328', 'LP', 'JOSE LUIS', 'ALCAZAR', 'JEMIO', 'BOLIVIA', '1967-06-10', 'M', '', NULL, 72573674, '', NULL),
(155, 4830, 'CI', '2285918', 'LP', 'HUGO LUDWING', 'VERA', 'PLAZA', 'BOLIVIA', '1957-03-15', 'M', '', NULL, 70640448, '', NULL),
(156, 4963, 'CI', '4317102', 'LP', 'WENCESLAO ROMULO', 'CHINO', 'LUNASCO', 'BOLIVIA', '1978-09-05', 'M', 'C. SAMUEL PIZARROSO N° 1590 Z. TACAGUA', NULL, 60600869, 'WENCESLAO_CHINO@YAHOO.ES', NULL),
(157, 5090, 'CI', '6009929', 'LP', 'LIMBER ALBIN', 'ANAYA', 'CALLE', 'BOLIVIA', '1985-01-29', 'M', 'C/DOS Nº 85 ZONA VILLA TUNARI', NULL, 70689751, '', NULL),
(158, 5166, 'CI', '5972896', 'LP', 'REYNALDO SATURNINO', 'CONDORI', 'MENDOZA', 'BOLIVIA', '1979-11-29', 'M', 'CALLE CAVARI No. 9 ZONA LA PORTADA', '2395240', 79571647, 'reysitolapaz@gmail.com', NULL),
(159, 5491, 'CI', '3452212', 'LP', 'LEANDRO ANTONIO', 'FLORES', 'MAIDANA', 'BOLIVIA', '1971-01-16', 'M', 'C. R. CAMACHO LARA No. 66 Z- 4TO CENTENARIO', '', 72565144, 'leanflma@yahoo.es', NULL),
(160, 5737, 'CI', '4775844', 'LP', 'RUDI GIMBER', 'ESCOBAR', 'FERNANDEZ', 'BOLIVIA', '1976-07-24', 'M', 'Z. PORTADA TRIANGULAR C. 3 No. 34A', '0', 73027563, 'jiwaqui@hotmail.com', NULL),
(161, 5738, 'CI', '3394292', 'LP', 'DIEGO ERNESTO', 'GUTIERREZ', 'CONTRERAS', 'BOLIVIA', '1981-07-19', 'M', 'calle los andes 1337', NULL, 72520430, '', NULL),
(162, 29587, 'CI', '7063390', 'LP', 'MARIELA MARITE', 'NINA', 'MACHACA', 'BOLIVIA', '1988-07-04', 'F', 'C. VIRACOCHA Nº 5641 Z. TAHUANTINSUYO', NULL, 72060760, 'MARIELA47NINA@GMAIL.COM', NULL),
(163, 29592, 'CI', '7058038', 'LP', 'JOSE LUIS', 'COLQUE', 'RAMOS', 'BOLIVIA', '1984-07-29', 'M', 'ZONA ELIZARDO PEREZ CALLE N° 9  N° 2164', NULL, 73055749, 'JCOLQUERAMOS1@GMAIL.COM', NULL),
(164, 29606, 'CI', '4320926', 'LP', 'DRAUSSEN JAVIER', 'DORADO', 'MONTES', 'BOLIVIA', '1976-03-17', 'M', 'AV. CUZCO MANZO B PATIO 1 NRO. 106 URB. LOTES SERVICIOS', '2860229', 74063934, 'DRAUSSEN@HOTMAIL.COM', NULL),
(165, 30486, 'CI', '6893553', 'LP', 'LUIS ENRIQUE', 'FLORES', 'CAREAGA', 'BOLIVIA', '1989-10-04', 'M', 'Z/URB.LAS QUISWARAS MZNO', NULL, 73519235, 'LAFLORESCAREGA@GMAIL.COM', NULL),
(166, 31552, 'CI', '6789135', 'LP', 'SIMON', 'QUISPE', 'QUISPE', 'BOLIVIA', '1987-10-15', 'M', 'Z. HUAYNA POTOSI C. DANIEL SALAMANCA NO. 5515', NULL, 73512697, '19871510SQQ@GMAIL.COM', NULL),
(167, 32343, 'CI', '4922456', 'LP', 'NELSON', 'CONDORI', 'ALARCON', 'BOLIVIA', '1980-07-02', 'F', 'PASAJE 21 DE NOVIEMBRE NO. 267 Z. LOS ANDES - EL ALTO', NULL, 68010924, 'EMERGENCIASMEDICASNELSON@GMAIL.COM', NULL),
(168, 32606, 'CI', '6760541', 'LP', 'HERNAN ARTURO', 'CONDORI', 'PACI', 'BOLIVIA', '1985-08-14', 'M', 'C. ASTECA # 3545 ZONA HUAYNA POTOSI 3RA. SECC.', NULL, 72518333, 'ACHE_100@HOTMAIL.COM', NULL),
(169, 35069, 'CI', '5968239', 'LP', 'RICHAR ENRIQUE', 'LUNA', 'MAMANI', 'BOLIVIA', '1986-02-20', 'M', 'CALLE CARABUCO N° 1045 ZONA PRIMAVERA - EL ALTO', NULL, 75227238, '', NULL),
(170, 35252, 'CI', '3314639', 'LP', 'RONALD ABEL', 'RUIZ', 'GALINDO', 'BOLIVIA', '1967-05-13', 'M', ' AV. ENTRE RIOS No. 2367 Z. ALTO TEJAR', '2383320', 76286289, 'ronald3816@gmail.com', NULL),
(171, 35253, 'CI', '4283997', 'LP', 'JAVIER', 'CALA', 'CAHUAYA', 'BOLIVIA', '1973-08-04', 'M', 'AV. ANTOFAGASTA No. 573 Z. VILLA EL CARMEN', '', 69747339, 'javiercala2014@gmail.com', NULL),
(172, 35254, 'CI', '4906127', 'LP', 'KAREN ROXANA', 'RODRIGUEZ', 'LIMACHI', 'BOLIVIA', '1984-02-20', 'F', 'Z. EL ALTO Z. BILLA BOLIVAR E C. JESUS BERMUDEZ No. 1377', '2812667', 73716584, 'kareymaro24@hotmail.com', NULL),
(173, 35284, 'CI', '2055484', 'LP', 'VENTURO', 'BUSTILLOS', 'GONZALES', 'BOLIVIA', '1952-07-14', 'M', 'AV. HEROINAS 16 DE JULIO No. 1051 Z. MIRAFLORES', '2240114', 70565988, 'vembusgom@hotmail.com', NULL),
(174, 35293, 'CI', '2605123', 'LP', 'YANCARLA MARY', 'CONDE', 'CANAVIRI', 'BOLIVIA', '1970-11-01', 'F', '', NULL, 79643989, '', NULL),
(175, 35294, 'CI', '4748291', 'LP', 'JAVIER FELIX', 'AYALA', 'VALERIANO', 'BOLIVIA', '1976-02-21', 'M', '', NULL, 73081456, '', NULL),
(176, 35299, 'CI', '2336782', 'LP', 'WILLIAM JORGE ANTONIO', 'VILLANUEVA', 'JUSTINIANO', 'BOLIVIA', '1964-07-27', 'M', 'BLOQ. N° 1 Z. SAN MIGUEL', NULL, 71939297, '', NULL),
(177, 35311, 'CI', '2696613', 'LP', 'VICTOR HUGO', 'LAVAYEN', 'ARANIBAR', 'BOLIVIA', '1963-06-20', 'M', 'CALLE COLOMBIA N° 1357 B ZONA SAN PEDRO', NULL, 0, '', NULL),
(178, 35312, 'CI', '2466953', 'LP', 'AMADO AUGUSTO', 'MAMANI', 'POMA', 'BOLIVIA', '1972-09-25', 'M', '', NULL, 73279965, '', NULL),
(179, 35313, 'CI', '4377874', 'LP', 'CRISTHIAN LUIS', 'CAMACHO', 'GUTIERREZ', 'BOLIVIA', '1976-12-26', 'M', '', NULL, 67076511, '', NULL),
(180, 35315, 'CI', '6129106', 'LP', 'BORIS', 'FLORES', 'VISCARRA', 'BOLIVIA', '1985-01-24', 'M', 'CIUDADELA FERROVIARIA C/3 NO. 1511', NULL, 76505959, 'DRBORISITO@YOHOO.COM', NULL),
(181, 35322, 'CI', '4741369', 'LP', 'MARCO ANTONIO', 'NORIEGA', 'RAMIREZ', 'BOLIVIA', '1976-02-19', 'M', '', NULL, 79129620, '', NULL),
(182, 38035, 'CI', '4307762', 'LP', 'JUAN CARLOS', 'LUNA', 'ARNEZ', 'BOLIVIA', '1975-06-24', 'M', 'c/ rosendo gutierrez nº 1058', NULL, 0, '', NULL),
(183, 38685, 'CI', '6996421', 'LP', 'LADDY ANABEL', 'ALVAREZ', 'CRUZ', 'BOLIVIA', '1990-10-02', 'F', '', NULL, 70626732, '', NULL),
(184, 38686, 'CI', '5050336', 'TJ', 'ADRIAN IVER', 'LAIME', 'CHURA', 'BOLIVIA', '1982-12-18', 'M', 'C. OCOBAYA NRO. 405 Z. VILLA FATIMA', NULL, 68124184, 'MEDICOINTERNISTA77@GMAIL.COM', NULL),
(185, 38689, 'CI', '4816909', 'LP', 'BORIS ROBERTO', 'VIDEZ', 'TAPIA', 'BOLIVIA', '1986-03-23', 'M', 'AV. SUCRE NRO. 759 Z. NORTE', '67005933', 70676398, 'BEBOVITA@GMAIL.COM', NULL),
(186, 38695, 'CI', '3119806', 'OR', 'HENRY', 'CHURA', 'PANIAGUA', 'BOLIVIA', '1982-05-23', 'M', 'CALLE NO 2344 ZONA VILLA TUNARI', '2863281', 79642520, 'drhenrychp@gmail.com', NULL),
(187, 38727, 'CI', '4152602', 'TJ', 'MARIO', 'VIDAURRE', 'ORTIZ', 'BOLIVIA', '1976-04-10', 'M', 'C. HEAT NO. 918 Z. PURA PURA LA PAZ', '72094857', 78866612, 'COTGUT-23@HOTMAIL.COM', NULL),
(188, 39931, 'CI', '4376746', 'LP', 'OMAR VICTOR', 'RAMOS', 'VALENCIA', 'BOLIVIA', '1983-12-26', 'M', 'CALLE CECILIO GUZMAN DE ROJAS No. 520 ZONA SOPOCACHI', '2422964', 72504341, 'mros110@hotmail.com', NULL),
(189, 39937, 'CI', '4914142', 'LP', 'ALVARO', 'MACHACA', 'MEDINA', 'BOLIVIA', '1983-03-03', 'M', 'AV. KOLLASUYO N° 2235 Z. MARISCAL SANTA CRUZ', NULL, 70695610, 'DR_ALVAROMMED@OUTLOOK.COM', NULL),
(190, 39951, 'CI', '2416374', 'LP', 'NOEMI SONIA', 'AGREDA', 'RODRIGUEZ', 'BOLIVIA', '1967-06-23', 'F', 'C./CANAVIRI Nª 1523 Z/VILLA FATIMA', NULL, 0, '', NULL),
(191, 39970, 'CI', '2475189', 'LP', 'PABEL ORLANDO', 'SAINZ', 'ESPINOZA', 'BOLIVIA', '1971-02-26', 'M', 'C. JUAN MANUEL CACERES Nª 1891 Z. ALTO SOPOCACHI', NULL, 0, '', NULL),
(192, 40101, 'CI', '3441444', 'LP', 'NEIDA', 'ANCASI', 'QUEVEDO', 'BOLIVIA', '1984-08-11', 'F', 'Z. VILLA FATIMA C. CHULUMANI No. 32', '2215797', 79653967, 'neida_aq@hotmail.com', NULL),
(193, 40166, 'CI', '5981678', 'LP', 'RAMIRO', 'TIÑINI', 'TAMBO', 'BOLIVIA', '1982-12-06', 'M', 'C. EUSEBIO GUILARTE N° 1654 Z. MURURATA', NULL, 79567900, 'RAMIREXFOREVER@HOTMAIL.COM', NULL),
(194, 40190, 'CI', '5970268', 'LP', 'JOSE ANTONIO', 'VIRUEZ', 'SOTO', 'BOLIVIA', '1983-05-27', 'M', 'AV. ARCE Nº 2588  Z. SOPOCACHI', NULL, 78910609, '', NULL),
(195, 42857, 'CI', '6120592', 'LP', 'LUZ GLORIA', 'PAZ', 'CABRERA', 'BOLIVIA', '1984-05-29', 'F', 'CALLE FRAY BARTOLOME DE LAS CASAS No. 1949 z. V. COPACANANA', '2236579', 73255350, 'luz-gloria-urologia@hotmail.com', NULL),
(196, 43141, 'CI', '3498561', 'LP', 'MAYA CARMEN', 'ZEBALLOS', 'MOLLINEDO', 'BOLIVIA', '1972-10-31', 'F', 'CALLE 9 NRO 65 Z. VILLA SAN ANTONIO BAJO', NULL, 0, '', NULL),
(197, 43272, 'CI', '5734882', 'LP', 'AMERICA LEONOR', 'ALFARO', 'ORDOÑEZ', 'BOLIVIA', '1987-01-11', 'F', 'CALLE LOAYZA Nro. 484 Z. CENTRAL', '', 72490915, 'leonoralfaro1101@gmail.com', NULL),
(198, 44407, 'CI', '3538194', 'OR', 'ORLANDO', 'HERRERA', 'CAZORLA', 'BOLIVIA', '1977-03-24', 'M', 'ZONA VILLA DOLORES, CALLE 10 NO. 101', NULL, 72569818, 'ohcelectronic@hotmail.com', NULL),
(199, 45552, 'CI', '4744679', 'LP', 'NELIDA', 'QUISPE', 'POMA', 'BOLIVIA', '1975-09-15', 'F', 'AV. 1 CALLE 3 No. 140 Z. VILLA SANTIAGO I', '6710290', 76787232, 'melidaq@hotmail.es', NULL),
(200, 46370, 'CI', '6178839', 'LP', 'LUIS FERNANDO', 'HUAYLLANI', 'GUTIERREZ', 'BOLIVIA', '1985-05-20', 'M', 'C. 17 HERNANDO SILES EDIF,. MARCO MERCADO ZONA OBRAJES', '', 69778984, 'luisferlone@hotmail.com', NULL),
(201, 46498, 'CI', '4291589', 'LP', 'FRANZ ADOLFO', 'ORTIZ', 'PALACIOS', 'BOLIVIA', '1975-07-24', 'M', '', NULL, 72076051, '', NULL),
(202, 46538, 'CI', '4831675', 'LP', 'MARIO ANTONIO', 'GUTIERREZ', 'CALLISAYA', 'BOLIVIA', '1979-06-20', 'M', '', NULL, 73202511, '', NULL),
(203, 46798, 'CI', '5992074', 'LP', 'GUSTAVO ADOLFO', 'HERRERA', 'MAMANI', 'BOLIVIA', '1984-09-05', 'M', 'C. RIO ACRE NO. 1035 Z. CUPILUPACA', NULL, 77716133, 'ADOLFGUST@GMAIL.COM', NULL),
(204, 46815, 'CI', '3403395', 'LP', 'LORENZO', 'TICONA', 'YUJRA', 'BOLIVIA', '1969-03-16', 'M', '', NULL, 75252422, '', NULL),
(205, 46885, 'CI', '4872619', 'LP', 'JORGE', 'AQUIZE', 'RENDON', 'BOLIVIA', '1982-08-06', 'M', 'C/1 NRO. 11 Z. ALTO OBRAJES', NULL, 72512562, 'JORGEMJ_OBE@HOTMAIL.COM', NULL),
(206, 48236, 'CI', '5995789', 'LP', 'JHONNY SANTOS', 'ROJAS', 'ROQUE', 'BOLIVIA', '1981-09-15', 'M', 'Z. TEMBLADERANI AV. BUENOS AIRES C. FRANZ TAMAYO', NULL, 69937570, 'ROJASROQUEJHONNYSANTOS@YAHOO.COM', NULL),
(207, 49708, 'CI', '4776591', 'LP', 'BISMARCK RAUL', 'IBAÑEZ', 'VELASCO', 'BOLIVIA', '1983-04-09', 'M', 'C. JAIME ZUDAÑES NRO. 1235 Z. SOPOCACHI', NULL, 74082680, 'Y2BISMARCK@GMAIL.COM', NULL),
(208, 49717, 'CI', '3349992', 'LP', 'JUAN CARLOS', 'GUTIERREZ', 'VILLCA', 'BOLIVIA', '1970-07-27', 'M', '', NULL, 72039396, '', NULL),
(209, 49718, 'CI', '4013680', 'PT', 'ROBERT CLIFORD', 'AREQUIPA', 'OROPEZA', 'BOLIVIA', '1976-08-11', 'M', 'C. FRANCISCO DE MIRANDA No. 2057 MIRAFLORES', '', 79129185, 'arequipaurologo@hotmailcom', NULL),
(210, 51246, 'CI', '4775382', 'LP', 'ALEJANDRA LUCIA', 'HIDALGO', 'UGARTE', 'BOLIVIA', '1978-02-11', 'F', 'ZONA AMOR DE DIOS CALLE CALANDRIAS NO. 22', '2833816', 76750311, 'alhudal@hotmail.com', NULL),
(211, 51270, 'CI', '4992319', 'LP', 'LUIS FERNANDO', 'RODRIGUEZ', 'PEREZ', 'BOLIVIA', '1981-12-08', 'M', 'Z. CIUDAD SATELITE PLAN 561 FERNAN CABALLERO NO. 745', NULL, 67017217, 'LFRODRIGUEZ77@GMAIL.COM', NULL),
(212, 52185, 'CI', '4786715', 'LP', 'JHONNY VISMAK', 'TRIGO', 'MEZA', 'BOLIVIA', '1984-07-29', 'M', 'CALLE 134 S/N Z. VILLA BOLIVAR - D', NULL, 62508664, 'JHONNYTRIME@HOTMAIL.COM', NULL),
(213, 52334, 'CI', '4977641', 'LP', 'PEDRO ALVARO', 'POMA', 'LUCERO', 'BOLIVIA', '1986-02-22', 'F', 'C. BELTRAN NRO. 2645 Z. 16 DE JULIO - EL ALTO', NULL, 76213091, 'PEDROPOMALUCERO@GMAIL.COM', NULL),
(214, 53015, 'CI', '6146830', 'LP', 'ALEX', 'MARTINEZ', 'CABEZAS', 'BOLIVIA', '1984-01-29', 'M', 'CALLE 14 N° 100 Z. VILLA TEJADA TRIANGULAR', NULL, 69774184, 'POSTGRADOGA@HOTMAIL.COM', NULL),
(215, 53060, 'CI', '6179097', 'LP', 'VERÓNICA INÉS', 'LIMA', 'CONDORI', 'BOLIVIA', '1988-02-22', 'F', 'C. CALATAYUD Nor. 80 Z. 14 DE SEPTIEMBRE', '', 78830032, 'vero.limac@gmail.com', NULL),
(216, 53065, 'CI', '6186467', 'LP', 'BETTY', 'RAMOS', 'CONDORI', 'BOLIVIA', '1985-04-12', 'F', 'CALLE PATRIOTA N° 22 Z. VILLA EXALTACION', NULL, 78955711, 'BRC_MED@HOTMAIL.COM', NULL),
(217, 53081, 'CI', '6194175', 'LP', 'RAQUEL', 'FERNANDEZ', 'CALLEJAS', 'BOLIVIA', '1984-07-02', 'F', 'AV. LITORAL NO 1048 Z. SAN MARTIN - EL ALTO', NULL, 76224415, '', NULL),
(218, 53623, 'CI', '7008710', 'LP', 'ADALID', 'POMA', 'QUISPE', 'BOLIVIA', '1986-05-18', 'M', 'C. 2 LOS SAUCES N° 216 Z. VILLA SALOME', NULL, 60636822, 'ADYES12@HOTMAIL.COM', NULL),
(219, 54618, 'CI', '4272840', 'LP', 'RAFAEL WALTER ENRIQUE', 'ROMERO', 'FERNANDEZ', 'BOLIVIA', '1973-10-29', 'M', 'AV. SAAVEDRA 2222 G9 EDIF. SAN LUIS', NULL, 71545595, '', NULL),
(220, 54780, 'CI', '3425982', 'LP', 'JOSE ANTONIO', 'MENENDEZ', 'BALDERRAMA', 'BOLIVIA', '1977-04-20', 'M', 'ZONA CENTRAL C. INGAVI 727', '2313302', 70648884, 'ppmenendezpp@homtil.com', NULL),
(221, 56132, 'CI', '2528868', 'LP', 'JUAN CARLOS', 'ALCON', 'POMA', 'BOLIVIA', '1963-11-08', 'M', 'CALLE 4TO. CENTENARIO Nº 1248 Z VILLA NUEVA POTOSI', NULL, 71933841, 'CARLITOCAP@HOTMAIL.COM', NULL),
(222, 57762, 'CI', '5480357', 'LP', 'WILFREDO', 'DE LA CRUZ', 'CHOQUEHUANCA', 'BOLIVIA', '1982-02-12', 'M', 'C/CAPILLO N° 6224 Z. VILLA INGENIO', NULL, 75882126, 'WILCRUZCHE13@GMAIL.COM', NULL),
(223, 57791, 'CI', '6000232', 'LP', 'EPIFANIA JUANA', 'QUISPE', 'LAURA', 'BOLIVIA', '1983-04-07', 'F', 'AV. CIRCUNVALACION  NRO. 2 ZONA NUEVA TILATA III', NULL, 71256312, 'EPI.JESHUA@GMAIL.COM', NULL),
(224, 57848, 'CI', '6123782', 'LP', 'TANIA SIBIA', 'QUIJO', 'PAIRO', 'BOLIVIA', '1984-08-05', 'F', 'C. JOSE SARAVIA  NRO. 1764 Z. ALTO SAN PEDRO', NULL, 77211386, 'SIBIA_TA@HOTMAIL.COM', NULL),
(225, 59345, 'CI', '4889593', 'LP', 'JAVIER', 'MAMANI', 'ACARAPI', 'BOLIVIA', '1983-12-03', 'M', 'C. ADOLFO GOSALVEZ NRO 54 VILLA POTOSI', NULL, 71260258, '', NULL),
(226, 62996, 'CI', '5956692', 'LP', 'VLADIMIR FERNANDO', 'SILES', 'GONZALES', 'BOLIVIA', '1983-02-04', 'M', 'C. FRANCISCO DE MIRANDA NO. 1933 ZONA MIRAFLORES', '2246480', 72524337, 'drvley@gmail.com', NULL),
(227, 63121, 'CI', '5978442', 'LP', 'MAURA MABEL', 'GUTIERREZ', 'MERCADO', 'BOLIVIA', '1983-09-26', 'F', '', NULL, 76746060, '', NULL),
(228, 63148, 'CI', '3423277', 'LP', 'CINTHIA', 'VALDEZ', 'TOLEDO', 'BOLIVIA', '1982-09-10', 'F', '', NULL, 68071262, '', NULL),
(229, 63325, 'CI', '4287204', 'LP', 'ALBERTO', 'LIMACHI', 'QUISPE', 'BOLIVIA', '1971-08-04', 'M', 'AV. LITORAL NO. 1725 Z. NORTE CALVARIO', NULL, 76704184, 'LIMALABER@HOTMAIL.COM', NULL),
(230, 64643, 'CI', '4741695', 'LP', 'WILMA', 'RODRIGUEZ', 'VILLARREAL', 'BOLIVIA', '1981-02-20', 'F', 'CALLE 3 NRO 1 ZONA BAJO SAN ISIDRO', NULL, 73596866, '', NULL),
(231, 65953, 'CI', '5734282', 'OR', 'IGOR GONZALO', 'TOCO', 'OLIVARES', 'BOLIVIA', '1985-11-08', 'M', 'BENI ENTRE HEROES DEL CHACO C1 N9 OR.', NULL, 0, '', NULL),
(232, 65954, 'CI', '4056778', 'OR', 'FREDDY', 'ESCOBAR', 'AQUINO', 'BOLIVIA', '1983-02-06', 'M', 'C/JORGE SAENZ S/N Z/MIRAFLORES', '72592492', 74069497, 'ESCOBARFREDDYSANT00@GMAIL.COM', NULL),
(233, 66789, 'CI', '6042488', 'LP', 'MANUEL ALEJANDRO', 'YUPANQUI', 'AQUISE', 'BOLIVIA', '1986-03-04', 'M', 'AV. JHOSON No. 1255 Z. ALTO LIMA 1RA. SECCION', '2842104', 60664220, 'the-one344@hotmail.com', NULL),
(234, 66892, 'CI', '4964256', 'LP', 'JUAN CARLOS', 'MAMANI', 'SULLCA', 'BOLIVIA', '1980-05-04', 'M', 'C. PERNAN CABALLERO NO . 1033 A. Z. CIUDAD SATELITE PLAN 561', NULL, 77239660, 'DCARLOS_@HOTMAIL.COM', NULL),
(235, 70366, 'CI', '4792846', 'LP', 'EDUARDO', 'RODRIGUEZ', 'CUELLAR', 'BOLIVIA', '1983-07-30', 'M', 'C. 8 Nº D-14 Z. ACHUMANI - URB. HUANTAQUI', '2712272', 78966682, 'DREDURODRIGUEZ@GMAIL.COM', NULL),
(236, 70394, 'CI', '6118877', 'LP', 'PAMELA', 'QUISPE', 'OPORTO', 'BOLIVIA', '1985-02-19', 'F', 'AV. ALFREDO  SANJINEZ NRO. 420 Z/ TEJADA  ALPACOMA', NULL, 0, '', NULL),
(237, 70399, 'CI', '4810097', 'LP', 'ANGELICA MIROSLAVA', 'VARGAS', 'MAMANI', 'BOLIVIA', '1987-09-26', 'F', 'PLAZA TOMAS KATARI Nº 43 Z. CALLAMPAYA', NULL, 70102018, 'MIROS.VARGAS7@GMAIL.COM', NULL),
(238, 70911, 'CI', '4300464', 'LP', 'SILVIO OMAR', 'TAMBO', 'ROJAS', 'BOLIVIA', '1979-04-01', 'M', 'CALLE JOSE SARAVIA NRO 1096 Z. ALTO SAN PEDRO', NULL, 68116843, 'TAMBROJAS_DR@HOTMAIL.COM', NULL),
(239, 71047, 'CI', '6073312', 'LP', 'JUAN VICTOR', 'ALIAGA', 'GUTIERREZ', 'BOLIVIA', '1986-08-31', 'M', 'C. 12 Nº 124 Z. VILLA DOLORES - EL ALTO', NULL, 77205484, '', NULL),
(240, 71049, 'CI', '3383274', 'LP', 'SANDRA ASTRID', 'RIVEROS', 'MORON', 'BOLIVIA', '1967-05-06', 'F', 'AV. GRAN BRETAÑA Nº 100 Z. ALTO OBRAJES', NULL, 76739353, 'RIVEROSASTRID@YAHOO.ES', NULL),
(241, 71988, 'CI', '4056736', 'OR', 'VICTOR DANIEL', 'SEGURA', 'HERBAS', 'BOLIVIA', '1983-11-25', 'M', 'FRANCISCO MIRANDA NO. 1688 - MIRAFLORES', '2442332', 70436771, 'vdanielsegura@gmail.com', NULL),
(242, 72288, 'CI', '4870760', 'LP', 'MILENKA', 'GUARACHI', 'MORALES', 'BOLIVIA', '1987-05-21', 'F', 'PLAN 561 C/1-A Nº 618 Z CIUDAD SATELITE - EL ALTO', NULL, 69729488, 'MILENKAGUARACHI21@GMAIL.COM', NULL),
(243, 73192, 'CI', '3434770', 'LP', 'JHONNY DAVID', 'RADA', 'ALVAREZ', 'BOLIVIA', '1969-06-26', 'M', 'CALLE JOSE SARAVIA NRO 1636 ZONA ALTO SAN PEDRO', NULL, 0, '', NULL),
(244, 73256, 'CI', '4304620', 'LP', 'SERGIO ESTEBAN', 'GUTIERREZ', 'LEON', 'BOLIVIA', '1975-01-18', 'M', '', NULL, 78824500, '', NULL),
(245, 73257, 'CI', '4990589', 'LP', 'ERICK', 'JARANDILLA', 'BERNAL', 'BOLIVIA', '1982-05-31', 'M', 'PLAN 405 C. 21-A NRO. 853 Z. SATELITE', NULL, 73850889, '', NULL),
(246, 73258, 'CI', '4810898', 'LP', 'JEOVANA HELEN', 'MANRIQUEZ', 'HELGUERO', 'BOLIVIA', '1980-07-11', 'F', 'AV. VILLALOBOS NO. 1817 Z. MIRAFLORES', NULL, 71232180, 'JOMANRIQUEZHELGUERO@HOTMAIL.COM', NULL),
(247, 74362, 'CI', '5472266', 'LP', 'PAULA JUANA', 'ABELE', 'RUIZ', 'BOLIVIA', '1985-11-06', 'F', 'Z. 16 DE JULIO C. EULERT NO. 521', '2845634', 67112068, 'PAUAELE2@OUTLOOK.ES', NULL),
(248, 75068, 'CI', '2211442', 'LP', 'RAUL DAVID', 'ONOSTRE', 'GUERRA', 'BOLIVIA', '1958-10-26', 'M', 'AV. JOSEFA MUJIA No. 661 Z. ALATO SAN ANTONIO', '', 71537951, 'onostrerau@hotmail.com', NULL),
(249, 75075, 'CI', '5764797', 'OR', 'ALEXIS PAOLA', 'RODRIGUEZ', 'LAIME', 'BOLIVIA', '1987-07-18', 'F', 'C. AROMA NO. 72 Z. EL ROSARIO', NULL, 69761046, 'ISLECIELO1@GMAIL.COM', NULL),
(250, 75843, 'CI', '4294682', 'LP', 'MAURICIO ORLANDO', 'CATACORA', 'NAVARRO', 'BOLIVIA', '1981-01-24', 'M', 'C. MURURATA Nº 1246 Z. VILLA LA MERCED', NULL, 0, '', NULL),
(251, 76262, 'CI', '5319034', 'CBBA', 'VICTOR HUGO', 'ZOTES', 'VALDIVIA', 'BOLIVIA', '1983-10-25', 'M', '', NULL, 0, '', NULL),
(252, 77271, 'CI', '3102681', 'OR', 'HELDER HERMOGENES', 'ALMANZA', 'ARRATIA', 'BOLIVIA', '1970-10-06', 'M', 'NUEVOS HORIZONTES CONVIFAC, CALLE 2 #54', NULL, 71510701, 'HELDERALMANZAARRATIA@GMAIL.COM', NULL),
(253, 78669, 'CI', '6096097', 'LP', 'MELITON', 'QUISPE', 'HERRERA', 'BOLIVIA', '1985-01-30', 'M', 'CALLE BOLIVAR N° 74 ZONA ALTO LIMA', '2841586', 79134621, 'HERRERAMELITON@HOTMAIL.COM', NULL),
(254, 81982, 'CI', '3469069', 'LP', 'OMAR', 'CAMPOHERMOSO', 'RODRIGUEZ', 'BOLIVIA', '1983-04-06', 'M', 'PLAN 331 AV. BOLIVIA NRO 12 Z. VILLA ADELA', NULL, 75856623, 'CAMPOHERMOSO20@GMAIL.COM', NULL),
(255, 84018, 'CI', '4075480', 'OR', 'IVAR', 'CHAMBI', 'HUANACO', 'BOLIVIA', '1984-07-31', 'M', 'EL ALTO Z. C. SATELITE P.482 C-15 No. 225', '2814563', 79173187, 'ivar.igaf7@gmal.com', NULL),
(256, 84037, 'CI', '4332925', 'LP', 'SERGIO SADETT', 'MARQUEZ', 'GUTIERREZ', 'BOLIVIA', '1976-07-18', 'M', 'PSJE. R. CARRASCO Nº 1266 Z. O. INDABURO', NULL, 0, '', NULL),
(257, 84159, 'CI', '6987666', 'LP', 'MARY ELIANA', 'JIMENEZ', 'VELARDE', 'BOLIVIA', '1989-08-08', 'F', 'PSJE. 1 Nº 25 Z. NORTE', NULL, 69784757, 'EJ244095@GMAIL.COM', NULL),
(258, 84650, 'CI', '6136474', 'LP', 'TANIA', 'LLANQUI', 'CONDORI', 'BOLIVIA', '1983-06-08', 'F', 'CALLE 7 No. 83 Z. VILLA EL CARMEN No. 91', '2213066', 63151615, 'tatislanquic@gmail.com', NULL),
(259, 84678, 'CI', '4286986', 'LP', 'RONALD WILFREDO', 'AGUILAR', 'QUISBERT', 'BOLIVIA', '1979-10-07', 'M', 'Z. 3 DE MAYO NO. 570 Z. VILLA NUEVO POTOSI', '', 69845287, 'ronald_medical@hotmail.com', NULL),
(260, 84698, 'CI', '5741333', 'OR', 'CHRISTIAN', 'QUIROGA', 'ALARCON', 'BOLIVIA', '1985-07-17', 'M', 'C. WASHINGTON NO. 1370 Y JUNIN OR.', '2472594', 69759887, 'QUIROGAEQA@GMAIL.COM', NULL),
(261, 84709, 'CI', '3476376', 'LP', 'JESUS OMAR', 'ESCOBAR', 'MIRANDA', 'BOLIVIA', '1974-07-08', 'M', 'CALLE ROMENCIN CAMPOS NRO. 648 ZONA SOPOCACHI', NULL, 78998080, 'OESMIRANDA@HOTMAIL.COM', NULL),
(262, 84796, 'CI', '4743670', 'LP', 'DARINKA MAURA', 'ESCOBAR', 'MOSCOSO', 'BOLIVIA', '1976-02-13', 'F', 'VILLA ARMONIA CALLE ARMONIA No. 100', '2254005', 73052309, 'darin1376@gmail.com', NULL),
(263, 84797, 'CI', '3444442', 'LP', 'FERNANDO LUIS', 'MALDONADO', 'TIÑINI', 'BOLIVIA', '1977-12-07', 'M', 'CALLE 108 NO. 11 Z. EDUARDO AVAROA', '2820623', 71598998, 'lm84@hotmail.com', NULL),
(264, 84819, 'CI', '5473199', 'LP', 'rolando', 'espinoza', 'callisaya', 'BOLIVIA', '1982-09-03', 'M', 'AV. SAAVEDRA No. 1819 ZONA MIRAFLORES', NULL, 67168657, 'rolandomed@hotmail.com', NULL),
(265, 85374, 'CI', '6767110', 'LP', 'HANS  ROMMEL', 'GONZALES', 'QUISBERT', 'BOLIVIA', '1987-01-11', 'M', 'PLAN. 175 C. 17 Nº 323 ZONA CIUDAD SATELITE', NULL, 79129599, 'HRGONZALESQ@GMAIL.COM', NULL),
(266, 90354, 'CI', '6721504', 'LP', 'FREDDY', 'CUTILE', 'QUISPE', 'BOLIVIA', '1985-10-23', 'M', 'La Paz - Av.1 N°15 Z. Villa Tunari El Alto', NULL, 79143804, 'fred_2381825@hotmail.com', NULL),
(267, 90360, 'CI', '4329127', 'LP', 'HEIDY XIMENA', 'PINILLA', 'LIZARRAGA DE VELASQUEZ', 'BOLIVIA', '1976-07-30', 'F', 'CALLE VILLAMIL DE RADA NO. 725 ZONA SAN PADRO', '2795944', 76791961, 'HEYMALUJU@GMAIL.COM', NULL),
(268, 94931, 'CI', '6028332', 'LP', 'JIOVANA', 'MAMANI', 'BELTRAN', 'BOLIVIA', '1984-12-16', 'F', 'AV. MARCELO QUIROGA SANTA CRUZ NRO 250 Z. ERNESTO TORREZ', NULL, 72529388, 'JHOVI234.JM@GMAIL.COM', NULL),
(269, 95255, 'CI', '4805041', 'LP', 'ANGEL', 'ROJAS', 'VALDEZ', 'BOLIVIA', '1971-08-25', 'M', 'AV. CHACALTAYA Nº 648 Z. CHALLAPAMPA', NULL, 73004784, 'RVAANGEL@GMAIL.COM', NULL),
(270, 96173, 'CI', '4060374', 'OR', 'JONATAN JOSHUA', 'OROZCO', 'GONZALES', 'BOLIVIA', '1984-12-23', 'M', 'C. GUERRILLEROS LANZA Nº 1334 Z. MIRAFLORES', NULL, 78972222, 'JHONNY_OROZCO777@MSN.COM', NULL),
(271, 96184, 'CI', '4049618', 'OR', 'GIOVANNA GISLHANYN', 'ARROCHA', 'LUCANA', 'BOLIVIA', '1984-04-14', 'F', 'C. PASOSKANQUI NRO 1458 Z. MIRAFLORES', NULL, 71101487, 'GISLHANYN.400@GMAIL.COM', NULL),
(272, 99972, 'CI', '4051528', 'OR', 'ALEJANDRO NICOLAS', 'LAZO', 'VARGAS', 'BOLIVIA', '1983-07-09', 'M', 'C. CARLOS ROMERO NRO 2270 Z. SOPOCACHI', NULL, 77268070, 'DOCALELAZO@GMAIL.COM', NULL),
(273, 99975, 'CI', '4850608', 'LP', 'LUIS ALFONSO', 'AGUILAR', 'CALLE', 'BOLIVIA', '1979-08-19', 'M', 'C. BATALLA DE IRUYA NRO 707 Z. NORTE', NULL, 78841970, 'LUISALFAMED@HOTMAIL.COM', NULL),
(274, 99983, 'CI', '4040085', 'OR', 'NELSON', 'ZARATE', 'CONDORI', 'BOLIVIA', '1979-05-08', 'M', 'C. PISSIS Nº 2047 Z. SENKATA 79', NULL, 76517330, 'PANDAPANDITA636@GMAIL.COM', NULL),
(275, 100033, 'CI', '3362785', 'LP', 'SILVIA LOURDES', 'OLIVARES', 'LOPEZ', 'BOLIVIA', '1966-03-07', 'F', 'AV. MARIO MERCADO Nº 20 Z. LLOJETA CENTRAL', NULL, 71552823, 'OLIVARESSILVIALOURDES@GAMIL.COM', NULL),
(276, 100918, 'CI', '3517428', 'OR', 'ARIEL WEIMAR', 'ARANCIBIA', 'ALBA', 'BOLIVIA', '1976-05-31', 'M', 'AV. LA PAZ NRO 78 ENTRE F. BOQUERON T C. STRONGEST - OR', NULL, 70273409, 'ARANCIBIAAWEIMAR@HOTMAIL.COM', NULL),
(277, 102451, 'CI', '4304004', 'LP', 'CRISTHIAM GERMAN', 'VILLARROEL', 'SALAZAR', 'BOLIVIA', '1974-07-03', 'M', 'CALLE 9 NRO 1679 Z BARRIO GRAFICO A MIRAFLORES', NULL, 79105002, 'CVILLASAL2@GMAIL.COM', NULL),
(278, 102499, 'CI', '5967033', 'LP', 'ENDY', 'SOLARES', 'GIRONDA', 'BOLIVIA', '1988-08-02', 'F', 'AV. BUSCH Nº 1104 Z. MIRAFLORES', NULL, 67088601, 'SOLARESENDY@OUTLOOK.COM', NULL),
(279, 103132, 'CI', '4883344', 'LP', 'RONALD ARIEL', 'DORADO', 'GOMEZ', 'BOLIVIA', '1983-02-07', 'M', 'CALLE NESTOR PORTOCARRERO NRO 1797 Z.  MIRAFLORES', '67040615', 70658986, 'ARIEL_7283@HOTMAIL.COM', NULL),
(280, 103133, 'CI', '6962339', 'LP', 'SERGIO BERNARDO', 'GARCIA', 'ARCE', 'BOLIVIA', '1990-01-29', 'M', 'BLOQUE 74 NRO 402 Z. LOS PINOS', NULL, 76232398, 'SERGIOGARCIAARCE2016@GMAIL.COM', NULL),
(281, 103134, 'CI', '2284932', 'LP', 'ALFONZO ARTURO', 'DELGADILLO', 'TEJADA', 'BOLIVIA', '1974-10-21', 'M', 'AV. BUSCH NRO 1026 Z. MIRAFLORES', NULL, 72590138, 'ALFDETE@HOTMAIL.COM', NULL),
(282, 131399, 'CI', '4829786', 'LP', 'ABNER', 'TORREZ', 'BARRIOS', 'BOLIVIA', '1980-02-16', 'M', 'CALLE 5 Nº 424 Z. SANTIAGO SEGUNDO', NULL, 67062277, 'ABNERCIENCIA3000@GMAIL.COM', NULL);
INSERT INTO `docente` (`id_docente`, `siacop_id_persona`, `tipo_documento`, `ci`, `expedido`, `nombre`, `paterno`, `materno`, `nacionalidad`, `fecha_nacimiento`, `genero`, `direccion`, `telefono`, `celular`, `email`, `codigo_archivo`) VALUES
(283, 140510, 'CI', '3116718', 'OR', 'ROXANA CORINA', 'LUCANA', 'TERRAZAS', 'BOLIVIA', '1986-11-07', 'F', 'AV. KOLLASUYO NRO 7 ZONA ALTO TEJAR', NULL, 68185825, 'LUCANATERRAZASCORINA@GMAIL.COM', NULL),
(284, 148254, 'CI', '6091026', 'LP', 'SERGIO ADOLFO', 'ESPINOZA', 'GUIBARRA', 'BOLIVIA', '1990-05-14', 'M', 'AV. QUINTANILLA ZUAZO Nº 272 Z. PURA PURA', '2453846', 76205750, 'SERGIOESPINOZA7@HOTMAIL.COM', NULL),
(285, 148258, 'CI', '6128383-1V', 'LP', 'DANIEL ALEJANDRO', 'VIDEA', 'ARAMAYO', 'BOLIVIA', '1986-05-30', 'M', 'AV. SAAVEDRA-EDIF IBITA-P13-ANº1670 Z. MIRAFLORES', '2240768', 72519381, 'TYRANT-ZP@HOTMAIL.COM', NULL),
(286, 148259, 'CI', '4891147', 'LP', 'LUIS GABRIEL', 'GUTIERREZ', 'SARAVIA', 'BOLIVIA', '1984-01-14', 'M', 'AV. ARCE Nº 2132 Z. SOPOCACHI', '2235471', 70596504, 'GUTTYMED@GMAIL.COM', NULL),
(287, 149025, 'CI', '4823379', 'LP', 'SANTOS BASILIO', 'FLORES', 'ARCANI', 'BOLIVIA', '1980-06-14', 'M', 'AV. NIEVES LINARES NRO. 57 ZONA VILLA ARMONIA', NULL, 71580661, 'SANTOSSF887@GMAIL.COM', NULL),
(288, 149078, 'CI', '4854666', 'LP', 'CARLOS ALBERTO', 'FLORES', 'SALAMANCA', 'BOLIVIA', '1981-10-20', 'M', 'C. MANUEL ITURRI NRO. 7596 Z. BAJO SEGUENCOMA', NULL, 65457304, 'CERERE123@GMAIL.COM', NULL),
(289, 149342, 'CI', '4833202', 'LP', 'VANIA DELICIA', 'VIDAURRE', 'VISCARRA', 'BOLIVIA', '1992-04-30', 'F', 'C. RIO YUCUMO Nº 450 Z. IV CENTENARIO', '2730424', 77205015, 'VANI-VV30@HOTMAIL.COM', NULL),
(290, 162233, 'CI', '6060717', 'LP', 'PRISCILA', 'VILLAFUERTE', 'MOLLINEDO', 'BOLIVIA', '1986-12-16', 'F', 'C. SEMPERTEGUI NO. 108 Z. VILLA DOLORES', '2824909', 76246078, 'VILLAFUERTEPRISCILA@GMAIL.COM', NULL),
(291, 168038, 'CI', '4272081', 'LP', 'RAMIRO', 'ARGOLLO', 'GUTIÉRREZ', 'BOLIVIA', '1972-02-17', 'M', 'C. ENRIQUE HERTZOG NO. 3284 Z. EL PARAISO V. ADELA', '2836918', 77747952, 'ARGUITOS22@GMAIL.COM', NULL),
(292, 168054, 'CI', '4825224', 'LP', 'PATRICIA WENDY', '', 'BOZO', 'BOLIVIA', '1981-08-13', 'F', 'C. COVENDO NO. 655 Z. VILLA FATIMA', NULL, 72504846, 'PAWENDY@GMAIL.COM', NULL),
(293, 179368, 'CI', '5955963', 'LP', 'MAYBER LENIN', 'APARICIO', 'LOAYZA', 'BOLIVIA', '1984-04-16', 'M', 'C/LOS CEDROS Nº 325 URB. MAPAJO-COBIJA', NULL, 72095935, 'HERALDOMAYBER@GMAIL.COM', NULL),
(294, 182867, 'CI', '4960143', 'LP', 'VICTOR ANTONIO', 'FLORES', 'VELASCO', 'BOLIVIA', '1980-03-18', 'M', 'C. POLICARPIO EIZAGUIRRE Nº 1432 Z. CALLAMPAYA', NULL, 63142497, 'DOCTORFBROS1@HOTMAIL.COM', NULL),
(295, 183162, 'CI', '8408902', 'LP', 'MARIA RENE', 'RAMOS', 'COLQUE', 'BOLIVIA', '1989-05-21', 'F', 'C. ANTONIO GALLARDO Nº 22 Z. ALTO SAN PEDRO', NULL, 65671603, 'MARIQUITA_RENE@HOTMAIL.COM', NULL),
(296, 183239, 'CI', '4810700', 'LP', 'MAURICIO RONALD', 'PASTEN', 'VARGAS', 'BOLIVIA', '1983-07-04', 'M', 'C. PAZ NERY NAVA Nº 494 Z. EL ALTO OBRAJES', '2730492', 77512560, 'DR.TULAS@GMAIL.COM', NULL),
(297, 183811, 'CI', '4935237', 'LP', 'IVAN', 'GUTIERREZ', 'CHOQUE', 'BOLIVIA', '1982-06-30', 'M', 'CALLE G NO. 312 Z. BELLA VISTA', NULL, 71954055, 'IGCHOQUE777@GMAIL.COM', NULL),
(298, 183812, 'CI', '5958968', 'LP', 'CARLOS EFRAIN', 'AGUILAR', 'CUELA', 'BOLIVIA', '1983-08-05', 'M', 'C. SILVERIO SMENACHO Nº 1689 Z. EL TEJAR', NULL, 72518322, 'CARLOSAGUILAR100@GMAIL.COM', NULL),
(299, 184465, 'CI', '4802635', 'LP', 'DINA SILVIA', 'ZAPANA', 'LAURA', 'BOLIVIA', '1979-01-27', 'F', 'C. POLICARPIO EYZAGUIRE Nº 1434 Z. CALLAMPAYA', NULL, 72594023, 'DINAZAPANA69@GMAIL.COM', NULL),
(300, 185264, 'CI', '6042374', 'LP', 'EDDY EDUARDO', 'ESCOBAR', 'RAMIREZ', 'BOLIVIA', '1986-01-28', 'M', 'CALLE BASILIO DORR NRO 1475 URB. MILLUNI EL ALTO', NULL, 6042374, 'EDU.ER21ESCOBAR@GMAIL.COM', NULL),
(301, 185517, 'CI', '6843755', 'LP', 'PETER RAFAEL', 'CAZON', 'VARGAS', 'BOLIVIA', '1989-02-11', 'M', 'C. MARIANO COLODRO NRO 1982 ZONA EL TEJAR', NULL, 73263929, 'PRCV11289@GMAIL.COM', NULL),
(302, 185853, 'CI', '6086511', 'LP', 'PAMELA TATIANA', 'ROMERO', 'LEYTON', 'BOLIVIA', '1985-06-11', 'F', 'C. ROSENDO GUTIERREZ NRO 849 ZONA SOPOCACHI', NULL, 69850778, 'PAMROMERO88@GMAIL.COM', NULL),
(303, 185859, 'CI', '6036282', 'LP', 'CARLOS ALBERTO', 'BARRIENTOS', 'TINTA', 'BOLIVIA', '1984-02-22', 'M', 'C. SANTA MONICA NRO 2025 Z. SANTA ISABEL', NULL, 75829619, 'CARLOS.ABT2210@GMAIL.COM', NULL),
(304, 185983, 'CI', '6172023', 'LP', 'CHRISTIAN MAURICIO', 'VARELA', 'ROMERO', 'BOLIVIA', '1985-10-05', 'M', 'C. SANTIAGO FAJARDO S/N ZONA ACHUMANI', NULL, 77581372, 'CHRISTIANVARELAMD@GMAIL.COM', NULL);

-- --------------------------------------------------------

--
-- Estructura de tabla para la tabla `gestion`
--

CREATE TABLE `gestion` (
  `id_gestion` int(11) NOT NULL,
  `gestion` varchar(45) DEFAULT NULL,
  `tipo_gestion` varchar(45) DEFAULT NULL,
  `siacop_id_gestion` int(11) DEFAULT NULL,
  `estado_gestion` enum('ACTIVO','INACTIVO') DEFAULT NULL,
  `estado_gestion_acreditacion` enum('ACTIVO','INACTIVO') DEFAULT NULL
) ENGINE=InnoDB DEFAULT CHARSET=utf8;

--
-- Volcado de datos para la tabla `gestion`
--

INSERT INTO `gestion` (`id_gestion`, `gestion`, `tipo_gestion`, `siacop_id_gestion`, `estado_gestion`, `estado_gestion_acreditacion`) VALUES
(1, '2015', 'REGULAR', 54, 'INACTIVO', 'INACTIVO'),
(2, '2015', 'INVESTIGACION', 57, 'INACTIVO', 'INACTIVO'),
(3, '2016', 'REGULAR', 68, 'INACTIVO', 'INACTIVO'),
(4, '2016', 'INVESTIGACION', 71, 'INACTIVO', 'INACTIVO'),
(5, '2017', 'REGULAR', 79, 'INACTIVO', 'ACTIVO'),
(6, '2017', 'INVESTIGACION', 83, 'INACTIVO', 'INACTIVO'),
(7, '2018', 'REGULAR', 92, 'INACTIVO', 'ACTIVO'),
(8, '2018', 'INVESTIGACION', 97, 'INACTIVO', 'INACTIVO'),
(9, '2019', 'REGULAR', 131, 'INACTIVO', 'ACTIVO'),
(10, '2019', 'INVESTIGACION', 135, 'INACTIVO', 'INACTIVO'),
(11, '2019', 'VERANO', 154, 'INACTIVO', 'INACTIVO'),
(12, '2020', 'REGULAR', 156, 'INACTIVO', 'ACTIVO'),
(13, '2020', 'INVESTIGACION', 160, 'INACTIVO', 'INACTIVO'),
(14, '2021', 'REGULAR', 169, 'INACTIVO', 'ACTIVO'),
(15, '2021', 'INVESTIGACION', 174, 'INACTIVO', 'INACTIVO'),
(16, '2022', 'REGULAR', 184, 'ACTIVO', 'INACTIVO'),
(17, '2022', 'INVESTIGACION', 190, 'INACTIVO', 'INACTIVO');

-- --------------------------------------------------------

--
-- Estructura de tabla para la tabla `grado_academico`
--

CREATE TABLE `grado_academico` (
  `id_grado_academico` int(11) NOT NULL,
  `nombre_grado_academico` varchar(200) COLLATE utf8_spanish_ci NOT NULL,
  `prioridad_academica` enum('0','1','2','3','4','5','6','7','8','9','10') COLLATE utf8_spanish_ci DEFAULT '0',
  `estado` char(1) COLLATE utf8_spanish_ci NOT NULL DEFAULT 'A'
) ENGINE=InnoDB DEFAULT CHARSET=utf8 COLLATE=utf8_spanish_ci COMMENT='InnoDB free: 8192 kB';

--
-- Volcado de datos para la tabla `grado_academico`
--

INSERT INTO `grado_academico` (`id_grado_academico`, `nombre_grado_academico`, `prioridad_academica`, `estado`) VALUES
(1, 'Título Académico', '1', 'A'),
(2, 'Especialidad', '4', 'A'),
(3, 'Maestría', '5', 'A'),
(4, 'Doctorado', '6', 'A'),
(5, 'Diplomado', '3', 'A'),
(6, 'Tít. Provisión Nacional', '2', 'A'),
(7, 'Posdoctorado', '7', 'A');

-- --------------------------------------------------------

--
-- Estructura de tabla para la tabla `groups`
--

CREATE TABLE `groups` (
  `id` mediumint(8) UNSIGNED NOT NULL,
  `name` varchar(20) NOT NULL,
  `description` varchar(100) NOT NULL,
  `url` varchar(150) DEFAULT NULL,
  `icon` varchar(45) DEFAULT NULL
) ENGINE=InnoDB DEFAULT CHARSET=utf8;

--
-- Volcado de datos para la tabla `groups`
--

INSERT INTO `groups` (`id`, `name`, `description`, `url`, `icon`) VALUES
(1, 'Administrador', 'Administrator del Sistema', 'administrador', 'fas fa-user-cog \n'),
(2, 'Archivo Docente', 'Archivo de Docente', 'archivo', 'fas fa-user-tie'),
(3, 'Docente', 'Archivo Docente', 'docente', 'fas fa-money-check-alt \n');

-- --------------------------------------------------------

--
-- Estructura de tabla para la tabla `login_attempts`
--

CREATE TABLE `login_attempts` (
  `id` mediumint(8) UNSIGNED NOT NULL,
  `ip_address` varchar(45) NOT NULL,
  `login` varchar(100) DEFAULT NULL,
  `time` int(11) UNSIGNED DEFAULT NULL
) ENGINE=InnoDB DEFAULT CHARSET=utf8;

-- --------------------------------------------------------

--
-- Estructura de tabla para la tabla `pensum`
--

CREATE TABLE `pensum` (
  `id` int(11) NOT NULL,
  `carrera_id` int(11) NOT NULL,
  `nombre` varchar(50) COLLATE utf8_spanish_ci NOT NULL,
  `numero_plan` int(3) NOT NULL,
  `fecha_inicio` date DEFAULT NULL,
  `fecha_fin` date DEFAULT NULL,
  `aplicacion_pensum` varchar(200) COLLATE utf8_spanish_ci DEFAULT NULL,
  `observaciones` varchar(200) COLLATE utf8_spanish_ci DEFAULT NULL,
  `estado` char(1) COLLATE utf8_spanish_ci NOT NULL DEFAULT 'A'
) ENGINE=InnoDB DEFAULT CHARSET=utf8 COLLATE=utf8_spanish_ci COMMENT='InnoDB free: 8192 kB; (`carrera_id`) REFER `sia_upea/carrera';

--
-- Volcado de datos para la tabla `pensum`
--

INSERT INTO `pensum` (`id`, `carrera_id`, `nombre`, `numero_plan`, `fecha_inicio`, `fecha_fin`, `aplicacion_pensum`, `observaciones`, `estado`) VALUES
(14, 14, 'Plan 1', 1, '2003-01-01', '2016-01-31', NULL, 'no sufrio rediseño su plan de estudios', 'A'),
(82, 14, 'Plan 2', 2, '2020-01-01', '2025-01-31', NULL, NULL, 'A');

-- --------------------------------------------------------

--
-- Estructura de tabla para la tabla `produccion_intelectual`
--

CREATE TABLE `produccion_intelectual` (
  `id_produccion_intelectual` int(11) NOT NULL,
  `id_produccion_intelectual_tipo` int(11) NOT NULL,
  `id_docente` int(11) NOT NULL,
  `titulo` varchar(250) DEFAULT NULL,
  `descripcion` varchar(550) DEFAULT NULL,
  `numero_paginas` mediumint(9) DEFAULT NULL,
  `nombres_coautores` varchar(550) DEFAULT NULL,
  `fecha_lanzamiento` date DEFAULT NULL,
  `archivo_digital` varchar(250) DEFAULT NULL,
  `registro_tipo` enum('REPOSITORIO NACIONAL','SENAPI') DEFAULT NULL,
  `registro_numero` varchar(45) DEFAULT NULL,
  `registro_archivo_digital` varchar(250) DEFAULT NULL,
  `estado` enum('PENDIENTE','APROBADO') DEFAULT 'PENDIENTE'
) ENGINE=InnoDB DEFAULT CHARSET=utf8;

--
-- Volcado de datos para la tabla `produccion_intelectual`
--

INSERT INTO `produccion_intelectual` (`id_produccion_intelectual`, `id_produccion_intelectual_tipo`, `id_docente`, `titulo`, `descripcion`, `numero_paginas`, `nombres_coautores`, `fecha_lanzamiento`, `archivo_digital`, `registro_tipo`, `registro_numero`, `registro_archivo_digital`, `estado`) VALUES
(1, 4, 16, 'sadjfasdf', 'asdfsadf', 25, NULL, '2022-04-13', 'Guia-Evaluacion-Aprendizaje.pdf', 'REPOSITORIO NACIONAL', '254', 'Didactica-de-la-educacion-superior-nuevos-desafios.pdf', 'PENDIENTE'),
(2, 4, 2, 'asdfasdf', 'PAQUETE DOMESTICO', 25, NULL, '2022-05-11', '205200074-Solucion-Examen-de-Grado-Servicio-Tv-Cable-Word.pdf', 'REPOSITORIO NACIONAL', '3222', '205200074-Solucion-Examen-de-Grado-Servicio-Tv-Cable-Word-e12d1.pdf', 'PENDIENTE'),
(3, 4, 2, 'asdfasdf', 'PAQUETE DOMESTICO', 34, NULL, '2022-05-10', '205200074-Solucion-Examen-de-Grado-Servicio-Tv-Cable-Word-a11ed.pdf', 'REPOSITORIO NACIONAL', '4343', '205200074-Solucion-Examen-de-Grado-Servicio-Tv-Cable-Word-56f07.pdf', 'PENDIENTE'),
(4, 3, 1, 'garmaser', 'PAQUETE DOMESTICO', 34534, 'fgdf', '2022-05-03', 'MANUAL_TECNICO_garmaser.pdf', 'REPOSITORIO NACIONAL', '3453', 'MANUAL_TECNICO_garmaser-b375b.pdf', 'PENDIENTE'),
(5, 3, 10, 'asdfasdf', 'PAQUETE DOMESTICO', 234, 'fgdf', '2022-05-04', 'MAPA_CONCEPTUAL_GUIA_DEL_DOCENTE_PARAEL_DESARROLLO_DE_COMPETENCIAS.pdf', 'REPOSITORIO NACIONAL', '2323', 'Comprobante-8.pdf', 'PENDIENTE');

-- --------------------------------------------------------

--
-- Estructura de tabla para la tabla `produccion_intelectual_tipo`
--

CREATE TABLE `produccion_intelectual_tipo` (
  `id_produccion_intelectual_tipo` int(11) NOT NULL,
  `nombre_tipo` varchar(45) DEFAULT NULL,
  `descripcion_tipo` varchar(45) DEFAULT NULL
) ENGINE=InnoDB DEFAULT CHARSET=utf8;

--
-- Volcado de datos para la tabla `produccion_intelectual_tipo`
--

INSERT INTO `produccion_intelectual_tipo` (`id_produccion_intelectual_tipo`, `nombre_tipo`, `descripcion_tipo`) VALUES
(1, 'Libro', 'Libros Escritos'),
(2, 'Manuales', NULL),
(3, 'Guias de Practicas', NULL),
(4, 'Articulos Cientificos', NULL),
(5, 'erwerw', 'werwerew');

-- --------------------------------------------------------

--
-- Estructura de tabla para la tabla `titulo`
--

CREATE TABLE `titulo` (
  `id_titulo` int(11) NOT NULL,
  `id_docente` int(11) NOT NULL,
  `id_grado_academico` int(11) NOT NULL,
  `id_universidad` int(11) NOT NULL,
  `grado` enum('Lic.','Lic. Arq.','Lic. Ing.','Lic. Med. Cir.','Dr.','Lic. Med. Enf.','Lic. Med. Vet.','Lic. Odt. Cir.','Lic. Cir. Dent.','M. Sc.','Ph. D.','P. Ph. D.') COLLATE utf8_spanish_ci NOT NULL DEFAULT 'Lic.',
  `descripcion` varchar(200) COLLATE utf8_spanish_ci NOT NULL,
  `numero_titulo` varchar(100) COLLATE utf8_spanish_ci NOT NULL,
  `fecha_diploma` date NOT NULL COMMENT 'Fecha del diploma Academico',
  `procedencia` char(60) COLLATE utf8_spanish_ci DEFAULT NULL,
  `observaciones` varchar(200) COLLATE utf8_spanish_ci DEFAULT NULL,
  `archivo_digital` varchar(250) COLLATE utf8_spanish_ci NOT NULL,
  `fecha_registro` timestamp NOT NULL DEFAULT current_timestamp() ON UPDATE current_timestamp(),
  `estado` enum('PENDIENTE','APROBADO') COLLATE utf8_spanish_ci DEFAULT 'PENDIENTE'
) ENGINE=InnoDB DEFAULT CHARSET=utf8 COLLATE=utf8_spanish_ci COMMENT='InnoDB free: 8192 kB; (`persona_id`) REFER `sia_upea/persona';

--
-- Volcado de datos para la tabla `titulo`
--

INSERT INTO `titulo` (`id_titulo`, `id_docente`, `id_grado_academico`, `id_universidad`, `grado`, `descripcion`, `numero_titulo`, `fecha_diploma`, `procedencia`, `observaciones`, `archivo_digital`, `fecha_registro`, `estado`) VALUES
(1, 2, 5, 59, 'Lic.', 'PAQUETE DOMESTICO', '45895', '2022-05-03', NULL, NULL, '205200074-Solucion-Examen-de-Grado-Servicio-Tv-Cable-Word-a4325.pdf', '2022-05-03 18:55:58', 'PENDIENTE'),
(2, 2, 5, 59, 'Lic.', 'PAQUETE COMERCIAL', '45895', '2022-05-09', NULL, NULL, '205200074-Solucion-Examen-de-Grado-Servicio-Tv-Cable-Word-b9609.pdf', '2022-05-03 19:05:58', 'PENDIENTE'),
(3, 2, 5, 59, 'Lic.', 'PAQUETE COMERCIAL', '45895', '2022-05-03', NULL, NULL, '205200074-Solucion-Examen-de-Grado-Servicio-Tv-Cable-Word-44368.pdf', '2022-05-03 19:16:03', 'PENDIENTE'),
(4, 1, 5, 28, 'Lic. Med. Cir.', 'PAQUETE DOMESTICO EN MECANICA DENTAL', '45895', '2022-05-04', NULL, NULL, 'MANUAL_TECNICO_garmaser.pdf', '2022-05-11 01:24:26', 'PENDIENTE'),
(5, 1, 2, 35, 'Ph. D.', 'PAQUETE PARA ALOJAMIENTOS, HOTELES Y RESIDENCIALES\'', '45895', '2022-05-10', NULL, NULL, 'MANUAL_TECNICO_garmaser-30967.pdf', '2022-05-11 01:59:28', 'PENDIENTE'),
(6, 10, 4, 28, 'Lic. Med. Vet.', 'PAQUETE DOMESTICO', '45895', '2022-05-10', NULL, 'esta ajado, por falta de tinta, en el rectorado no quisieron reimprimir mi titulo por falta economiva', 'MANUAL_TECNICO_garmaser-888de.pdf', '2022-05-11 03:39:58', 'PENDIENTE'),
(7, 10, 5, 59, 'Lic.', 'dgdfgfd', '45895', '2022-05-04', NULL, NULL, 'MANUAL_TECNICO_garmaser-4c6a7.pdf', '2022-05-11 14:56:44', 'PENDIENTE'),
(8, 10, 1, 20, 'Lic.', 'asdsadas', '87987', '2022-05-10', NULL, NULL, 'MAPA_CONCEPTUAL_GUIA_DEL_DOCENTE_PARAEL_DESARROLLO_DE_COMPETENCIAS.pdf', '2022-05-11 14:56:20', 'PENDIENTE');

-- --------------------------------------------------------

--
-- Estructura de tabla para la tabla `universidad`
--

CREATE TABLE `universidad` (
  `id_universidad` int(11) NOT NULL,
  `nombre_universidad` varchar(150) DEFAULT NULL,
  `iniciales` varchar(45) DEFAULT NULL
) ENGINE=InnoDB DEFAULT CHARSET=utf8;

--
-- Volcado de datos para la tabla `universidad`
--

INSERT INTO `universidad` (`id_universidad`, `nombre_universidad`, `iniciales`) VALUES
(1, 'UNIVERSIDAD MAYOR DE SAN ANDRES', 'UMSA'),
(2, 'UNIVERSIDAD PUBLICA DE EL ALTO', 'UPEA'),
(3, 'UNIVERSIDAD TÉCNICA DE ORURO', 'UTO'),
(4, 'U.CATOLICA BOLIVIANA SAN PABLO', 'UCB'),
(5, 'UNIVERSIDAD MAYOR DE SAN SIMÓN', 'UMSS'),
(6, 'UNIVERSIDAD AUTÓNOMA TOMAS FRÍAS', 'UATF'),
(7, 'U.AUTONOMA GABRIEL RENE MORENO', 'UAGRM'),
(8, 'U.AUTONOMA JUAN MISAEL SARACHO', 'UAJMS'),
(9, 'U.AUTONOMA DEL BENI  JOSE BALLIVIAN', 'UAB'),
(10, 'UNIVERSIDAD NACIONAL DE SIGLO XX', 'UNSXX'),
(11, 'UNIVERSIDAD AMAZÓNICA DE PANDO', 'UAP'),
(12, 'U.MAYOR REAL Y PONTIFICA DE SAN FRANCISCO XAVIER', 'UMRPSFX'),
(13, 'ESCUELA MILITAR DE INGENIERIA (EMI)', 'EMI'),
(14, 'COMITE EJECUTIVO DE LA UNIVERSIDAD BOLIVIANA', 'CEUB'),
(15, 'UNIVERSIDAD ANDINA SIMÓN BOLÍVAR - (ECUADOR)', 'UASB'),
(16, 'Universidad Tecnológica de Aviación Civil de Riga, Capital Letonia', 'UTACR'),
(17, 'UNIVERSIDAD POLICIAL MARISCAL ANTONIO JOSE DE SUCRE', 'UNIPOL'),
(18, 'UNIVERSIDADE FEDERAL RURAL DO RIO DE JANEIRO', 'UFRRJ'),
(19, 'Universidad de Almería', 'UA'),
(20, 'Academia Estatal de Petróleo y Gas - Rusa', 'AEPG-EX URSS'),
(21, 'UNIVERSIDAD AUSTRAL DE CHILE', 'UACH'),
(22, 'La Universidad Fridericiana de Karlsruhe (Escuela Superior Técnica) de Alemania', 'UFK (EST) Alemania'),
(23, 'Instituto de Ingeniería Civil de Odessa Ex URSS', 'IICO-EX URSS'),
(24, 'Instituto Superior de Ciencias Agropecuarias de La Habana Cuba', 'ISCAHC'),
(25, 'Universidad Nacional Autónoma de México', 'UNAM'),
(26, 'Instituto de Automóviles y Carreteras de Moscú Ex URSS', 'IACM-Ex URSS'),
(27, 'Instituto Tecnológico de Confección Industrial de Bishkek Rep. de Kirguistán', 'ITCIB'),
(28, 'Centro de Estudios Gestalt Veracruz-México', 'CEG'),
(29, 'Universidad Químico Tecnológica Mendeleiev de Rusia, Ex-URSS', 'UQTMR-Ex URSS'),
(30, 'Universidad de Agricultura de Praga-Checoeslovaquia', 'UAPCH'),
(31, 'UNIVERSIDAD MILITAR \"MCAL. BERNARDINO BILBAO RIOJA\"', 'UMBBR'),
(32, 'Universidad Estatal Politécnica de Odesa Ex URSS', 'UEPO-Ex URSS'),
(33, 'Consejo Nacional de Educación Superior de la Universidad Boliviana', 'CONAESUB'),
(34, 'Universidad Agraria de La Habana', 'UAH'),
(35, 'Escuela Latinoamericana de Medicina-República de Cuba', 'ELMRC'),
(36, 'Instituto Universitario de Tecnología de Yaracuy- Venezuela', 'IUTYV'),
(37, 'Universidad Nacional Hermilio Valdizán-Rep. del Perú', 'UNHV'),
(38, 'Universidad Nacional de Educación a Distancia-Madrid España', 'UNED'),
(39, 'Universidad Nacional del Altiplano -Rep. del Perú', 'UNAL'),
(40, 'Universidad Católica de Córdova', 'UCC'),
(41, 'Universidad Federal de Santa Maria', 'UFSM'),
(42, 'Universidade de Sâo Paulo', 'USP'),
(43, 'Universidad Santa Maria-República de Venezuela', 'USM'),
(44, 'Universidad Andina de Cusco-República del Perú', 'UAC'),
(45, 'Universidad Nacional Daniel Alcides Carrión-Rep. del Perú', 'UNDAC'),
(46, 'Universidad Nacional Agraria La Molina-Rep. del Perú', 'UNAM'),
(47, 'Universidad Autónoma Metropolitana-México', 'UAM-M'),
(48, 'Instituto Superior de Ciencias Médicas de La Habana-Rep. de Cuba', 'ISCMH'),
(49, 'Universidad Nacional de Asunción-Rep. del Paraguay', 'UNA'),
(50, 'Universidad Nacional De La Plata-Rep. de Argentina', 'UNP'),
(51, 'Universidad Politécnica de Bucarest-Rep. de Rumania', 'UTB'),
(52, 'Instituto Tecnológico de la Industria Alimenticia de Odesa-Ucrania', 'ITIAO'),
(53, 'Universidad de Ciencias Agrícolas de Godollo-Hungria', 'UCAG'),
(54, 'Universidad Facultad de Ciencias Económicas Carlos Marx-Hungria', 'UFCECMB'),
(55, 'Instituto Estatal de Cultura de Moscú-Ex-URSS', 'IECM'),
(56, 'Instituto de Agricultura de Jarkov- URSS', 'IAJ'),
(57, 'Instituto Agrícola M.V.- URSS', 'IAM'),
(58, 'Instituto de Agricultura M.V. Frunze de Kishinev- URSS ', 'IAM'),
(59, 'Academia Agrícola de Ucrania-Ucrania', 'AAU'),
(60, 'Florida Atlantic University -EE.UU.', 'FAU'),
(61, 'Universidad Tecnológica Equinoccial-Ecuador', 'UTE-Ecuador'),
(62, 'Universidad Católica de Santa María-Perú', 'UCSM-Peru'),
(63, 'Universidad Estatal de Voronezh-Ex URSS', 'UEV-Ex URSS'),
(64, 'Universidad Nacional de Salta-Argentina', 'UNS-Argentina'),
(65, 'Universidad de Economía \"Bruno Leuschner\" Alemania', 'UEBL (Alemania)'),
(66, 'Universidad Politécnica de Valencia-España', 'UPVE'),
(67, 'UNIVERSIDAD NACIONAL DE SAN AGUSTÍN DE AREQUIPA', 'UNSA'),
(68, 'Facultad Latinoamericana de Ciencias Sociales de San José de Costa Rica ', 'FLACSO'),
(69, 'Universidad', 'U'),
(70, 'Universidad del BIO-BIO (Chile)', 'UBB-Chile'),
(71, 'La Pontificia Universidad Javeriana (Colombia)', 'PUJ (Colombia)'),
(72, 'UNIVERSIDAD PERUANA UNIÓN', 'UPN-Peru'),
(73, 'UNIVERSIDAD ANDINA SIMÓN BOLÍVAR (BOLIVIA)', 'UASB');

-- --------------------------------------------------------

--
-- Estructura de tabla para la tabla `users`
--

CREATE TABLE `users` (
  `id` int(11) UNSIGNED NOT NULL,
  `ip_address` varchar(45) NOT NULL,
  `username` varchar(100) DEFAULT NULL,
  `password` varchar(255) NOT NULL,
  `email` varchar(254) NOT NULL,
  `activation_selector` varchar(255) DEFAULT NULL,
  `activation_code` varchar(255) DEFAULT NULL,
  `forgotten_password_selector` varchar(255) DEFAULT NULL,
  `forgotten_password_code` varchar(255) DEFAULT NULL,
  `forgotten_password_time` int(11) UNSIGNED DEFAULT NULL,
  `remember_selector` varchar(255) DEFAULT NULL,
  `remember_code` varchar(255) DEFAULT NULL,
  `created_on` int(11) UNSIGNED NOT NULL,
  `last_login` int(11) UNSIGNED DEFAULT NULL,
  `active` tinyint(1) UNSIGNED DEFAULT NULL,
  `first_name` varchar(50) DEFAULT NULL,
  `last_name` varchar(50) DEFAULT NULL,
  `company` varchar(100) DEFAULT NULL,
  `phone` varchar(20) DEFAULT NULL
) ENGINE=InnoDB DEFAULT CHARSET=utf8;

--
-- Volcado de datos para la tabla `users`
--

INSERT INTO `users` (`id`, `ip_address`, `username`, `password`, `email`, `activation_selector`, `activation_code`, `forgotten_password_selector`, `forgotten_password_code`, `forgotten_password_time`, `remember_selector`, `remember_code`, `created_on`, `last_login`, `active`, `first_name`, `last_name`, `company`, `phone`) VALUES
(1, '127.0.0.1', 'administrator', '$2y$10$OJyTFBITbgFl20CY/FusQ.q0gclr36H7Soazwfk3NW3.ocYGtJuHq', 'admin@admin.com', NULL, '', NULL, NULL, NULL, NULL, NULL, 1268889823, 1654466906, 1, 'Admin', 'istrator', 'ADMIN', '0'),
(2, '127.0.0.1', 'archivo', '$2y$10$OJyTFBITbgFl20CY/FusQ.q0gclr36H7Soazwfk3NW3.ocYGtJuHq', 'archivo@admin.com', NULL, '', NULL, NULL, NULL, NULL, NULL, 1268889823, 1651714014, 1, 'Archivo', '', 'ADMIN', '0'),
(3, '127.0.0.1', '2317736', '$2y$10$OJyTFBITbgFl20CY/FusQ.q0gclr36H7Soazwfk3NW3.ocYGtJuHq', '2317736@admin.com', NULL, '', NULL, NULL, NULL, NULL, NULL, 1268889823, 1652318035, 1, 'Archivo', '', 'ADMIN', '0'),
(4, '::1', '618287', '$2y$10$ACXYQnmAMfk0OOJRlg4CYOoYy3dUpqffdTUaHkaU.UbhUr0RPX4Ui', '618287@medicina.com', NULL, NULL, NULL, NULL, NULL, NULL, NULL, 1652410980, NULL, 1, 'ANGEL EDMUNDO', 'VEIZAGA QUISPE', NULL, NULL),
(5, '::1', '1324488', '$2y$10$FcIUtTLtEuC.VgbS0nZPWe/lnUaXxHFEyvu3kKVayIA4cI2E/cCku', '1324488@medicina.com', NULL, NULL, NULL, NULL, NULL, NULL, NULL, 1652410980, NULL, 1, 'MARCO ANTONIO', 'CAVIEDES VARGAS', NULL, NULL),
(6, '::1', '2097806-1M', '$2y$10$hhuV3P1HSCCWTC2grFZV3e6gJzZaamgi9Uh46x.Pmn7KoJMrB2/VW', '2097806-1M@medicina.com', NULL, NULL, NULL, NULL, NULL, NULL, NULL, 1652410980, NULL, 1, 'DELFIN EDWIN', 'LAURA NINA', NULL, NULL),
(7, '::1', '2286321', '$2y$10$8x8FBrTJKp6VtKT8mhLeqeYULfEgEmbfMSNhMDB8jyOUUiKYm8JBC', '2286321@medicina.com', NULL, NULL, NULL, NULL, NULL, NULL, NULL, 1652410980, 1652411108, 1, 'ELIAS', 'CALLE VELA', NULL, NULL),
(8, '::1', '2307568', '$2y$10$MVrfMX0vNCAeHHp6NDTt.OMOVvzle6otOpYeUtt/5eejqjQk8RrvW', '2307568@medicina.com', NULL, NULL, NULL, NULL, NULL, NULL, NULL, 1652410980, NULL, 1, 'FERNANDO GENARO', 'CARVAJAL VILLAFUERTE', NULL, NULL),
(9, '::1', '2379433', '$2y$10$pZFKimJ86ERYboBeb3lS5OQELuLk.ZlZGia7/AmAaOMdXrM6DCQ0y', '2379433@medicina.com', NULL, NULL, NULL, NULL, NULL, NULL, NULL, 1652410980, NULL, 1, 'JOSE NESTOR', 'HUAMPO ZARATE', NULL, NULL),
(10, '::1', '2383132', '$2y$10$VyLnCvYFkq8HN17QHHIpx.uCf3Dytd81sqsBwEbziPXPk/dH4tuGu', '2383132@medicina.com', NULL, NULL, NULL, NULL, NULL, NULL, NULL, 1652410980, NULL, 1, 'JHONNY GABRIEL', 'QUISPE HUANCA', NULL, NULL),
(11, '::1', '2455860', '$2y$10$gDZqClv4cTHHOopaQwa/fedxydgKj/cf8wuWbnctQhFnUwJaiUHZ2', '2455860@medicina.com', NULL, NULL, NULL, NULL, NULL, NULL, NULL, 1652410981, NULL, 1, 'JORGE ROGELIO', 'SANTANDER ESTRADA', NULL, NULL),
(12, '::1', '2540807', '$2y$10$6aqufgBVQNZ9vtwkhbEbxOn6C7SIRWcb9iTKko7gWWIDz9xRc8/w2', '2540807@medicina.com', NULL, NULL, NULL, NULL, NULL, NULL, NULL, 1652410981, NULL, 1, 'HUGO EULOGIO', 'LIUCA MURGA', NULL, NULL),
(13, '::1', '2606262', '$2y$10$QPsQk3vlqPJmMs/FFN9RGOdHpJqdoTPehK6i3J6D3sIcpKbIo9jRa', '2606262@medicina.com', NULL, NULL, NULL, NULL, NULL, NULL, NULL, 1652410981, NULL, 1, 'MARIA ROSEMERY', 'CLAROS MARQUEZ', NULL, NULL),
(14, '::1', '2638253', '$2y$10$mYRfCGfHp0Sjih8MXU8HFetL3agKzfvUy1zejf1nedkv/IeOD3/22', '2638253@medicina.com', NULL, NULL, NULL, NULL, NULL, NULL, NULL, 1652410981, NULL, 1, 'JORGE RENE GASTON', 'VELASCO MONRROY', NULL, NULL),
(15, '::1', '2661735', '$2y$10$O4foTuIlb2nkeA.JUhfsTuQKA1srehpiuCxaX0wczvxf6NSprtO/C', '2661735@medicina.com', NULL, NULL, NULL, NULL, NULL, NULL, NULL, 1652410981, NULL, 1, 'LEOCADIO ORLANDO', 'MOREIRA MONTOYA', NULL, NULL),
(16, '::1', '2684478', '$2y$10$i9tQ8pQffsA8C6uYDdcjQ.55Or7DGz36SYo6.7TdNK0q0f3ehG.Z.', '2684478@medicina.com', NULL, NULL, NULL, NULL, NULL, NULL, NULL, 1652410981, NULL, 1, 'EVA', 'FLORES MAYTA', NULL, NULL),
(17, '::1', '2687870', '$2y$10$8X8G7CqZF37po.JmXIDnt.ZRc2sNjQDc.Fk.D3fY1sx08o7PdMviW', '2687870@medicina.com', NULL, NULL, NULL, NULL, NULL, NULL, NULL, 1652410981, NULL, 1, 'JOSE', 'AMARU LUCANA', NULL, NULL),
(18, '::1', '3323292', '$2y$10$VPC3cHq2UQ78HAt8UmnuQeowMyvYq1xQg68RqHiPmctDVcveSHvwS', '3323292@medicina.com', NULL, NULL, NULL, NULL, NULL, NULL, NULL, 1652410981, NULL, 1, 'GONZALO JORGE', 'RAMOS GONZALES', NULL, NULL),
(19, '::1', '3327063', '$2y$10$VFsb4VE/ufdW7vE4u8sU3OtXkbAl/McEfW/NkhTfCQJXkkUaQdJp2', '3327063@medicina.com', NULL, NULL, NULL, NULL, NULL, NULL, NULL, 1652410981, NULL, 1, 'CLAUDIO', 'MALDONADO NINA', NULL, NULL),
(20, '::1', '3333634', '$2y$10$n1aHJR5JkcyL8vyOE9x63Ow2QLELC2L6cc0sy1.bKUvWgyhUGzJvi', '3333634@medicina.com', NULL, NULL, NULL, NULL, NULL, NULL, NULL, 1652410981, NULL, 1, 'HONORATO', 'CALDERON CALDERON', NULL, NULL),
(21, '::1', '3335605', '$2y$10$Quu4WoZvkXq9ShAbR5CeC.f2KKSbN2Be2v9.4S5ITV4PSDgJuT/1W', '3335605@medicina.com', NULL, NULL, NULL, NULL, NULL, NULL, NULL, 1652410981, NULL, 1, 'MARCO ANTONIO', 'ESPINOZA SUAREZ', NULL, NULL),
(22, '::1', '3374953', '$2y$10$jyroO5/ERFJTXFnX.spImug4Mx/IACMM8H56qBxILqZA5ZQ6qPJbm', '3374953@medicina.com', NULL, NULL, NULL, NULL, NULL, NULL, NULL, 1652410981, NULL, 1, 'JENNA GRACIELA', 'NISTAHUZ CLAVEL', NULL, NULL),
(23, '::1', '3441117', '$2y$10$awuCpuJdOyg9ufe5uaAhlO8DoMuIJcnxz944zJhm5jBSbneeiWpkG', '3441117@medicina.com', NULL, NULL, NULL, NULL, NULL, NULL, NULL, 1652410981, NULL, 1, 'WILFREDO', 'AGUILAR LÓPEZ', NULL, NULL),
(24, '::1', '3459290', '$2y$10$9m8AuZmeqlmVPUMsqm.Ur.mF5aiQoUtxs8cXF6NGz0n9NO69xYR4u', '3459290@medicina.com', NULL, NULL, NULL, NULL, NULL, NULL, NULL, 1652410981, NULL, 1, 'SANDRO JHONNY', 'PASCUAL ESCALERA', NULL, NULL),
(25, '::1', '3537416', '$2y$10$tR6jtYtxmgro98amxJd4IubLH.kyL.gQU5gsNvDYvW7uYNVHNHU7y', '3537416@medicina.com', NULL, NULL, NULL, NULL, NULL, NULL, NULL, 1652410981, NULL, 1, 'WILSÓN ROBERT', 'MOROCHI LIMA', NULL, NULL),
(26, '::1', '3538417', '$2y$10$TTBqmZ9aI0IpIyG0BYhTceoaP3id9Y9Eourh4Gjpoieq.J61fCG.q', '3538417@medicina.com', NULL, NULL, NULL, NULL, NULL, NULL, NULL, 1652410981, NULL, 1, 'SHIRLEY ISABEL', 'GIL RAMOS', NULL, NULL),
(27, '::1', '4260330', '$2y$10$A9Fcc6hQn92g0yg4.21BeO4adOVmmRk7XRXLOGLN9LmOrLcm5H1k.', '4260330@medicina.com', NULL, NULL, NULL, NULL, NULL, NULL, NULL, 1652410981, NULL, 1, 'JUAN ALBERTO', 'GARAY SANCHEZ', NULL, NULL),
(28, '::1', '4266388', '$2y$10$Q3YFjk5z38Kpg3mHtfNvnewjmtwkRLcTQuDJ.YGnrO2paS62N37oW', '4266388@medicina.com', NULL, NULL, NULL, NULL, NULL, NULL, NULL, 1652410982, NULL, 1, 'DANIEL', 'SANSUSTE SANTALLA', NULL, NULL),
(29, '::1', '4336184', '$2y$10$4qP75hnE4lyBPRySHoTkpu6sHC23SbH1SQL2SrxwUl5.FGT6a523m', '4336184@medicina.com', NULL, NULL, NULL, NULL, NULL, NULL, NULL, 1652410982, NULL, 1, 'DEMIS REYNALDO', 'ALCON LUNA', NULL, NULL),
(30, '::1', '4368111', '$2y$10$Sp6ujtwKuvxYkcfAqBaoK.jG6jDYBLy2SNGuqGnlF2LO5UVyX1LAS', '4368111@medicina.com', NULL, NULL, NULL, NULL, NULL, NULL, NULL, 1652410982, NULL, 1, 'LUIS MIGUEL', 'DUCHÉN RODRIGUEZ', NULL, NULL),
(31, '::1', '4846144', '$2y$10$UoSgWxOWNZ4QVR9plco/beUnHwYr23AGnZyoEnnh8KmAEqK8uilGe', '4846144@medicina.com', NULL, NULL, NULL, NULL, NULL, NULL, NULL, 1652410982, NULL, 1, 'JOSE MARCELO', 'HUAYTA SOTO', NULL, NULL),
(32, '::1', '4918344', '$2y$10$ZbMwY/hxOF1WA6AvRZP/PexaK163mOfyANCfQxKtg0KiwpiAZTema', '4918344@medicina.com', NULL, NULL, NULL, NULL, NULL, NULL, NULL, 1652410982, NULL, 1, 'EULOGIO', 'ACARAPI RODRIGUEZ', NULL, NULL),
(33, '::1', '2079824', '$2y$10$SI/6sY5qYAd3.xqL66nSAONJtyQQ5QWDtxt22zDqzfl8WZEu7.stW', '2079824@medicina.com', NULL, NULL, NULL, NULL, NULL, NULL, NULL, 1652410982, NULL, 1, 'ZENOBIO', 'NINA ARTEAGA', NULL, NULL),
(34, '::1', '1108973', '$2y$10$086zBo5nVZSSFVs9XHmcV.8ZmFCl3HgRKlUwo2cHVEpQ2UGAWgGKa', '1108973@medicina.com', NULL, NULL, NULL, NULL, NULL, NULL, NULL, 1652410982, NULL, 1, 'CIRO GERMAN', 'ALAVIA MARIN', NULL, NULL),
(35, '::1', '4811934', '$2y$10$R9tcFM7aNVQaGxSuov3MYeMWzpOBrkZ.oABe5rSQ4NBsssB.NP/nK', '4811934@medicina.com', NULL, NULL, NULL, NULL, NULL, NULL, NULL, 1652410982, NULL, 1, 'INA CORINNE', 'AJATA GUERRERO', NULL, NULL),
(36, '::1', '4976694', '$2y$10$ey6ougeQbUiMTI26dFFUc.n5Vo4bkaP.KK67bwo5eLUxLN.NNxRRW', '4976694@medicina.com', NULL, NULL, NULL, NULL, NULL, NULL, NULL, 1652410982, NULL, 1, 'GARY RONALD', 'CHOQUE ARUNI', NULL, NULL),
(37, '::1', '3128529', '$2y$10$iwUeBdEtul.54qMikunJOOfugZLtbHx5Bu5QORhhv9UYuFyPdWjTO', '3128529@medicina.com', NULL, NULL, NULL, NULL, NULL, NULL, NULL, 1652410982, NULL, 1, 'AMBROCIA', 'IRIARTE VEIZAGA', NULL, NULL),
(38, '::1', '4241980', '$2y$10$tgY/wuC6r2od8v9HN4PIjeVfI9EC6kwPY6mgjBYdbjhTbzTxlZq6K', '4241980@medicina.com', NULL, NULL, NULL, NULL, NULL, NULL, NULL, 1652410982, NULL, 1, 'EDWIN JACINTO', 'MAMANI AYALA', NULL, NULL),
(39, '::1', '3396594', '$2y$10$Kh6wc55hqotSr1z66yhhse8kGfAZZChpniV3MXWI6pN60jkxyUnnW', '3396594@medicina.com', NULL, NULL, NULL, NULL, NULL, NULL, NULL, 1652410982, NULL, 1, 'CARLOS VICENTE', 'MURILLO MURILLO', NULL, NULL),
(40, '::1', '2150663', '$2y$10$620akCG0iX4f/vSjFBVnu.gclV3MnR/32nIGDfvY0Vh0Km6K9JRUC', '2150663@medicina.com', NULL, NULL, NULL, NULL, NULL, NULL, NULL, 1652410982, NULL, 1, 'CINZIA PAOLA', 'QUESADA TAPIA', NULL, NULL),
(41, '::1', '2756797', '$2y$10$2d2eBat.kiHfRhBCXnEcse52JdflKhhQ8RFn7IIYhYoenkl4pVQue', '2756797@medicina.com', NULL, NULL, NULL, NULL, NULL, NULL, NULL, 1652410982, NULL, 1, 'ERNESTO CARLOS', 'REYES ARANO', NULL, NULL),
(42, '::1', '2524712', '$2y$10$SW0owErEHMXecm7qdJoFoOwwONuqshHcs/bgQUmsVuKM6/9IcApKy', '2524712@medicina.com', NULL, NULL, NULL, NULL, NULL, NULL, NULL, 1652410982, NULL, 1, 'WILFREDO', 'DIAZ PUENTE', NULL, NULL),
(43, '::1', '3481193', '$2y$10$8hw4ErqLxu9filYsbwBP.e5Yq3lVAP3Y5azq4Vv4FCbcOwM9FVoV2', '3481193@medicina.com', NULL, NULL, NULL, NULL, NULL, NULL, NULL, 1652410982, NULL, 1, 'JOSÉ LUIS', 'CORI CHUQUIMIA', NULL, NULL),
(44, '::1', '631466', '$2y$10$JkMP9nCOWgFW4LbL./iiVe..rWNzg/1PasxRWdoQAD3CVaMc4gd4G', '631466@medicina.com', NULL, NULL, NULL, NULL, NULL, NULL, NULL, 1652410982, NULL, 1, 'NELSON', 'TEJADA RODRIGUEZ', NULL, NULL),
(45, '::1', '6012107', '$2y$10$9Kw.tbb3t.xCvn2Tb6wWh.dibBYb0vBgUR3VbSpSGlZx/13rm2WLK', '6012107@medicina.com', NULL, NULL, NULL, NULL, NULL, NULL, NULL, 1652410983, NULL, 1, 'VLADIMIR', 'AJLLAHUANCA CALLISAYA', NULL, NULL),
(46, '::1', '4312701', '$2y$10$3T1qRseWhH7k/89hXjBrgeVOTCcb6o6Nv6UUxjxJq.OflhrMdLXGC', '4312701@medicina.com', NULL, NULL, NULL, NULL, NULL, NULL, NULL, 1652410983, NULL, 1, 'NANCY BEATRIZ', 'CHOQUEHUANCA CHOQUE', NULL, NULL),
(47, '::1', '2283271', '$2y$10$Jdm1i.plxmNAkutxjjN4bOEzWjr9brNPRWMWjMVzUEVnVqrINacjy', '2283271@medicina.com', NULL, NULL, NULL, NULL, NULL, NULL, NULL, 1652410983, NULL, 1, 'VIDAL', 'POMA GONZALES', NULL, NULL),
(48, '::1', '2449626', '$2y$10$KnHSeTCjcRDRQHdIZbSGC.Rr2zTEtGPY5yZ4HdpsDeTL9aRiUU1bO', '2449626@medicina.com', NULL, NULL, NULL, NULL, NULL, NULL, NULL, 1652410983, NULL, 1, 'ABEL', 'CORDERO CALDERON', NULL, NULL),
(49, '::1', '4824236', '$2y$10$S9X3EyDVV577LtqUmiTBTu67FmlJIjCangf8kMBwL/cyPcXwAZIUq', '4824236@medicina.com', NULL, NULL, NULL, NULL, NULL, NULL, NULL, 1652410983, NULL, 1, 'JUAN REYNALDO', 'GALVEZ CLAROS', NULL, NULL),
(50, '::1', '4944497', '$2y$10$Q8uhd6ewG/kbyBHCNwo0UOf8U2GlfJLZavA4kX.31VzLF1B8vAM.m', '4944497@medicina.com', NULL, NULL, NULL, NULL, NULL, NULL, NULL, 1652410983, NULL, 1, 'GUIDO AMADEO', 'AMPUERO ARANDA', NULL, NULL),
(51, '::1', '4248382', '$2y$10$NlIzHnmnF8CxaiOOuExlg.prtzm36C/pHke/enWm6ku7WJURLkQCm', '4248382@medicina.com', NULL, NULL, NULL, NULL, NULL, NULL, NULL, 1652410983, NULL, 1, 'DUCIA VICTORIA', 'GUTIERREZ ESCOBAR', NULL, NULL),
(52, '::1', '4880606', '$2y$10$BKl7tM6ulk7dR7cU1wHv3.qMF0hIErpYknh7hWXdVW/A1/XyoTVs2', '4880606@medicina.com', NULL, NULL, NULL, NULL, NULL, NULL, NULL, 1652410983, NULL, 1, 'DIEGO ARMANDO', 'SANCHEZ VILLCA', NULL, NULL),
(53, '::1', '6119505', '$2y$10$K00jNq7kO7pMEmr.KvWevurw3Sj0no0xA2tObtZv5I.ieSGOJZ/6e', '6119505@medicina.com', NULL, NULL, NULL, NULL, NULL, NULL, NULL, 1652410983, NULL, 1, 'JANETH', 'GUTIERREZ PLATA', NULL, NULL),
(54, '::1', '4815205', '$2y$10$cHPHVda2NIUfRDmLkt0X5uDZCbgo4IgfmX.AUj0WLM/G12MPFXs9a', '4815205@medicina.com', NULL, NULL, NULL, NULL, NULL, NULL, NULL, 1652410983, NULL, 1, 'NELSON', 'ACUÑA AGUILAR', NULL, NULL),
(55, '::1', '4780331', '$2y$10$5NLAgLFezNWnxOXHfUvPietGk86iRKI6HaXvVNPAbQ3wQIE6tlagG', '4780331@medicina.com', NULL, NULL, NULL, NULL, NULL, NULL, NULL, 1652410983, NULL, 1, 'DAVID ENRIQUE', 'VELASQUEZ TINTAYA', NULL, NULL),
(56, '::1', '4423267', '$2y$10$Jfb9GBnA6lvTM/cFaTcDH.OyUlntXn/GwQ7GbVpHfqNpDzMZ3ZiHO', '4423267@medicina.com', NULL, NULL, NULL, NULL, NULL, NULL, NULL, 1652410983, NULL, 1, 'JAVIER', 'MAMANI TICONA', NULL, NULL),
(57, '::1', '246150', '$2y$10$Sn.3ryxkAbtoEIEf1f3h2uk/fwjKtqG7nmL8iOB6oGPyvzyU/3fri', '246150@medicina.com', NULL, NULL, NULL, NULL, NULL, NULL, NULL, 1652410983, NULL, 1, 'AUGUSTO CESAR', 'CASTILLO MURILLO', NULL, NULL),
(58, '::1', '6019728', '$2y$10$IjwwJPlbidersbmiOxiW.O4VrrkrV2QBM9DBbQ0FtDMVKRIQOiyY2', '6019728@medicina.com', NULL, NULL, NULL, NULL, NULL, NULL, NULL, 1652410983, NULL, 1, 'RAUL ANGEL', 'AVILE LARUTA', NULL, NULL),
(59, '::1', '3547685', '$2y$10$gtrq10N6.B0tU9zsG4RVRujSkFCg9wS.YdfBuuCPZzsQRrp0Hmko6', '3547685@medicina.com', NULL, NULL, NULL, NULL, NULL, NULL, NULL, 1652410983, NULL, 1, 'MARCELO', 'XAVIER SANTA CRUZ', NULL, NULL),
(60, '::1', '4285466', '$2y$10$0jlV3ED7z.9OvInolgckKue7AS8TZhlVYkZ2JMihIdRVPtiOswpO.', '4285466@medicina.com', NULL, NULL, NULL, NULL, NULL, NULL, NULL, 1652410983, NULL, 1, 'CARLOS ALFREDO', 'FLORES CARDENAS', NULL, NULL),
(61, '::1', '4943833', '$2y$10$o7V9A5vocwY.w6GdWfQaIO/HE9ZAdllKCB3e4X9PaSWkO0AsSjZk6', '4943833@medicina.com', NULL, NULL, NULL, NULL, NULL, NULL, NULL, 1652410983, NULL, 1, 'VALENTIN', 'APAZA MAURICIO', NULL, NULL),
(62, '::1', '3393525', '$2y$10$QYMd0bowWVaQE6k/k1el4Oa/z2ZD98D4exrRVCQJyPvYKWqf.zrh6', '3393525@medicina.com', NULL, NULL, NULL, NULL, NULL, NULL, NULL, 1652410984, NULL, 1, 'DORA MARY', 'CHIPANA MAMANI', NULL, NULL),
(63, '::1', '3475440', '$2y$10$pSG5.e3xE4V2SVVSGB7QmOL8so3.pAcUJqQJ0PK7trpQNQcKRre1a', '3475440@medicina.com', NULL, NULL, NULL, NULL, NULL, NULL, NULL, 1652410984, NULL, 1, 'JULIO ALBERTO', 'ALVAREZ ENDARA', NULL, NULL),
(64, '::1', '6075067', '$2y$10$IViKep3hYDVh5Be6Po/Uze/N1Htt/AFXW6BqOPUZ0v8Qd1CSMEi26', '6075067@medicina.com', NULL, NULL, NULL, NULL, NULL, NULL, NULL, 1652410984, NULL, 1, 'ALICIA', 'CUEVAS MACHACA', NULL, NULL),
(65, '::1', '6903526', '$2y$10$dotz6ePa6capshKcr2vukuXQA19Iy3f7ZzvSG11cJQzv71xT8voMK', '6903526@medicina.com', NULL, NULL, NULL, NULL, NULL, NULL, NULL, 1652410984, NULL, 1, 'HENRY ARIEL', 'CONDORI CONDORI', NULL, NULL),
(66, '::1', '4892834', '$2y$10$J3tads0sL4Fdp6RYTNuF2.EuTp/mdYooAGfAX6MNtCknqUApaYrXS', '4892834@medicina.com', NULL, NULL, NULL, NULL, NULL, NULL, NULL, 1652410984, NULL, 1, 'GERMAN CARLOS', 'PARISACA APAZA', NULL, NULL),
(67, '::1', '491895', '$2y$10$qczQwE8WB1wt5ujOQMH8.OPP50yT1Q3menHI7Cagb1CrL81/KUBAu', '491895@medicina.com', NULL, NULL, NULL, NULL, NULL, NULL, NULL, 1652410984, NULL, 1, 'JOSEF GOEBELS', 'HENAO LUNA', NULL, NULL),
(68, '::1', '839944', '$2y$10$s21u.2eUlaLrIKjzpR9M8us9Yd2vGcr72BsUa8QqMrNIzQNTrA75i', '839944@medicina.com', NULL, NULL, NULL, NULL, NULL, NULL, NULL, 1652410984, NULL, 1, 'RUTH LESLY', 'AGREDA MALDONADO', NULL, NULL),
(69, '::1', '4362467', '$2y$10$piBUErcIuFlxl9oPWw1/zeMhslWOhBPH7iqa8g6mGVUOiOAzG/KoK', '4362467@medicina.com', NULL, NULL, NULL, NULL, NULL, NULL, NULL, 1652410984, NULL, 1, 'JULIO RUBEN', 'AGUILAR VALDEZ', NULL, NULL),
(70, '::1', '4795951', '$2y$10$pyBK1TSAcYgrSU9HLkhbUe8aoOJ1FZTa9Cfya.TPgEQkpbWhjYrhe', '4795951@medicina.com', NULL, NULL, NULL, NULL, NULL, NULL, NULL, 1652410984, NULL, 1, 'JUAN CARLOS', 'TERRAZAS TERRAZAS', NULL, NULL),
(71, '::1', '5943547', '$2y$10$fWtnpFPu29DA7sg3OF31J.iTZq83Ajkt0/hchc8w0UyM/ZlZf1VLq', '5943547@medicina.com', NULL, NULL, NULL, NULL, NULL, NULL, NULL, 1652410984, NULL, 1, 'ERIKA LOURDES', 'PATIÑO CONSTANCIO', NULL, NULL),
(72, '::1', '5988861', '$2y$10$KfxGRvWWzLK8167yFF2DZ.5uWIR9iwNAsEXAWbEtryazG75Qwb232', '5988861@medicina.com', NULL, NULL, NULL, NULL, NULL, NULL, NULL, 1652410984, NULL, 1, 'NADIA PAOLA', 'APAZA TORREZ', NULL, NULL),
(73, '::1', '6908784', '$2y$10$O5KWtcf0CdUwBrRIRYiK5eQz.QEsxQQTVPQUdkHNEGY.WIJHvb4Cm', '6908784@medicina.com', NULL, NULL, NULL, NULL, NULL, NULL, NULL, 1652410984, NULL, 1, 'VIANCA SOLEDAD', 'QUINTEROS MAMANI', NULL, NULL),
(74, '::1', '4316703', '$2y$10$hqobmltdOe4JPoODnFuPnusdkoQCblCQvRmHVIphVLNxBDXS2DTJy', '4316703@medicina.com', NULL, NULL, NULL, NULL, NULL, NULL, NULL, 1652410984, NULL, 1, 'LUCY AMALIA', 'CAPIA FLORES', NULL, NULL),
(75, '::1', '5479762', '$2y$10$byJUnb.XbhETZKAhkFpo7eFl7DFyxO3121QiyY8GPX1uXwHtNjeKO', '5479762@medicina.com', NULL, NULL, NULL, NULL, NULL, NULL, NULL, 1652410984, NULL, 1, 'JOHNNY', 'SANGALLI CHUIMA', NULL, NULL),
(76, '::1', '3478083', '$2y$10$pSLgtZTeMZpzrhcljYg9eeat.DWWzPq8ZqbxQyhNsAYqOCSEkUAlW', '3478083@medicina.com', NULL, NULL, NULL, NULL, NULL, NULL, NULL, 1652410984, NULL, 1, 'IVAN', 'LIZARRAGA ARMAZA', NULL, NULL),
(77, '::1', '4903640', '$2y$10$VS9/smUtbFIXGT9MaK0ZO.kLbS2F2sP24PSlVnbA/MpPCmGjOVT/G', '4903640@medicina.com', NULL, NULL, NULL, NULL, NULL, NULL, NULL, 1652410984, NULL, 1, 'PAMELA ALISON', 'CASTILLO VEGA', NULL, NULL),
(78, '::1', '4057504', '$2y$10$2wekKRmwyR778N5uQmUmtOx0h7E.D1SqelaWZ9jA57Ijr9jx1h77C', '4057504@medicina.com', NULL, NULL, NULL, NULL, NULL, NULL, NULL, 1652410984, NULL, 1, 'WUILY GENARO', 'RAMIREZ CHAMBI', NULL, NULL),
(79, '::1', '2536354', '$2y$10$IdxKW0VhbhyBmW.r.OXInOGMk9u3ii1iIkaefp636tWy2kYMnm/N2', '2536354@medicina.com', NULL, NULL, NULL, NULL, NULL, NULL, NULL, 1652410985, NULL, 1, 'JOSE LUIS', 'SORIA DELGADO', NULL, NULL),
(80, '::1', '4289157', '$2y$10$907jNWTO2WqYGu8rHDA79.7O2fkEX2rgvRe5GU0dPD8Gshl7gEELW', '4289157@medicina.com', NULL, NULL, NULL, NULL, NULL, NULL, NULL, 1652410985, NULL, 1, 'ELDA DEL CARMEN', 'MONTECINOS JAUREGUI', NULL, NULL),
(81, '::1', '3442530', '$2y$10$1vbupywGTm6I5tspa/8ik./qbu1Foodyz.T/yuYcC3rAtB3Zx1vVe', '3442530@medicina.com', NULL, NULL, NULL, NULL, NULL, NULL, NULL, 1652410985, NULL, 1, 'PAOLA VIVIANA', 'LIZARAZU CHACON', NULL, NULL),
(82, '::1', '5482816', '$2y$10$PRn3zqFMavoLDwZrWfO/HusAReHPvVzjBkOl1.CG3sVNWERoJJLW2', '5482816@medicina.com', NULL, NULL, NULL, NULL, NULL, NULL, NULL, 1652410985, NULL, 1, 'ADEMAR ERIK', 'VEGA ROJAS', NULL, NULL),
(83, '::1', '4994470', '$2y$10$vP2viWF8Ud6BvBdwkFuFOOHVk4Pzd1mOs4kQfLDBC1AFRhbACyNgy', '4994470@medicina.com', NULL, NULL, NULL, NULL, NULL, NULL, NULL, 1652410985, NULL, 1, 'JUANA', 'CORDERO ALEMAN', NULL, NULL),
(84, '::1', '2694891', '$2y$10$lCqxPb0AOagyUONJg0Kt7eqDcwqYcPdCjgK480lWnCUj4kbvi5RTu', '2694891@medicina.com', NULL, NULL, NULL, NULL, NULL, NULL, NULL, 1652410985, NULL, 1, 'RILVER ALEJANDRO', 'ROCA GODOY', NULL, NULL),
(85, '::1', '6026105', '$2y$10$b847D0LWYAEm/EznNPkNLOlzv0C7OX4fkMEHPt/VUqw0dybCe9EPG', '6026105@medicina.com', NULL, NULL, NULL, NULL, NULL, NULL, NULL, 1652410985, NULL, 1, 'EDWIN', 'MOLLERICONA PAUCARA', NULL, NULL),
(86, '::1', '5972896', '$2y$10$5QWGmPabugrv2w/dlut3L.mLPFNu0SRZ8Kz.knTvFKcVoJxmbtq/2', '5972896@medicina.com', NULL, NULL, NULL, NULL, NULL, NULL, NULL, 1652410985, NULL, 1, 'REYNALDO SATURNINO', 'CONDORI MENDOZA', NULL, NULL),
(87, '::1', '4775844', '$2y$10$By8OCZVnjTxi0Aw4CQ.UN.57KmQmqFo1Iqs/oS78tVFCe57CpW.2i', '4775844@medicina.com', NULL, NULL, NULL, NULL, NULL, NULL, NULL, 1652410985, NULL, 1, 'RUDI GIMBER', 'ESCOBAR FERNANDEZ', NULL, NULL),
(88, '::1', '3394292', '$2y$10$AAUvUXx/PwTDRF0ED/nTAeIbPJxZsgdw4j9IJb2S4DEsteOtyfBDS', '3394292@medicina.com', NULL, NULL, NULL, NULL, NULL, NULL, NULL, 1652410985, NULL, 1, 'DIEGO ERNESTO', 'GUTIERREZ CONTRERAS', NULL, NULL),
(89, '::1', '7063390', '$2y$10$KsTCPjwWw/mOU54x0qqzteCZ08ijXRw22VwCrQRvKSiistsEu8CwO', '7063390@medicina.com', NULL, NULL, NULL, NULL, NULL, NULL, NULL, 1652410985, NULL, 1, 'MARIELA MARITE', 'NINA MACHACA', NULL, NULL),
(90, '::1', '7058038', '$2y$10$XRRjMzsxTmdlc3Up/I/DXuYF/2V98viUw0GhTX9cHJcl63o9tgNwC', '7058038@medicina.com', NULL, NULL, NULL, NULL, NULL, NULL, NULL, 1652410985, NULL, 1, 'JOSE LUIS', 'COLQUE RAMOS', NULL, NULL),
(91, '::1', '4320926', '$2y$10$yREqdWJoJuBqvp.zVmcfAuaflj3jDwmBZRr4nM2sqMKcJEyBLLiz.', '4320926@medicina.com', NULL, NULL, NULL, NULL, NULL, NULL, NULL, 1652410985, NULL, 1, 'DRAUSSEN JAVIER', 'DORADO MONTES', NULL, NULL),
(92, '::1', '6893553', '$2y$10$YF5AdZgz3xWBrDpDLFcKceBBclgZ8zpULeS9ZQzSElZsv3Eiid1Q2', '6893553@medicina.com', NULL, NULL, NULL, NULL, NULL, NULL, NULL, 1652410985, NULL, 1, 'LUIS ENRIQUE', 'FLORES CAREAGA', NULL, NULL),
(93, '::1', '6789135', '$2y$10$y7M3tWhpHup7jYOUk9eWt.LVu034kTwAND9jfwPR4oGWRaKxJt7zK', '6789135@medicina.com', NULL, NULL, NULL, NULL, NULL, NULL, NULL, 1652410985, NULL, 1, 'SIMON', 'QUISPE QUISPE', NULL, NULL),
(94, '::1', '4922456', '$2y$10$Gx0kbO8V/11x4d/QxrEzueqehiEZWwYTf6fFUFAsmEHx5bniQDMYK', '4922456@medicina.com', NULL, NULL, NULL, NULL, NULL, NULL, NULL, 1652410985, NULL, 1, 'NELSON', 'CONDORI ALARCON', NULL, NULL),
(95, '::1', '3314639', '$2y$10$GQQaKUqVuGxN3FniUV2PJOtrl5R99g6BpQPNTNsvMhd9ynjpJI/ie', '3314639@medicina.com', NULL, NULL, NULL, NULL, NULL, NULL, NULL, 1652410985, NULL, 1, 'RONALD ABEL', 'RUIZ GALINDO', NULL, NULL),
(96, '::1', '4906127', '$2y$10$4D.s8by5dDyrHsthFxCvEOFM84jAwm/lyosr9pjL..1y/SBTElYLG', '4906127@medicina.com', NULL, NULL, NULL, NULL, NULL, NULL, NULL, 1652410986, NULL, 1, 'KAREN ROXANA', 'RODRIGUEZ LIMACHI', NULL, NULL),
(97, '::1', '4816909', '$2y$10$WsxgGaWsYs9EeSW/gV9BNuLzmWDm8YT2gwQbPsWX3ocjRJTu0awva', '4816909@medicina.com', NULL, NULL, NULL, NULL, NULL, NULL, NULL, 1652410986, NULL, 1, 'BORIS ROBERTO', 'VIDEZ TAPIA', NULL, NULL),
(98, '::1', '3119806', '$2y$10$EUaklGTxpNOLYumxYVwpae1YuN0NfMeFLiscFZgtsWBuEJnSLLSjS', '3119806@medicina.com', NULL, NULL, NULL, NULL, NULL, NULL, NULL, 1652410986, NULL, 1, 'HENRY', 'CHURA PANIAGUA', NULL, NULL),
(99, '::1', '4152602', '$2y$10$3tQkNDOLk1.3SfW5At95KudRaK4av3YRfrY6K7i1fDNsCiKn7Rt72', '4152602@medicina.com', NULL, NULL, NULL, NULL, NULL, NULL, NULL, 1652410986, NULL, 1, 'MARIO', 'VIDAURRE ORTIZ', NULL, NULL),
(100, '::1', '4376746', '$2y$10$sw1FTI1.KpkcP2qoK1Ra0OJt8KEFtzusOvVRrKp998NpQxJOlhyHy', '4376746@medicina.com', NULL, NULL, NULL, NULL, NULL, NULL, NULL, 1652410986, NULL, 1, 'OMAR VICTOR', 'RAMOS VALENCIA', NULL, NULL),
(101, '::1', '4914142', '$2y$10$GGO0XW3CpYc6S84FSlJpY.MqxVjqHzHIBkHhfHUk7DqzdDNHuzSVi', '4914142@medicina.com', NULL, NULL, NULL, NULL, NULL, NULL, NULL, 1652410986, NULL, 1, 'ALVARO', 'MACHACA MEDINA', NULL, NULL),
(102, '::1', '3441444', '$2y$10$lHLKIXLVm/gwKDWZUYD/o.9459oNddhS2hc5lHEvdrMtEVHw/8vT6', '3441444@medicina.com', NULL, NULL, NULL, NULL, NULL, NULL, NULL, 1652410986, NULL, 1, 'NEIDA', 'ANCASI QUEVEDO', NULL, NULL),
(103, '::1', '5981678', '$2y$10$LfzV4wEcmg2ufEeTn0We3uJVgSvwNleYtBq/lzpl82pymVhazZSDm', '5981678@medicina.com', NULL, NULL, NULL, NULL, NULL, NULL, NULL, 1652410986, NULL, 1, 'RAMIRO', 'TIÑINI TAMBO', NULL, NULL),
(104, '::1', '6120592', '$2y$10$UCHvRPFwyuoCoP7zyIRctu8y2riZLDSB1ZG0p6QBCTZThjY8DaES6', '6120592@medicina.com', NULL, NULL, NULL, NULL, NULL, NULL, NULL, 1652410986, NULL, 1, 'LUZ GLORIA', 'PAZ CABRERA', NULL, NULL),
(105, '::1', '5734882', '$2y$10$mE4efUDu1sHKLC9b3mSTv.7vIQF7JLnCKENm2mTApznismyPeOFhe', '5734882@medicina.com', NULL, NULL, NULL, NULL, NULL, NULL, NULL, 1652410986, NULL, 1, 'AMERICA LEONOR', 'ALFARO ORDOÑEZ', NULL, NULL),
(106, '::1', '3538194', '$2y$10$k/3Usw4iDqOw7C30AE5Jeu0s8J3.qXDAfNiWI2QbfVfWgTgPNKRfa', '3538194@medicina.com', NULL, NULL, NULL, NULL, NULL, NULL, NULL, 1652410986, NULL, 1, 'ORLANDO', 'HERRERA CAZORLA', NULL, NULL),
(107, '::1', '4744679', '$2y$10$5umyjignrRizdVJ7qbxWMOmrdSq2haHdVYJx5mUzutgDr6e1e7rzK', '4744679@medicina.com', NULL, NULL, NULL, NULL, NULL, NULL, NULL, 1652410986, NULL, 1, 'NELIDA', 'QUISPE POMA', NULL, NULL),
(108, '::1', '5992074', '$2y$10$HO5p0nposSTKo4CDtDuB..yk2jlTUTx5p60yPe2sHSYkVr3OhEVbe', '5992074@medicina.com', NULL, NULL, NULL, NULL, NULL, NULL, NULL, 1652410986, NULL, 1, 'GUSTAVO ADOLFO', 'HERRERA MAMANI', NULL, NULL),
(109, '::1', '4872619', '$2y$10$X3GLOeQVlVDqgDQLbija0OeDj5g7QgCOpyWNCBSNPzwqOuNOp4pcK', '4872619@medicina.com', NULL, NULL, NULL, NULL, NULL, NULL, NULL, 1652410986, NULL, 1, 'JORGE', 'AQUIZE RENDON', NULL, NULL),
(110, '::1', '5995789', '$2y$10$XisnoZ0e92z0oM2rAm6U1.q/5KW9vMYGXQizLuL6MjEAjT/r/JSBa', '5995789@medicina.com', NULL, NULL, NULL, NULL, NULL, NULL, NULL, 1652410986, NULL, 1, 'JHONNY SANTOS', 'ROJAS ROQUE', NULL, NULL),
(111, '::1', '4776591', '$2y$10$tpoPwEcUjzELjoSf1AUJreL/Zjn7Wcs7sXJuVYIlYgf7tG4VIjJce', '4776591@medicina.com', NULL, NULL, NULL, NULL, NULL, NULL, NULL, 1652410986, NULL, 1, 'BISMARCK RAUL', 'IBAÑEZ VELASCO', NULL, NULL),
(112, '::1', '4013680', '$2y$10$Lu9/cOp1UTSw4.7TOK8DHOAmwtkm5B8DzDm0i1KoBduTNcNcwkwnO', '4013680@medicina.com', NULL, NULL, NULL, NULL, NULL, NULL, NULL, 1652410986, NULL, 1, 'ROBERT CLIFORD', 'AREQUIPA OROPEZA', NULL, NULL),
(113, '::1', '4992319', '$2y$10$Czf2ZNwWshPDngDBqi85/eTsWOVgn/Gi1m5iaTDOXZieV/O.8Lr1C', '4992319@medicina.com', NULL, NULL, NULL, NULL, NULL, NULL, NULL, 1652410986, NULL, 1, 'LUIS FERNANDO', 'RODRIGUEZ PEREZ', NULL, NULL),
(114, '::1', '4977641', '$2y$10$iCg1zuOzvz5WY6PLbSn0iO73NnWd9fnjBj1Rab44JpNF/c5kSbY3q', '4977641@medicina.com', NULL, NULL, NULL, NULL, NULL, NULL, NULL, 1652410987, NULL, 1, 'PEDRO ALVARO', 'POMA LUCERO', NULL, NULL),
(115, '::1', '6146830', '$2y$10$Bd/Bx8jRzKF7LioecYXP3ObLmgUnjFoh0yTR2AmD/uaFA.llquole', '6146830@medicina.com', NULL, NULL, NULL, NULL, NULL, NULL, NULL, 1652410987, NULL, 1, 'ALEX', 'MARTINEZ CABEZAS', NULL, NULL),
(116, '::1', '6179097', '$2y$10$vm34.YM8HpKhW4EVzKMpx.7LsYjHpOrUuVQaVNx0mXoSPSzyLiZUm', '6179097@medicina.com', NULL, NULL, NULL, NULL, NULL, NULL, NULL, 1652410987, NULL, 1, 'VERÓNICA INÉS', 'LIMA CONDORI', NULL, NULL),
(117, '::1', '6186467', '$2y$10$jYNQRKkB963LeVmICwueCeg6GUH7E0VHelfY2HzpdwpE/2RVEjqRO', '6186467@medicina.com', NULL, NULL, NULL, NULL, NULL, NULL, NULL, 1652410987, NULL, 1, 'BETTY', 'RAMOS CONDORI', NULL, NULL),
(118, '::1', '6194175', '$2y$10$PJF3OUlPT9lK5GxvaIwyMuk0CNREFEOjdNk2s1eCEe63i1jj7SWNq', '6194175@medicina.com', NULL, NULL, NULL, NULL, NULL, NULL, NULL, 1652410987, NULL, 1, 'RAQUEL', 'FERNANDEZ CALLEJAS', NULL, NULL),
(119, '::1', '7008710', '$2y$10$MiUv7UfVWYurKllUEh0OieekHK70.fF2yI1dOOeeK3wxWWhT8B9AW', '7008710@medicina.com', NULL, NULL, NULL, NULL, NULL, NULL, NULL, 1652410987, NULL, 1, 'ADALID', 'POMA QUISPE', NULL, NULL),
(120, '::1', '3425982', '$2y$10$K2rVRRash3CJk3ra5tAHhuivAJ2RUIcsUp4UQxTQg.MX9HyH.9IaS', '3425982@medicina.com', NULL, NULL, NULL, NULL, NULL, NULL, NULL, 1652410987, NULL, 1, 'JOSE ANTONIO', 'MENENDEZ BALDERRAMA', NULL, NULL),
(121, '::1', '6123782', '$2y$10$3r75sgCnJ5RMGgbU4eFSoO8TyTzPXBnW0fXAjZgmwnfC.1Jyl3mPy', '6123782@medicina.com', NULL, NULL, NULL, NULL, NULL, NULL, NULL, 1652410987, NULL, 1, 'TANIA SIBIA', 'QUIJO PAIRO', NULL, NULL),
(122, '::1', '4889593', '$2y$10$zjuBE9Hh/SALSAHN1Laff.GpB.vRr5Gv8KAl48RGE7CuaLDS0ftYa', '4889593@medicina.com', NULL, NULL, NULL, NULL, NULL, NULL, NULL, 1652410987, NULL, 1, 'JAVIER', 'MAMANI ACARAPI', NULL, NULL),
(123, '::1', '4287204', '$2y$10$2hnlDFPmM0imJd5bUXsXZucMK530aRhIPeX2OYQ7EP5O7UU5dfdf2', '4287204@medicina.com', NULL, NULL, NULL, NULL, NULL, NULL, NULL, 1652410987, NULL, 1, 'ALBERTO', 'LIMACHI QUISPE', NULL, NULL),
(124, '::1', '4056778', '$2y$10$4xHv2INNwVQbJZ5qlODVDetpeu5NMKZDcEmDaYwJXOJD8gDjtu0FK', '4056778@medicina.com', NULL, NULL, NULL, NULL, NULL, NULL, NULL, 1652410987, NULL, 1, 'FREDDY', 'ESCOBAR AQUINO', NULL, NULL),
(125, '::1', '6042488', '$2y$10$kPA6P3TZ0w4zpwZnvJOJ3uiupTCLpsvy5W02PZo.oG.5b2SY.1s2C', '6042488@medicina.com', NULL, NULL, NULL, NULL, NULL, NULL, NULL, 1652410987, NULL, 1, 'MANUEL ALEJANDRO', 'YUPANQUI AQUISE', NULL, NULL),
(126, '::1', '4964256', '$2y$10$UUQ5uJMbaYNUYRoJ5Nc/P.FH0CnqOb.SwBpBrKnrUd6YvZDqv0Z5.', '4964256@medicina.com', NULL, NULL, NULL, NULL, NULL, NULL, NULL, 1652410987, NULL, 1, 'JUAN CARLOS', 'MAMANI SULLCA', NULL, NULL),
(127, '::1', '4792846', '$2y$10$BW94uFGXrniIYYELTT/tw.XZygIwEQ3U81oy2Z4FegR3oc3Wxp9b6', '4792846@medicina.com', NULL, NULL, NULL, NULL, NULL, NULL, NULL, 1652410987, NULL, 1, 'EDUARDO', 'RODRIGUEZ CUELLAR', NULL, NULL),
(128, '::1', '4810097', '$2y$10$GzrqPHQIa.1rr2knRinQ8uf7Yi7l8/yRqAhskWHWgGDff78x9zJ6C', '4810097@medicina.com', NULL, NULL, NULL, NULL, NULL, NULL, NULL, 1652410987, NULL, 1, 'ANGELICA MIROSLAVA', 'VARGAS MAMANI', NULL, NULL),
(129, '::1', '4300464', '$2y$10$cqFgWub5A9mgqUKoR/Z5ceIkyllonAgC2.2cZRXZBUC4aq8W0ZTvO', '4300464@medicina.com', NULL, NULL, NULL, NULL, NULL, NULL, NULL, 1652410987, NULL, 1, 'SILVIO OMAR', 'TAMBO ROJAS', NULL, NULL),
(130, '::1', '6073312', '$2y$10$oSPFNKKTV2Eh73rHC65mv.nyXYywbbac5QSvkY/B.X.sgkX2nXnCa', '6073312@medicina.com', NULL, NULL, NULL, NULL, NULL, NULL, NULL, 1652410987, NULL, 1, 'JUAN VICTOR', 'ALIAGA GUTIERREZ', NULL, NULL),
(131, '::1', '4056736', '$2y$10$881fuQTLBalPPWzwMm5NouIyNLlKtRg1hnEGMJ7HTUZX96nIirfFy', '4056736@medicina.com', NULL, NULL, NULL, NULL, NULL, NULL, NULL, 1652410988, NULL, 1, 'VICTOR DANIEL', 'SEGURA HERBAS', NULL, NULL),
(132, '::1', '4810898', '$2y$10$ZC.pZgLTqTnnpV/eLeEulOZXo6EesoSrEk4m/EMsCjM2m0eXbt6/q', '4810898@medicina.com', NULL, NULL, NULL, NULL, NULL, NULL, NULL, 1652410988, NULL, 1, 'JEOVANA HELEN', 'MANRIQUEZ HELGUERO', NULL, NULL),
(133, '::1', '5472266', '$2y$10$I3eH.5SrdKV42OlnSBzZQe45/k0RD1IKhxn9K5amHVZZlhbLzBX5C', '5472266@medicina.com', NULL, NULL, NULL, NULL, NULL, NULL, NULL, 1652410988, NULL, 1, 'PAULA JUANA', 'ABELE RUIZ', NULL, NULL),
(134, '::1', '2211442', '$2y$10$N53sxDRVTHExSxNZjSPn8eF0uaiPMry4vzN//RCVFtP2f.5QVuN7C', '2211442@medicina.com', NULL, NULL, NULL, NULL, NULL, NULL, NULL, 1652410988, NULL, 1, 'RAUL DAVID', 'ONOSTRE GUERRA', NULL, NULL),
(135, '::1', '5764797', '$2y$10$7W9bZwZpDpf5Arq/L3C.uu2pr4iW9nNal/pkE0GVn2yqIc4faxS9O', '5764797@medicina.com', NULL, NULL, NULL, NULL, NULL, NULL, NULL, 1652410988, NULL, 1, 'ALEXIS PAOLA', 'RODRIGUEZ LAIME', NULL, NULL),
(136, '::1', '6096097', '$2y$10$pKDrzbG358ihyi7abG42fe.W85xJ3N6ao2jWMHI/6vqiPjSOvt1qy', '6096097@medicina.com', NULL, NULL, NULL, NULL, NULL, NULL, NULL, 1652410988, NULL, 1, 'MELITON', 'QUISPE HERRERA', NULL, NULL),
(137, '::1', '3469069', '$2y$10$evZISX0dmL/.i9g4aiwp2Op/WW6Zc9hgQXuKg.AazFBxhxq1RlV0q', '3469069@medicina.com', NULL, NULL, NULL, NULL, NULL, NULL, NULL, 1652410988, NULL, 1, 'OMAR', 'CAMPOHERMOSO RODRIGUEZ', NULL, NULL),
(138, '::1', '4075480', '$2y$10$ERGpKd19P1v1F1fEqhEBW.lm28yDyEApiuM57H9hn1/58d6B08NnS', '4075480@medicina.com', NULL, NULL, NULL, NULL, NULL, NULL, NULL, 1652410988, NULL, 1, 'IVAR', 'CHAMBI HUANACO', NULL, NULL),
(139, '::1', '6987666', '$2y$10$b/iI3odnOOzg5WZsxinBJud/p.EXq8/vJW8IjU3bxEYn6lyha4PTK', '6987666@medicina.com', NULL, NULL, NULL, NULL, NULL, NULL, NULL, 1652410988, NULL, 1, 'MARY ELIANA', 'JIMENEZ VELARDE', NULL, NULL),
(140, '::1', '5741333', '$2y$10$ZkeRwL9gTMXPKoK5EtDoe.H2DY3Ttxp2oxnJBWBR8M4iNvchlETGi', '5741333@medicina.com', NULL, NULL, NULL, NULL, NULL, NULL, NULL, 1652410988, NULL, 1, 'CHRISTIAN', 'QUIROGA ALARCON', NULL, NULL),
(141, '::1', '3476376', '$2y$10$3NELJRoCBgS4Gen0b7Kk..iXP8.ouMwoLPJ.urEv.8hrxXemXz/GK', '3476376@medicina.com', NULL, NULL, NULL, NULL, NULL, NULL, NULL, 1652410988, NULL, 1, 'JESUS OMAR', 'ESCOBAR MIRANDA', NULL, NULL),
(142, '::1', '4743670', '$2y$10$sxLpL/eHc9Qb73K42ifEwOL4EieB4yLKP99CHdTr/OSs0v75znf5.', '4743670@medicina.com', NULL, NULL, NULL, NULL, NULL, NULL, NULL, 1652410988, NULL, 1, 'DARINKA MAURA', 'ESCOBAR MOSCOSO', NULL, NULL),
(143, '::1', '5473199', '$2y$10$JR5hknYuinyshOKAE7fvAuSrkqVmrilRvAry4xXjQJ6doRiIAPBo.', '5473199@medicina.com', NULL, NULL, NULL, NULL, NULL, NULL, NULL, 1652410988, NULL, 1, 'rolando', 'espinoza callisaya', NULL, NULL),
(144, '::1', '6767110', '$2y$10$/WausDzif1Gisd652I5nsue1Vub/8mMHIAvQnFGoNs3S1dUlSJiIq', '6767110@medicina.com', NULL, NULL, NULL, NULL, NULL, NULL, NULL, 1652410988, NULL, 1, 'HANS  ROMMEL', 'GONZALES QUISBERT', NULL, NULL),
(145, '::1', '4805041', '$2y$10$Y4qPtLfm6WNgvk1EInSpTOFn8T7sMHLHxj4aY.BypLWm9ES1MkYcO', '4805041@medicina.com', NULL, NULL, NULL, NULL, NULL, NULL, NULL, 1652410988, NULL, 1, 'ANGEL', 'ROJAS VALDEZ', NULL, NULL),
(146, '::1', '4060374', '$2y$10$7eN1K7yEX1l3z87DGL9KnuAaFOQGN.JExiF0fs9CPe8K.J8fdCINW', '4060374@medicina.com', NULL, NULL, NULL, NULL, NULL, NULL, NULL, 1652410988, NULL, 1, 'JONATAN JOSHUA', 'OROZCO GONZALES', NULL, NULL),
(147, '::1', '4049618', '$2y$10$16LRwRjLTkkNAPzWPNHK/OWhfrnnlviyAR3WIGqoOLbSGLb3JJQJu', '4049618@medicina.com', NULL, NULL, NULL, NULL, NULL, NULL, NULL, 1652410988, NULL, 1, 'GIOVANNA GISLHANYN', 'ARROCHA LUCANA', NULL, NULL),
(148, '::1', '4850608', '$2y$10$Co8XmXO8nipjWvDNSDUagO9OZD8h/5XLR66DBBboCudiqe/Zl9LPG', '4850608@medicina.com', NULL, NULL, NULL, NULL, NULL, NULL, NULL, 1652410988, NULL, 1, 'LUIS ALFONSO', 'AGUILAR CALLE', NULL, NULL),
(149, '::1', '3362785', '$2y$10$8BrHaQtlOVxNIOMh9Gr.PeWKrR8QBZPJrz3ZQHp439tbnuPEs240y', '3362785@medicina.com', NULL, NULL, NULL, NULL, NULL, NULL, NULL, 1652410989, NULL, 1, 'SILVIA LOURDES', 'OLIVARES LOPEZ', NULL, NULL),
(150, '::1', '6962339', '$2y$10$v6iJ1S02KA/YM2TZ0dK5m.UZjssZrtyFuSH5UuZ/xwqNLqXjQ6Taa', '6962339@medicina.com', NULL, NULL, NULL, NULL, NULL, NULL, NULL, 1652410989, NULL, 1, 'SERGIO BERNARDO', 'GARCIA ARCE', NULL, NULL),
(151, '::1', '2284932', '$2y$10$EHjl9Sna6LOKkrTMxfaAPOhxhOOd6/JNW6kg9qTJJdMIw0DLMAlzm', '2284932@medicina.com', NULL, NULL, NULL, NULL, NULL, NULL, NULL, 1652410989, NULL, 1, 'ALFONZO ARTURO', 'DELGADILLO TEJADA', NULL, NULL),
(152, '::1', '4829786', '$2y$10$kaiKdCpOZkfk7EaTsjlFReod1q1HNg6F4LA8io/fT3uWqa7DEvHJ6', '4829786@medicina.com', NULL, NULL, NULL, NULL, NULL, NULL, NULL, 1652410989, NULL, 1, 'ABNER', 'TORREZ BARRIOS', NULL, NULL),
(153, '::1', '3116718', '$2y$10$RN57oN673A/GZbiYUVQcYuwhgyTKUsmz2TeWq23IzWCJw7KmUeH7m', '3116718@medicina.com', NULL, NULL, NULL, NULL, NULL, NULL, NULL, 1652410989, NULL, 1, 'ROXANA CORINA', 'LUCANA TERRAZAS', NULL, NULL),
(154, '::1', '6128383-1V', '$2y$10$H0qqEcec.KQQ71Wjvt2oJ.t1U9EsFiTSPTbfueaW8MzbYiU6B.84W', '6128383-1V@medicina.com', NULL, NULL, NULL, NULL, NULL, NULL, NULL, 1652410989, NULL, 1, 'DANIEL ALEJANDRO', 'VIDEA ARAMAYO', NULL, NULL),
(155, '::1', '4891147', '$2y$10$yhA.7/HmajAWZx9GFQPKiOV40QYfLs3zSsjQLlThe6932vsjzGOfW', '4891147@medicina.com', NULL, NULL, NULL, NULL, NULL, NULL, NULL, 1652410989, NULL, 1, 'LUIS GABRIEL', 'GUTIERREZ SARAVIA', NULL, NULL),
(156, '::1', '4833202', '$2y$10$HU5aO2TSNYWYLXjh8a182e7/7y.2btvAOjBCHQNnsanGiDmURY5bC', '4833202@medicina.com', NULL, NULL, NULL, NULL, NULL, NULL, NULL, 1652410989, NULL, 1, 'VANIA DELICIA', 'VIDAURRE VISCARRA', NULL, NULL),
(157, '::1', '6060717', '$2y$10$Vovi/52oUtLEc92RlyFZeuoeixEDtklBRPxHNT3vry7zs.8CK1lDS', '6060717@medicina.com', NULL, NULL, NULL, NULL, NULL, NULL, NULL, 1652410989, NULL, 1, 'PRISCILA', 'VILLAFUERTE MOLLINEDO', NULL, NULL),
(158, '::1', '4272081', '$2y$10$pusnuhZWv2X98EF8x0mtEemurdTQM0b104/Cu/ZrZsgzvrwtJ/rDS', '4272081@medicina.com', NULL, NULL, NULL, NULL, NULL, NULL, NULL, 1652410989, NULL, 1, 'RAMIRO', 'ARGOLLO GUTIÉRREZ', NULL, NULL),
(159, '::1', '4825224', '$2y$10$eCs/t79Aqhxc/o89ZXJy.ut4ln4nkudqU6q8X.TUn4Kn6hZisBmaC', '4825224@medicina.com', NULL, NULL, NULL, NULL, NULL, NULL, NULL, 1652410989, NULL, 1, 'PATRICIA WENDY', ' BOZO', NULL, NULL),
(160, '::1', '4960143', '$2y$10$9dLf6eP7uztp55oC9Zi1POTqESurBwE559d/FrHuUYHfSdykgfVKm', '4960143@medicina.com', NULL, NULL, NULL, NULL, NULL, NULL, NULL, 1652410989, NULL, 1, 'VICTOR ANTONIO', 'FLORES VELASCO', NULL, NULL),
(161, '::1', '8408902', '$2y$10$tSdxENUQOCEce6lQ2Z.cNuR/2Q5Wkmu3jStcrWR36b.XoXwBv8j6W', '8408902@medicina.com', NULL, NULL, NULL, NULL, NULL, NULL, NULL, 1652410989, NULL, 1, 'MARIA RENE', 'RAMOS COLQUE', NULL, NULL),
(162, '::1', '4810700', '$2y$10$gfIOIx1f71V.nc3Se5F9vembp/a/lsdGGq/ho2Lv3LcxCyztWRJyW', '4810700@medicina.com', NULL, NULL, NULL, NULL, NULL, NULL, NULL, 1652410989, NULL, 1, 'MAURICIO RONALD', 'PASTEN VARGAS', NULL, NULL),
(163, '::1', '4935237', '$2y$10$zHM6fhtM5jdxVBXyeV9mNeDE7FjnioEod/UJOo01RfWmHLX1mJQHS', '4935237@medicina.com', NULL, NULL, NULL, NULL, NULL, NULL, NULL, 1652410989, NULL, 1, 'IVAN', 'GUTIERREZ CHOQUE', NULL, NULL),
(164, '::1', '5958968', '$2y$10$7NNgKR4evlytiEZyGZl05e8JBvg/jGygnKD8gWzYoZx8jAf8OoPqu', '5958968@medicina.com', NULL, NULL, NULL, NULL, NULL, NULL, NULL, 1652410989, NULL, 1, 'CARLOS EFRAIN', 'AGUILAR CUELA', NULL, NULL),
(165, '::1', '4802635', '$2y$10$FvpxQ8ozJitBDFNMHMrH7eb6Ary/9dW0giQ4SNIjA1wjfMpF6.YnS', '4802635@medicina.com', NULL, NULL, NULL, NULL, NULL, NULL, NULL, 1652410989, NULL, 1, 'DINA SILVIA', 'ZAPANA LAURA', NULL, NULL),
(166, '::1', '6042374', '$2y$10$.mwr24vqy55jwfpbnVceuuS/0W5azh0pX5357dG/dyYz/U7ghIvmK', '6042374@medicina.com', NULL, NULL, NULL, NULL, NULL, NULL, NULL, 1652410990, NULL, 1, 'EDDY EDUARDO', 'ESCOBAR RAMIREZ', NULL, NULL),
(167, '::1', '6843755', '$2y$10$R84fzjKtQYSwyuppU7SKp.Ul307iXafseufq69M1pgEEAzsUC1key', '6843755@medicina.com', NULL, NULL, NULL, NULL, NULL, NULL, NULL, 1652410990, NULL, 1, 'PETER RAFAEL', 'CAZON VARGAS', NULL, NULL),
(168, '::1', '6086511', '$2y$10$mCd/yN7eof1xxxV3FmclKOt.q0OIUbIPQYgcSY1PukLKMXEVEfOEm', '6086511@medicina.com', NULL, NULL, NULL, NULL, NULL, NULL, NULL, 1652410990, NULL, 1, 'PAMELA TATIANA', 'ROMERO LEYTON', NULL, NULL),
(169, '::1', '6036282', '$2y$10$LKUO.7MRbomP1jwfsFcphO7jQNtqWjDZANBUmbMeTq8lP1IjJ1it6', '6036282@medicina.com', NULL, NULL, NULL, NULL, NULL, NULL, NULL, 1652410990, NULL, 1, 'CARLOS ALBERTO', 'BARRIENTOS TINTA', NULL, NULL),
(170, '::1', '6172023', '$2y$10$xeYtqFgNiUz3BMP91yteaejRayAyTwcTvD4iJKSMioh9xLaTrdRkS', '6172023@medicina.com', NULL, NULL, NULL, NULL, NULL, NULL, NULL, 1652410990, NULL, 1, 'CHRISTIAN MAURICIO', 'VARELA ROMERO', NULL, NULL);

-- --------------------------------------------------------

--
-- Estructura de tabla para la tabla `users_groups`
--

CREATE TABLE `users_groups` (
  `id` int(11) UNSIGNED NOT NULL,
  `user_id` int(11) UNSIGNED NOT NULL,
  `group_id` mediumint(8) UNSIGNED NOT NULL
) ENGINE=InnoDB DEFAULT CHARSET=utf8;

--
-- Volcado de datos para la tabla `users_groups`
--

INSERT INTO `users_groups` (`id`, `user_id`, `group_id`) VALUES
(1, 1, 1),
(2, 1, 2),
(4, 2, 2),
(5, 3, 3),
(6, 4, 3),
(7, 5, 3),
(8, 6, 3),
(9, 7, 3),
(10, 8, 3),
(11, 9, 3),
(12, 10, 3),
(13, 11, 3),
(14, 12, 3),
(15, 13, 3),
(16, 14, 3),
(17, 15, 3),
(18, 16, 3),
(19, 17, 3),
(20, 18, 3),
(21, 19, 3),
(22, 20, 3),
(23, 21, 3),
(24, 22, 3),
(25, 23, 3),
(26, 24, 3),
(27, 25, 3),
(28, 26, 3),
(29, 27, 3),
(30, 28, 3),
(31, 29, 3),
(32, 30, 3),
(33, 31, 3),
(34, 32, 3),
(35, 33, 3),
(36, 34, 3),
(37, 35, 3),
(38, 36, 3),
(39, 37, 3),
(40, 38, 3),
(41, 39, 3),
(42, 40, 3),
(43, 41, 3),
(44, 42, 3),
(45, 43, 3),
(46, 44, 3),
(47, 45, 3),
(48, 46, 3),
(49, 47, 3),
(50, 48, 3),
(51, 49, 3),
(52, 50, 3),
(53, 51, 3),
(54, 52, 3),
(55, 53, 3),
(56, 54, 3),
(57, 55, 3),
(58, 56, 3),
(59, 57, 3),
(60, 58, 3),
(61, 59, 3),
(62, 60, 3),
(63, 61, 3),
(64, 62, 3),
(65, 63, 3),
(66, 64, 3),
(67, 65, 3),
(68, 66, 3),
(69, 67, 3),
(70, 68, 3),
(71, 69, 3),
(72, 70, 3),
(73, 71, 3),
(74, 72, 3),
(75, 73, 3),
(76, 74, 3),
(77, 75, 3),
(78, 76, 3),
(79, 77, 3),
(80, 78, 3),
(81, 79, 3),
(82, 80, 3),
(83, 81, 3),
(84, 82, 3),
(85, 83, 3),
(86, 84, 3),
(87, 85, 3),
(88, 86, 3),
(89, 87, 3),
(90, 88, 3),
(91, 89, 3),
(92, 90, 3),
(93, 91, 3),
(94, 92, 3),
(95, 93, 3),
(96, 94, 3),
(97, 95, 3),
(98, 96, 3),
(99, 97, 3),
(100, 98, 3),
(101, 99, 3),
(102, 100, 3),
(103, 101, 3),
(104, 102, 3),
(105, 103, 3),
(106, 104, 3),
(107, 105, 3),
(108, 106, 3),
(109, 107, 3),
(110, 108, 3),
(111, 109, 3),
(112, 110, 3),
(113, 111, 3),
(114, 112, 3),
(115, 113, 3),
(116, 114, 3),
(117, 115, 3),
(118, 116, 3),
(119, 117, 3),
(120, 118, 3),
(121, 119, 3),
(122, 120, 3),
(123, 121, 3),
(124, 122, 3),
(125, 123, 3),
(126, 124, 3),
(127, 125, 3),
(128, 126, 3),
(129, 127, 3),
(130, 128, 3),
(131, 129, 3),
(132, 130, 3),
(133, 131, 3),
(134, 132, 3),
(135, 133, 3),
(136, 134, 3),
(137, 135, 3),
(138, 136, 3),
(139, 137, 3),
(140, 138, 3),
(141, 139, 3),
(142, 140, 3),
(143, 141, 3),
(144, 142, 3),
(145, 143, 3),
(146, 144, 3),
(147, 145, 3),
(148, 146, 3),
(149, 147, 3),
(150, 148, 3),
(151, 149, 3),
(152, 150, 3),
(153, 151, 3),
(154, 152, 3),
(155, 153, 3),
(156, 154, 3),
(157, 155, 3),
(158, 156, 3),
(159, 157, 3),
(160, 158, 3),
(161, 159, 3),
(162, 160, 3),
(163, 161, 3),
(164, 162, 3),
(165, 163, 3),
(166, 164, 3),
(167, 165, 3),
(168, 166, 3),
(169, 167, 3),
(170, 168, 3),
(171, 169, 3),
(172, 170, 3);

-- --------------------------------------------------------

--
-- Estructura de tabla para la tabla `vida_universitaria`
--

CREATE TABLE `vida_universitaria` (
  `id_vida_universitaria` int(11) NOT NULL,
  `id_docente` int(11) NOT NULL,
  `id_vida_universitaria_tipo` int(11) NOT NULL,
  `descripcion_vida_universitaria` varchar(250) DEFAULT NULL,
  `gestion` smallint(6) DEFAULT NULL,
  `archivo_digital` varchar(250) DEFAULT NULL,
  `estado` enum('PENDIENTE','APROBADO') DEFAULT 'PENDIENTE'
) ENGINE=InnoDB DEFAULT CHARSET=utf8;

--
-- Volcado de datos para la tabla `vida_universitaria`
--

INSERT INTO `vida_universitaria` (`id_vida_universitaria`, `id_docente`, `id_vida_universitaria_tipo`, `descripcion_vida_universitaria`, `gestion`, `archivo_digital`, `estado`) VALUES
(1, 1, 3, 'lkjhgjk', 20, 'EVALUACION3.pdf', 'PENDIENTE'),
(2, 10, 5, 'lkjhgjk', 2019, 'MAPA_CONCEPTUAL_GUIA_DEL_DOCENTE_PARAEL_DESARROLLO_DE_COMPETENCIAS.pdf', 'PENDIENTE');

-- --------------------------------------------------------

--
-- Estructura de tabla para la tabla `vida_universitaria_tipo`
--

CREATE TABLE `vida_universitaria_tipo` (
  `id_vida_universitaria_tipo` int(11) NOT NULL,
  `nombre_vida_universitaria` varchar(45) DEFAULT NULL,
  `descripcion_vida_universitaria` varchar(550) DEFAULT NULL
) ENGINE=InnoDB DEFAULT CHARSET=utf8;

--
-- Volcado de datos para la tabla `vida_universitaria_tipo`
--

INSERT INTO `vida_universitaria_tipo` (`id_vida_universitaria_tipo`, `nombre_vida_universitaria`, `descripcion_vida_universitaria`) VALUES
(1, 'Construccion Malla', NULL),
(2, 'Elaboracion Guias de Practicas', NULL),
(3, 'Jefes de Categra', NULL),
(4, 'Jefes de Ciclo', NULL),
(5, 'Comision de Acreditacion', NULL),
(6, 'Reconocimiento Academico', NULL);

-- --------------------------------------------------------

--
-- Estructura Stand-in para la vista `vista_docente_gestion_activo`
-- (Véase abajo para la vista actual)
--
CREATE TABLE `vista_docente_gestion_activo` (
`id_docente` int(11)
,`siacop_id_persona` int(11)
,`tipo_documento` enum('CI','CIE','DNI','PASAPORTE')
,`ci` char(15)
,`expedido` enum('LP','OR','CBBA','CH','PT','SC','BN','TJ','PD','PERU','ITA','OTRO','')
,`nombre` char(50)
,`paterno` char(20)
,`materno` char(30)
,`nacionalidad` varchar(45)
,`fecha_nacimiento` date
,`genero` enum('M','F')
,`direccion` varchar(255)
,`telefono` char(20)
,`celular` int(8)
,`email` varchar(45)
,`codigo_archivo` smallint(6)
);

-- --------------------------------------------------------

--
-- Estructura para la vista `vista_docente_gestion_activo`
--
DROP TABLE IF EXISTS `vista_docente_gestion_activo`;

CREATE ALGORITHM=UNDEFINED DEFINER=`root`@`localhost` SQL SECURITY DEFINER VIEW `vista_docente_gestion_activo`  AS SELECT `docente`.`id_docente` AS `id_docente`, `docente`.`siacop_id_persona` AS `siacop_id_persona`, `docente`.`tipo_documento` AS `tipo_documento`, `docente`.`ci` AS `ci`, `docente`.`expedido` AS `expedido`, `docente`.`nombre` AS `nombre`, `docente`.`paterno` AS `paterno`, `docente`.`materno` AS `materno`, `docente`.`nacionalidad` AS `nacionalidad`, `docente`.`fecha_nacimiento` AS `fecha_nacimiento`, `docente`.`genero` AS `genero`, `docente`.`direccion` AS `direccion`, `docente`.`telefono` AS `telefono`, `docente`.`celular` AS `celular`, `docente`.`email` AS `email`, `docente`.`codigo_archivo` AS `codigo_archivo` FROM `docente` WHERE `docente`.`id_docente` in (select distinct `asignacion`.`id_docente` from (`asignacion` join `gestion` on(`asignacion`.`id_gestion` = `gestion`.`id_gestion`)) where `gestion`.`estado_gestion` = 'ACTIVO') ;

--
-- Índices para tablas volcadas
--

--
-- Indices de la tabla `actividad_academica`
--
ALTER TABLE `actividad_academica`
  ADD PRIMARY KEY (`id_actividad_academica`),
  ADD KEY `fk_actividad_academica_docente1_idx` (`id_docente`),
  ADD KEY `fk_actividad_academica_actividad_academica_tipo1_idx` (`id_actividad_academica_tipo`);

--
-- Indices de la tabla `actividad_academica_tipo`
--
ALTER TABLE `actividad_academica_tipo`
  ADD PRIMARY KEY (`id_actividad_academica_tipo`);

--
-- Indices de la tabla `asignacion`
--
ALTER TABLE `asignacion`
  ADD PRIMARY KEY (`id_asignacion`),
  ADD KEY `fk_asignacion_gestion_idx` (`id_gestion`),
  ADD KEY `fk_asignacion_asignatura1_idx` (`id_asignatura`),
  ADD KEY `fk_asignacion_docente1_idx` (`id_docente`);

--
-- Indices de la tabla `asignatura`
--
ALTER TABLE `asignatura`
  ADD PRIMARY KEY (`id_asignatura`),
  ADD KEY `pensum_id` (`pensum_id`);

--
-- Indices de la tabla `curso`
--
ALTER TABLE `curso`
  ADD PRIMARY KEY (`id_curso`),
  ADD KEY `fk_curso_curso_tipo1_idx` (`id_curso_tipo`),
  ADD KEY `fk_curso_docente1_idx` (`id_docente`);

--
-- Indices de la tabla `curso_tipo`
--
ALTER TABLE `curso_tipo`
  ADD PRIMARY KEY (`id_curso_tipo`);

--
-- Indices de la tabla `docente`
--
ALTER TABLE `docente`
  ADD PRIMARY KEY (`id_docente`),
  ADD UNIQUE KEY `codigo_archivo_UNIQUE` (`codigo_archivo`),
  ADD KEY `index3` (`siacop_id_persona`);

--
-- Indices de la tabla `gestion`
--
ALTER TABLE `gestion`
  ADD PRIMARY KEY (`id_gestion`);

--
-- Indices de la tabla `grado_academico`
--
ALTER TABLE `grado_academico`
  ADD PRIMARY KEY (`id_grado_academico`);

--
-- Indices de la tabla `groups`
--
ALTER TABLE `groups`
  ADD PRIMARY KEY (`id`);

--
-- Indices de la tabla `login_attempts`
--
ALTER TABLE `login_attempts`
  ADD PRIMARY KEY (`id`);

--
-- Indices de la tabla `pensum`
--
ALTER TABLE `pensum`
  ADD PRIMARY KEY (`id`);

--
-- Indices de la tabla `produccion_intelectual`
--
ALTER TABLE `produccion_intelectual`
  ADD PRIMARY KEY (`id_produccion_intelectual`),
  ADD KEY `fk_produccion_intelectual_docente1_idx` (`id_docente`),
  ADD KEY `fk_produccion_intelectual_produccion_intelectual_tipo1_idx` (`id_produccion_intelectual_tipo`);

--
-- Indices de la tabla `produccion_intelectual_tipo`
--
ALTER TABLE `produccion_intelectual_tipo`
  ADD PRIMARY KEY (`id_produccion_intelectual_tipo`);

--
-- Indices de la tabla `titulo`
--
ALTER TABLE `titulo`
  ADD PRIMARY KEY (`id_titulo`),
  ADD KEY `grado_academico_id` (`id_grado_academico`),
  ADD KEY `codUniversidad` (`id_universidad`),
  ADD KEY `fk_titulo_docente1_idx` (`id_docente`);

--
-- Indices de la tabla `universidad`
--
ALTER TABLE `universidad`
  ADD PRIMARY KEY (`id_universidad`);

--
-- Indices de la tabla `users`
--
ALTER TABLE `users`
  ADD PRIMARY KEY (`id`),
  ADD UNIQUE KEY `uc_email` (`email`),
  ADD UNIQUE KEY `uc_activation_selector` (`activation_selector`),
  ADD UNIQUE KEY `uc_forgotten_password_selector` (`forgotten_password_selector`),
  ADD UNIQUE KEY `uc_remember_selector` (`remember_selector`);

--
-- Indices de la tabla `users_groups`
--
ALTER TABLE `users_groups`
  ADD PRIMARY KEY (`id`),
  ADD UNIQUE KEY `uc_users_groups` (`user_id`,`group_id`),
  ADD KEY `fk_users_groups_users1_idx` (`user_id`),
  ADD KEY `fk_users_groups_groups1_idx` (`group_id`);

--
-- Indices de la tabla `vida_universitaria`
--
ALTER TABLE `vida_universitaria`
  ADD PRIMARY KEY (`id_vida_universitaria`),
  ADD KEY `fk_vida_universitaria_docente1_idx` (`id_docente`),
  ADD KEY `fk_vida_universitaria_vida_universitaria_tipo1_idx` (`id_vida_universitaria_tipo`);

--
-- Indices de la tabla `vida_universitaria_tipo`
--
ALTER TABLE `vida_universitaria_tipo`
  ADD PRIMARY KEY (`id_vida_universitaria_tipo`);

--
-- AUTO_INCREMENT de las tablas volcadas
--

--
-- AUTO_INCREMENT de la tabla `actividad_academica`
--
ALTER TABLE `actividad_academica`
  MODIFY `id_actividad_academica` int(11) NOT NULL AUTO_INCREMENT, AUTO_INCREMENT=4;

--
-- AUTO_INCREMENT de la tabla `actividad_academica_tipo`
--
ALTER TABLE `actividad_academica_tipo`
  MODIFY `id_actividad_academica_tipo` int(11) NOT NULL AUTO_INCREMENT, AUTO_INCREMENT=4;

--
-- AUTO_INCREMENT de la tabla `asignacion`
--
ALTER TABLE `asignacion`
  MODIFY `id_asignacion` int(11) NOT NULL AUTO_INCREMENT, AUTO_INCREMENT=1710;

--
-- AUTO_INCREMENT de la tabla `asignatura`
--
ALTER TABLE `asignatura`
  MODIFY `id_asignatura` int(11) NOT NULL AUTO_INCREMENT, AUTO_INCREMENT=6934;

--
-- AUTO_INCREMENT de la tabla `curso`
--
ALTER TABLE `curso`
  MODIFY `id_curso` int(11) NOT NULL AUTO_INCREMENT, AUTO_INCREMENT=3;

--
-- AUTO_INCREMENT de la tabla `curso_tipo`
--
ALTER TABLE `curso_tipo`
  MODIFY `id_curso_tipo` int(11) NOT NULL AUTO_INCREMENT, AUTO_INCREMENT=4;

--
-- AUTO_INCREMENT de la tabla `docente`
--
ALTER TABLE `docente`
  MODIFY `id_docente` int(11) NOT NULL AUTO_INCREMENT, AUTO_INCREMENT=305;

--
-- AUTO_INCREMENT de la tabla `gestion`
--
ALTER TABLE `gestion`
  MODIFY `id_gestion` int(11) NOT NULL AUTO_INCREMENT, AUTO_INCREMENT=18;

--
-- AUTO_INCREMENT de la tabla `grado_academico`
--
ALTER TABLE `grado_academico`
  MODIFY `id_grado_academico` int(11) NOT NULL AUTO_INCREMENT, AUTO_INCREMENT=8;

--
-- AUTO_INCREMENT de la tabla `groups`
--
ALTER TABLE `groups`
  MODIFY `id` mediumint(8) UNSIGNED NOT NULL AUTO_INCREMENT, AUTO_INCREMENT=4;

--
-- AUTO_INCREMENT de la tabla `login_attempts`
--
ALTER TABLE `login_attempts`
  MODIFY `id` mediumint(8) UNSIGNED NOT NULL AUTO_INCREMENT, AUTO_INCREMENT=9512;

--
-- AUTO_INCREMENT de la tabla `pensum`
--
ALTER TABLE `pensum`
  MODIFY `id` int(11) NOT NULL AUTO_INCREMENT, AUTO_INCREMENT=110;

--
-- AUTO_INCREMENT de la tabla `produccion_intelectual`
--
ALTER TABLE `produccion_intelectual`
  MODIFY `id_produccion_intelectual` int(11) NOT NULL AUTO_INCREMENT, AUTO_INCREMENT=6;

--
-- AUTO_INCREMENT de la tabla `produccion_intelectual_tipo`
--
ALTER TABLE `produccion_intelectual_tipo`
  MODIFY `id_produccion_intelectual_tipo` int(11) NOT NULL AUTO_INCREMENT, AUTO_INCREMENT=6;

--
-- AUTO_INCREMENT de la tabla `titulo`
--
ALTER TABLE `titulo`
  MODIFY `id_titulo` int(11) NOT NULL AUTO_INCREMENT, AUTO_INCREMENT=9;

--
-- AUTO_INCREMENT de la tabla `universidad`
--
ALTER TABLE `universidad`
  MODIFY `id_universidad` int(11) NOT NULL AUTO_INCREMENT, AUTO_INCREMENT=74;

--
-- AUTO_INCREMENT de la tabla `users`
--
ALTER TABLE `users`
  MODIFY `id` int(11) UNSIGNED NOT NULL AUTO_INCREMENT, AUTO_INCREMENT=171;

--
-- AUTO_INCREMENT de la tabla `users_groups`
--
ALTER TABLE `users_groups`
  MODIFY `id` int(11) UNSIGNED NOT NULL AUTO_INCREMENT, AUTO_INCREMENT=173;

--
-- AUTO_INCREMENT de la tabla `vida_universitaria`
--
ALTER TABLE `vida_universitaria`
  MODIFY `id_vida_universitaria` int(11) NOT NULL AUTO_INCREMENT, AUTO_INCREMENT=3;

--
-- AUTO_INCREMENT de la tabla `vida_universitaria_tipo`
--
ALTER TABLE `vida_universitaria_tipo`
  MODIFY `id_vida_universitaria_tipo` int(11) NOT NULL AUTO_INCREMENT, AUTO_INCREMENT=7;

--
-- Restricciones para tablas volcadas
--

--
-- Filtros para la tabla `actividad_academica`
--
ALTER TABLE `actividad_academica`
  ADD CONSTRAINT `fk_actividad_academica_actividad_academica_tipo1` FOREIGN KEY (`id_actividad_academica_tipo`) REFERENCES `actividad_academica_tipo` (`id_actividad_academica_tipo`) ON DELETE NO ACTION ON UPDATE NO ACTION,
  ADD CONSTRAINT `fk_actividad_academica_docente1` FOREIGN KEY (`id_docente`) REFERENCES `docente` (`id_docente`) ON DELETE NO ACTION ON UPDATE NO ACTION;

--
-- Filtros para la tabla `asignacion`
--
ALTER TABLE `asignacion`
  ADD CONSTRAINT `fk_asignacion_asignatura1` FOREIGN KEY (`id_asignatura`) REFERENCES `asignatura` (`id_asignatura`) ON DELETE NO ACTION ON UPDATE NO ACTION,
  ADD CONSTRAINT `fk_asignacion_docente1` FOREIGN KEY (`id_docente`) REFERENCES `docente` (`id_docente`) ON DELETE NO ACTION ON UPDATE NO ACTION,
  ADD CONSTRAINT `fk_asignacion_gestion` FOREIGN KEY (`id_gestion`) REFERENCES `gestion` (`id_gestion`) ON DELETE NO ACTION ON UPDATE NO ACTION;

--
-- Filtros para la tabla `asignatura`
--
ALTER TABLE `asignatura`
  ADD CONSTRAINT `asignatura_fk` FOREIGN KEY (`pensum_id`) REFERENCES `pensum` (`id`) ON DELETE CASCADE ON UPDATE CASCADE;

--
-- Filtros para la tabla `curso`
--
ALTER TABLE `curso`
  ADD CONSTRAINT `fk_curso_curso_tipo1` FOREIGN KEY (`id_curso_tipo`) REFERENCES `curso_tipo` (`id_curso_tipo`) ON DELETE NO ACTION ON UPDATE NO ACTION,
  ADD CONSTRAINT `fk_curso_docente1` FOREIGN KEY (`id_docente`) REFERENCES `docente` (`id_docente`) ON DELETE NO ACTION ON UPDATE NO ACTION;

--
-- Filtros para la tabla `produccion_intelectual`
--
ALTER TABLE `produccion_intelectual`
  ADD CONSTRAINT `fk_produccion_intelectual_docente1` FOREIGN KEY (`id_docente`) REFERENCES `docente` (`id_docente`) ON DELETE NO ACTION ON UPDATE NO ACTION,
  ADD CONSTRAINT `fk_produccion_intelectual_produccion_intelectual_tipo1` FOREIGN KEY (`id_produccion_intelectual_tipo`) REFERENCES `produccion_intelectual_tipo` (`id_produccion_intelectual_tipo`) ON DELETE NO ACTION ON UPDATE NO ACTION;

--
-- Filtros para la tabla `titulo`
--
ALTER TABLE `titulo`
  ADD CONSTRAINT `fk_titulo_docente1` FOREIGN KEY (`id_docente`) REFERENCES `docente` (`id_docente`) ON DELETE NO ACTION ON UPDATE NO ACTION,
  ADD CONSTRAINT `titulo_ibfk_1` FOREIGN KEY (`id_grado_academico`) REFERENCES `grado_academico` (`id_grado_academico`) ON DELETE CASCADE ON UPDATE CASCADE,
  ADD CONSTRAINT `titulo_ibfk_2` FOREIGN KEY (`id_universidad`) REFERENCES `universidad` (`id_universidad`) ON DELETE CASCADE ON UPDATE CASCADE;

--
-- Filtros para la tabla `users_groups`
--
ALTER TABLE `users_groups`
  ADD CONSTRAINT `fk_users_groups_groups1` FOREIGN KEY (`group_id`) REFERENCES `groups` (`id`) ON DELETE CASCADE ON UPDATE NO ACTION,
  ADD CONSTRAINT `fk_users_groups_users1` FOREIGN KEY (`user_id`) REFERENCES `users` (`id`) ON DELETE CASCADE ON UPDATE NO ACTION;

--
-- Filtros para la tabla `vida_universitaria`
--
ALTER TABLE `vida_universitaria`
  ADD CONSTRAINT `fk_vida_universitaria_docente1` FOREIGN KEY (`id_docente`) REFERENCES `docente` (`id_docente`) ON DELETE NO ACTION ON UPDATE NO ACTION,
  ADD CONSTRAINT `fk_vida_universitaria_vida_universitaria_tipo1` FOREIGN KEY (`id_vida_universitaria_tipo`) REFERENCES `vida_universitaria_tipo` (`id_vida_universitaria_tipo`) ON DELETE NO ACTION ON UPDATE NO ACTION;
COMMIT;

/*!40101 SET CHARACTER_SET_CLIENT=@OLD_CHARACTER_SET_CLIENT */;
/*!40101 SET CHARACTER_SET_RESULTS=@OLD_CHARACTER_SET_RESULTS */;
/*!40101 SET COLLATION_CONNECTION=@OLD_COLLATION_CONNECTION */;
